batch_idx,batch_size,unique_annotators,total_annotators,collation_time_ms,collation_memory_peak_mb,forward_time_ms,forward_memory_peak_mb,forward_memory_current_mb,model_type,collator_type,config_name,dataset_total_annotators,dataset_avg_annotations_per_sample,dataset_size
0,32,141,183,1.733347773551941,64.98046875,1.2884270399808884,112.3994140625,111.1806640625,BASELINE_AGGREGATE,without_mapper,full,12913,5.715879011391012,134492
1,32,154,202,1.7432793974876404,65.171875,1.2793075293302536,112.3994140625,111.1806640625,BASELINE_AGGREGATE,without_mapper,full,12913,5.715879011391012,134492
2,32,124,182,1.7282739281654358,65.36328125,1.2779049575328827,112.3994140625,111.1806640625,BASELINE_AGGREGATE,without_mapper,full,12913,5.715879011391012,134492
3,32,137,190,2.0377393811941147,65.5546875,1.2959688901901245,112.3994140625,111.1806640625,BASELINE_AGGREGATE,without_mapper,full,12913,5.715879011391012,134492
4,32,100,162,1.7484147101640701,65.74609375,1.2829545885324478,112.3994140625,111.1806640625,BASELINE_AGGREGATE,without_mapper,full,12913,5.715879011391012,134492
5,32,140,178,1.7204079777002335,65.9375,1.2873485684394836,112.3994140625,111.1806640625,BASELINE_AGGREGATE,without_mapper,full,12913,5.715879011391012,134492
6,32,106,167,1.7339009791612625,66.12890625,1.2997183948755264,112.3994140625,111.1806640625,BASELINE_AGGREGATE,without_mapper,full,12913,5.715879011391012,134492
7,32,128,166,1.7214976251125336,66.3203125,1.273801550269127,112.3994140625,111.1806640625,BASELINE_AGGREGATE,without_mapper,full,12913,5.715879011391012,134492
8,32,170,213,1.7346050590276718,66.51171875,1.2843161821365356,112.3994140625,111.1806640625,BASELINE_AGGREGATE,without_mapper,full,12913,5.715879011391012,134492
9,32,134,190,1.7334092408418655,66.703125,1.38949416577816,112.3994140625,111.1806640625,BASELINE_AGGREGATE,without_mapper,full,12913,5.715879011391012,134492
10,32,122,159,1.7591733485460281,66.89453125,1.276882365345955,112.3994140625,111.1806640625,BASELINE_AGGREGATE,without_mapper,full,12913,5.715879011391012,134492
11,32,120,174,1.7311740666627884,67.0859375,1.284182071685791,112.3994140625,111.1806640625,BASELINE_AGGREGATE,without_mapper,full,12913,5.715879011391012,134492
12,32,119,174,1.738404855132103,67.27734375,1.2796055525541306,112.3994140625,111.1806640625,BASELINE_AGGREGATE,without_mapper,full,12913,5.715879011391012,134492
13,32,113,161,1.7232466489076614,67.46875,1.2832153588533401,112.3994140625,111.1806640625,BASELINE_AGGREGATE,without_mapper,full,12913,5.715879011391012,134492
14,32,148,196,2.03775055706501,67.66015625,1.2831240892410278,112.3994140625,111.1806640625,BASELINE_AGGREGATE,without_mapper,full,12913,5.715879011391012,134492
15,32,163,198,1.729881390929222,67.8515625,1.300118863582611,112.3994140625,111.1806640625,BASELINE_AGGREGATE,without_mapper,full,12913,5.715879011391012,134492
16,32,120,172,1.7220787703990936,68.04296875,1.2977514415979385,112.3994140625,111.1806640625,BASELINE_AGGREGATE,without_mapper,full,12913,5.715879011391012,134492
17,32,141,185,1.7163995653390884,68.234375,1.2723635882139206,112.3994140625,111.1806640625,BASELINE_AGGREGATE,without_mapper,full,12913,5.715879011391012,134492
18,32,119,173,1.725897192955017,68.42578125,1.2902040034532547,112.3994140625,111.1806640625,BASELINE_AGGREGATE,without_mapper,full,12913,5.715879011391012,134492
19,32,100,167,1.7206650227308273,68.6171875,1.2797527015209198,112.3994140625,111.1806640625,BASELINE_AGGREGATE,without_mapper,full,12913,5.715879011391012,134492
20,32,155,197,1.7283055931329727,68.80859375,1.2735165655612946,112.3994140625,111.1806640625,BASELINE_AGGREGATE,without_mapper,full,12913,5.715879011391012,134492
21,32,169,205,1.7327293753623962,69.0,1.2735575437545776,112.3994140625,111.1806640625,BASELINE_AGGREGATE,without_mapper,full,12913,5.715879011391012,134492
22,32,143,181,1.7083920538425446,69.19140625,1.3001151382923126,112.3994140625,111.1806640625,BASELINE_AGGREGATE,without_mapper,full,12913,5.715879011391012,134492
23,32,122,182,1.771552488207817,69.3828125,1.2727826833724976,112.3994140625,111.1806640625,BASELINE_AGGREGATE,without_mapper,full,12913,5.715879011391012,134492
24,32,122,183,2.0079053938388824,69.57421875,1.283440738916397,112.3994140625,111.1806640625,BASELINE_AGGREGATE,without_mapper,full,12913,5.715879011391012,134492
25,32,115,169,1.7072055488824844,69.765625,1.279052346944809,112.3994140625,111.1806640625,BASELINE_AGGREGATE,without_mapper,full,12913,5.715879011391012,134492
26,32,159,206,1.7205625772476196,69.95703125,1.29036046564579,112.3994140625,111.1806640625,BASELINE_AGGREGATE,without_mapper,full,12913,5.715879011391012,134492
27,32,119,176,1.711566001176834,70.1484375,1.3393666595220566,112.3994140625,111.1806640625,BASELINE_AGGREGATE,without_mapper,full,12913,5.715879011391012,134492
28,32,122,179,1.752348616719246,70.33984375,1.2709833681583405,112.3994140625,111.1806640625,BASELINE_AGGREGATE,without_mapper,full,12913,5.715879011391012,134492
29,32,136,193,1.7201080918312073,70.53125,1.2869946658611298,112.3994140625,111.1806640625,BASELINE_AGGREGATE,without_mapper,full,12913,5.715879011391012,134492
30,32,133,180,1.720767468214035,70.72265625,1.2825075536966324,112.3994140625,111.1806640625,BASELINE_AGGREGATE,without_mapper,full,12913,5.715879011391012,134492
31,32,153,187,1.7209667712450027,70.9140625,1.285102218389511,112.3994140625,111.1806640625,BASELINE_AGGREGATE,without_mapper,full,12913,5.715879011391012,134492
32,32,102,175,1.715129241347313,71.10546875,1.317651942372322,112.3994140625,111.1806640625,BASELINE_AGGREGATE,without_mapper,full,12913,5.715879011391012,134492
33,32,116,165,1.7243996262550354,71.296875,1.2798011302947998,112.3994140625,111.1806640625,BASELINE_AGGREGATE,without_mapper,full,12913,5.715879011391012,134492
34,32,155,195,1.7201602458953857,71.48828125,1.2781601399183273,112.3994140625,111.1806640625,BASELINE_AGGREGATE,without_mapper,full,12913,5.715879011391012,134492
35,32,117,183,2.01554037630558,71.6796875,1.2688729912042618,112.3994140625,111.1806640625,BASELINE_AGGREGATE,without_mapper,full,12913,5.715879011391012,134492
36,32,155,192,1.7127282917499542,71.87109375,1.2905541807413101,112.3994140625,111.1806640625,BASELINE_AGGREGATE,without_mapper,full,12913,5.715879011391012,134492
37,32,106,165,1.7179641872644424,72.0625,1.278311014175415,112.3994140625,111.1806640625,BASELINE_AGGREGATE,without_mapper,full,12913,5.715879011391012,134492
38,32,110,179,1.7150640487670898,72.25390625,1.2867338955402374,112.3994140625,111.1806640625,BASELINE_AGGREGATE,without_mapper,full,12913,5.715879011391012,134492
39,32,129,171,1.699548214673996,72.4453125,1.277076080441475,112.3994140625,111.1806640625,BASELINE_AGGREGATE,without_mapper,full,12913,5.715879011391012,134492
40,32,136,184,1.7134379595518112,72.63671875,1.2785159051418304,112.3994140625,111.1806640625,BASELINE_AGGREGATE,without_mapper,full,12913,5.715879011391012,134492
41,32,115,170,1.7018746584653854,72.828125,1.2748800218105316,112.3994140625,111.1806640625,BASELINE_AGGREGATE,without_mapper,full,12913,5.715879011391012,134492
42,32,126,173,1.718016341328621,73.01953125,1.299755647778511,112.3994140625,111.1806640625,BASELINE_AGGREGATE,without_mapper,full,12913,5.715879011391012,134492
43,32,104,166,1.7050541937351227,73.2109375,1.2851636856794357,112.3994140625,111.1806640625,BASELINE_AGGREGATE,without_mapper,full,12913,5.715879011391012,134492
44,32,140,181,1.7111320048570633,73.40234375,1.2892615050077438,112.3994140625,111.1806640625,BASELINE_AGGREGATE,without_mapper,full,12913,5.715879011391012,134492
45,32,136,182,1.9982941448688507,73.59375,1.4037154614925385,112.3994140625,111.1806640625,BASELINE_AGGREGATE,without_mapper,full,12913,5.715879011391012,134492
46,32,142,177,1.8749237060546875,73.78515625,1.2725554406642914,112.3994140625,111.1806640625,BASELINE_AGGREGATE,without_mapper,full,12913,5.715879011391012,134492
47,32,132,195,1.7595645040273666,73.9765625,1.3362448662519455,112.3994140625,111.1806640625,BASELINE_AGGREGATE,without_mapper,full,12913,5.715879011391012,134492
48,32,137,193,1.7379410564899445,74.16796875,1.280149444937706,112.3994140625,111.1806640625,BASELINE_AGGREGATE,without_mapper,full,12913,5.715879011391012,134492
49,32,155,191,1.72341987490654,74.359375,1.2825876474380493,112.3994140625,111.1806640625,BASELINE_AGGREGATE,without_mapper,full,12913,5.715879011391012,134492
50,32,111,175,1.7341822385787964,74.55078125,1.2705475091934204,112.3994140625,111.1806640625,BASELINE_AGGREGATE,without_mapper,full,12913,5.715879011391012,134492
51,32,105,160,1.7355438321828842,74.7421875,1.2792274355888367,112.3994140625,111.1806640625,BASELINE_AGGREGATE,without_mapper,full,12913,5.715879011391012,134492
52,32,117,184,1.7283689230680466,74.93359375,1.37367844581604,112.3994140625,111.1806640625,BASELINE_AGGREGATE,without_mapper,full,12913,5.715879011391012,134492
53,32,137,193,1.7220955342054367,75.125,1.2772772461175919,112.3994140625,111.1806640625,BASELINE_AGGREGATE,without_mapper,full,12913,5.715879011391012,134492
54,32,130,175,1.7428770661354065,75.31640625,1.2904684990644455,112.3994140625,111.1806640625,BASELINE_AGGREGATE,without_mapper,full,12913,5.715879011391012,134492
55,32,154,190,2.02738493680954,75.5078125,1.3188086450099945,112.3994140625,111.1806640625,BASELINE_AGGREGATE,without_mapper,full,12913,5.715879011391012,134492
56,32,163,201,1.7203688621520996,75.69921875,1.2801885604858398,112.3994140625,111.1806640625,BASELINE_AGGREGATE,without_mapper,full,12913,5.715879011391012,134492
57,32,151,184,1.7307233065366745,75.890625,1.285899430513382,112.3994140625,111.1806640625,BASELINE_AGGREGATE,without_mapper,full,12913,5.715879011391012,134492
58,32,102,160,1.7137471586465836,76.08203125,1.2909956276416779,112.3994140625,111.1806640625,BASELINE_AGGREGATE,without_mapper,full,12913,5.715879011391012,134492
59,32,119,170,1.7236247658729553,76.2734375,1.28147192299366,112.3994140625,111.1806640625,BASELINE_AGGREGATE,without_mapper,full,12913,5.715879011391012,134492
60,32,141,198,1.7243698239326477,76.46484375,1.2821368873119354,112.3994140625,111.1806640625,BASELINE_AGGREGATE,without_mapper,full,12913,5.715879011391012,134492
61,32,111,176,1.7120800912380219,76.65625,1.2841224670410156,112.3994140625,111.1806640625,BASELINE_AGGREGATE,without_mapper,full,12913,5.715879011391012,134492
62,32,142,189,1.7143823206424713,76.84765625,1.2915227562189102,112.3994140625,111.1806640625,BASELINE_AGGREGATE,without_mapper,full,12913,5.715879011391012,134492
63,32,105,166,1.7314236611127853,77.0390625,1.2782327830791473,112.3994140625,111.1806640625,BASELINE_AGGREGATE,without_mapper,full,12913,5.715879011391012,134492
64,32,152,185,1.7268192023038864,77.23046875,1.2735985219478607,112.3994140625,111.1806640625,BASELINE_AGGREGATE,without_mapper,full,12913,5.715879011391012,134492
65,32,131,168,1.7048120498657227,77.421875,1.2953747063875198,112.3994140625,111.1806640625,BASELINE_AGGREGATE,without_mapper,full,12913,5.715879011391012,134492
66,32,147,183,2.010352909564972,77.61328125,1.2914184480905533,112.3994140625,111.1806640625,BASELINE_AGGREGATE,without_mapper,full,12913,5.715879011391012,134492
67,32,138,186,1.711331307888031,77.8046875,1.2719407677650452,112.3994140625,111.1806640625,BASELINE_AGGREGATE,without_mapper,full,12913,5.715879011391012,134492
68,32,173,202,1.6997940838336945,77.99609375,1.296401023864746,112.3994140625,111.1806640625,BASELINE_AGGREGATE,without_mapper,full,12913,5.715879011391012,134492
69,32,122,173,1.7064381390810013,78.1875,1.29014253616333,112.3994140625,111.1806640625,BASELINE_AGGREGATE,without_mapper,full,12913,5.715879011391012,134492
70,32,168,211,1.7158202826976776,78.37890625,1.288173720240593,112.3994140625,111.1806640625,BASELINE_AGGREGATE,without_mapper,full,12913,5.715879011391012,134492
71,32,126,173,1.7160382121801376,78.5703125,1.2747980654239655,112.3994140625,111.1806640625,BASELINE_AGGREGATE,without_mapper,full,12913,5.715879011391012,134492
72,32,133,190,1.721661537885666,78.76171875,1.2779943645000458,112.3994140625,111.1806640625,BASELINE_AGGREGATE,without_mapper,full,12913,5.715879011391012,134492
73,32,188,221,1.7238650470972061,78.953125,1.2681446969509125,112.3994140625,111.1806640625,BASELINE_AGGREGATE,without_mapper,full,12913,5.715879011391012,134492
74,32,148,173,1.722637563943863,79.14453125,1.2888424098491669,112.3994140625,111.1806640625,BASELINE_AGGREGATE,without_mapper,full,12913,5.715879011391012,134492
75,32,160,204,1.7154254019260406,79.3359375,1.3531036674976349,112.3994140625,111.1806640625,BASELINE_AGGREGATE,without_mapper,full,12913,5.715879011391012,134492
76,32,114,187,2.0426176488399506,79.52734375,1.2874826788902283,112.3994140625,111.1806640625,BASELINE_AGGREGATE,without_mapper,full,12913,5.715879011391012,134492
77,32,142,197,1.7261579632759094,79.71875,1.277640461921692,112.3994140625,111.1806640625,BASELINE_AGGREGATE,without_mapper,full,12913,5.715879011391012,134492
78,32,142,187,1.7253924161195755,79.91015625,1.2860186398029327,112.3994140625,111.1806640625,BASELINE_AGGREGATE,without_mapper,full,12913,5.715879011391012,134492
79,32,150,192,1.7159581184387207,80.1015625,1.2830328196287155,112.3994140625,111.1806640625,BASELINE_AGGREGATE,without_mapper,full,12913,5.715879011391012,134492
80,32,147,177,1.7221607267856598,80.29296875,1.2892130762338638,112.3994140625,111.1806640625,BASELINE_AGGREGATE,without_mapper,full,12913,5.715879011391012,134492
81,32,111,162,1.711258664727211,80.484375,1.5945713967084885,112.3994140625,111.1806640625,BASELINE_AGGREGATE,without_mapper,full,12913,5.715879011391012,134492
82,32,151,184,1.7411783337593079,80.67578125,1.292923465371132,112.3994140625,111.1806640625,BASELINE_AGGREGATE,without_mapper,full,12913,5.715879011391012,134492
83,32,134,190,1.714847981929779,80.8671875,1.2853164225816727,112.3994140625,111.1806640625,BASELINE_AGGREGATE,without_mapper,full,12913,5.715879011391012,134492
84,32,163,192,1.7177760601043701,81.05859375,1.313021406531334,112.3994140625,111.1806640625,BASELINE_AGGREGATE,without_mapper,full,12913,5.715879011391012,134492
85,32,146,203,1.7606951296329498,81.25,1.2862514704465866,112.3994140625,111.1806640625,BASELINE_AGGREGATE,without_mapper,full,12913,5.715879011391012,134492
86,32,95,164,1.719614490866661,81.44140625,1.3011712580919266,112.3994140625,111.1806640625,BASELINE_AGGREGATE,without_mapper,full,12913,5.715879011391012,134492
87,32,126,171,2.005167305469513,81.6328125,1.2770537286996841,112.3994140625,111.1806640625,BASELINE_AGGREGATE,without_mapper,full,12913,5.715879011391012,134492
88,32,113,169,1.7180684953927994,81.82421875,1.3031605631113052,112.3994140625,111.1806640625,BASELINE_AGGREGATE,without_mapper,full,12913,5.715879011391012,134492
89,32,118,189,1.7273183912038803,82.015625,1.3124626129865646,112.3994140625,111.1806640625,BASELINE_AGGREGATE,without_mapper,full,12913,5.715879011391012,134492
90,32,173,212,1.7162654548883438,82.20703125,1.2897048145532608,112.3994140625,111.1806640625,BASELINE_AGGREGATE,without_mapper,full,12913,5.715879011391012,134492
91,32,132,187,1.719944179058075,82.3984375,1.2726467102766037,112.3994140625,111.1806640625,BASELINE_AGGREGATE,without_mapper,full,12913,5.715879011391012,134492
92,32,110,162,1.7400402575731277,82.58984375,1.2753866612911224,112.3994140625,111.1806640625,BASELINE_AGGREGATE,without_mapper,full,12913,5.715879011391012,134492
93,32,133,180,1.7275847494602203,82.78125,1.2943651527166367,112.3994140625,111.1806640625,BASELINE_AGGREGATE,without_mapper,full,12913,5.715879011391012,134492
94,32,135,189,1.7275866121053696,82.97265625,1.2897048145532608,112.3994140625,111.1806640625,BASELINE_AGGREGATE,without_mapper,full,12913,5.715879011391012,134492
95,32,108,163,1.758083701133728,83.1640625,1.274067908525467,112.3994140625,111.1806640625,BASELINE_AGGREGATE,without_mapper,full,12913,5.715879011391012,134492
96,32,101,169,1.7227735370397568,83.35546875,1.3874806463718414,112.3994140625,111.1806640625,BASELINE_AGGREGATE,without_mapper,full,12913,5.715879011391012,134492
97,32,115,178,2.016240730881691,83.546875,1.3188943266868591,112.3994140625,111.1806640625,BASELINE_AGGREGATE,without_mapper,full,12913,5.715879011391012,134492
98,32,134,184,1.711323857307434,83.73828125,1.2904349714517593,112.3994140625,111.1806640625,BASELINE_AGGREGATE,without_mapper,full,12913,5.715879011391012,134492
99,32,130,179,1.7167944461107254,83.9296875,1.2697428464889526,112.3994140625,111.1806640625,BASELINE_AGGREGATE,without_mapper,full,12913,5.715879011391012,134492
100,32,187,219,1.7209965735673904,84.12109375,1.2882668524980545,112.3994140625,111.1806640625,BASELINE_AGGREGATE,without_mapper,full,12913,5.715879011391012,134492
101,32,103,181,1.844620332121849,84.3125,1.3629980385303497,112.3994140625,111.1806640625,BASELINE_AGGREGATE,without_mapper,full,12913,5.715879011391012,134492
102,32,107,177,1.7435643821954727,84.50390625,1.288142055273056,112.3994140625,111.1806640625,BASELINE_AGGREGATE,without_mapper,full,12913,5.715879011391012,134492
103,32,105,168,1.743558794260025,84.6953125,1.2881923466920853,112.3994140625,111.1806640625,BASELINE_AGGREGATE,without_mapper,full,12913,5.715879011391012,134492
104,32,139,184,1.7278995364904404,84.88671875,1.3011172413825989,112.3994140625,111.1806640625,BASELINE_AGGREGATE,without_mapper,full,12913,5.715879011391012,134492
105,32,93,162,1.7327889800071716,85.078125,1.2952275574207306,112.3994140625,111.1806640625,BASELINE_AGGREGATE,without_mapper,full,12913,5.715879011391012,134492
106,32,138,188,1.7646849155426025,85.26953125,1.2973304837942123,112.3994140625,111.1806640625,BASELINE_AGGREGATE,without_mapper,full,12913,5.715879011391012,134492
107,32,109,176,1.7574280500411987,85.4609375,1.3518501073122025,112.3994140625,111.1806640625,BASELINE_AGGREGATE,without_mapper,full,12913,5.715879011391012,134492
108,32,107,164,2.040451392531395,85.65234375,1.2956690043210983,112.3994140625,111.1806640625,BASELINE_AGGREGATE,without_mapper,full,12913,5.715879011391012,134492
109,32,127,173,1.7285309731960297,85.84375,1.2721884995698929,112.3994140625,111.1806640625,BASELINE_AGGREGATE,without_mapper,full,12913,5.715879011391012,134492
110,32,139,183,1.7202142626047134,86.03515625,1.3676248490810394,112.3994140625,111.1806640625,BASELINE_AGGREGATE,without_mapper,full,12913,5.715879011391012,134492
111,32,156,201,1.7220638692378998,86.2265625,1.293303444981575,112.3994140625,111.1806640625,BASELINE_AGGREGATE,without_mapper,full,12913,5.715879011391012,134492
112,32,170,208,1.7286892980337143,86.41796875,1.3296883553266525,112.3994140625,111.1806640625,BASELINE_AGGREGATE,without_mapper,full,12913,5.715879011391012,134492
113,32,156,185,1.7297696322202682,86.609375,1.27401202917099,112.3994140625,111.1806640625,BASELINE_AGGREGATE,without_mapper,full,12913,5.715879011391012,134492
114,32,126,171,1.73158198595047,86.80078125,1.2740548700094223,112.3994140625,111.1806640625,BASELINE_AGGREGATE,without_mapper,full,12913,5.715879011391012,134492
115,32,122,177,1.7269961535930634,86.9921875,1.2958291918039322,112.3994140625,111.1806640625,BASELINE_AGGREGATE,without_mapper,full,12913,5.715879011391012,134492
116,32,134,181,1.728929579257965,87.18359375,1.2765880674123764,112.3994140625,111.1806640625,BASELINE_AGGREGATE,without_mapper,full,12913,5.715879011391012,134492
117,32,97,171,1.7246566712856293,87.375,1.3652760535478592,112.3994140625,111.1806640625,BASELINE_AGGREGATE,without_mapper,full,12913,5.715879011391012,134492
118,32,139,173,2.02234648168087,87.56640625,1.2766104191541672,112.3994140625,111.1806640625,BASELINE_AGGREGATE,without_mapper,full,12913,5.715879011391012,134492
119,32,141,187,1.7165224999189377,87.7578125,1.2724753469228745,112.3994140625,111.1806640625,BASELINE_AGGREGATE,without_mapper,full,12913,5.715879011391012,134492
120,32,113,170,1.7283279448747635,87.94921875,1.2939795851707458,112.3994140625,111.1806640625,BASELINE_AGGREGATE,without_mapper,full,12913,5.715879011391012,134492
121,32,140,191,1.7155613750219345,88.140625,1.2784916907548904,112.3994140625,111.1806640625,BASELINE_AGGREGATE,without_mapper,full,12913,5.715879011391012,134492
122,32,135,183,1.7313621938228607,88.33203125,1.3021863996982574,112.3994140625,111.1806640625,BASELINE_AGGREGATE,without_mapper,full,12913,5.715879011391012,134492
123,32,149,209,1.7198659479618073,88.5234375,1.2812372297048569,112.3994140625,111.1806640625,BASELINE_AGGREGATE,without_mapper,full,12913,5.715879011391012,134492
124,32,147,191,1.7325486987829208,88.71484375,1.2901779264211655,112.3994140625,111.1806640625,BASELINE_AGGREGATE,without_mapper,full,12913,5.715879011391012,134492
125,32,98,169,1.7274171113967896,88.90625,1.2797266244888306,112.3994140625,111.1806640625,BASELINE_AGGREGATE,without_mapper,full,12913,5.715879011391012,134492
126,32,131,167,1.7265807837247849,89.09765625,1.3609211891889572,112.3994140625,111.1806640625,BASELINE_AGGREGATE,without_mapper,full,12913,5.715879011391012,134492
127,32,141,183,1.7194245010614395,89.2890625,1.2747999280691147,112.3994140625,111.1806640625,BASELINE_AGGREGATE,without_mapper,full,12913,5.715879011391012,134492
128,32,153,197,1.7304085195064545,89.48046875,1.2899525463581085,112.3994140625,111.1806640625,BASELINE_AGGREGATE,without_mapper,full,12913,5.715879011391012,134492
129,32,155,200,2.2121649235486984,89.671875,1.2942980974912643,112.3994140625,111.1806640625,BASELINE_AGGREGATE,without_mapper,full,12913,5.715879011391012,134492
130,32,160,198,1.7252657562494278,89.86328125,1.4406517148017883,112.3994140625,111.1806640625,BASELINE_AGGREGATE,without_mapper,full,12913,5.715879011391012,134492
131,32,147,198,1.7249900847673416,90.0546875,1.277269795536995,112.3994140625,111.1806640625,BASELINE_AGGREGATE,without_mapper,full,12913,5.715879011391012,134492
132,32,165,219,1.720476895570755,90.24609375,1.279890537261963,112.3994140625,111.1806640625,BASELINE_AGGREGATE,without_mapper,full,12913,5.715879011391012,134492
133,32,123,184,1.7169341444969177,90.4375,1.2785904109477997,112.3994140625,111.1806640625,BASELINE_AGGREGATE,without_mapper,full,12913,5.715879011391012,134492
134,32,164,182,1.7151683568954468,90.62890625,1.2823902070522308,112.3994140625,111.1806640625,BASELINE_AGGREGATE,without_mapper,full,12913,5.715879011391012,134492
135,32,155,201,1.7372705042362213,90.8203125,1.341056078672409,112.3994140625,111.1806640625,BASELINE_AGGREGATE,without_mapper,full,12913,5.715879011391012,134492
136,32,123,179,1.7312448471784592,91.01171875,1.2751631438732147,112.3994140625,111.1806640625,BASELINE_AGGREGATE,without_mapper,full,12913,5.715879011391012,134492
137,32,158,198,1.7146766185760498,91.203125,1.3594161719083786,112.3994140625,111.1806640625,BASELINE_AGGREGATE,without_mapper,full,12913,5.715879011391012,134492
138,32,162,203,1.717669889330864,91.39453125,1.2877937406301498,112.3994140625,111.1806640625,BASELINE_AGGREGATE,without_mapper,full,12913,5.715879011391012,134492
139,32,134,192,2.0092129707336426,91.5859375,1.2759920209646225,112.3994140625,111.1806640625,BASELINE_AGGREGATE,without_mapper,full,12913,5.715879011391012,134492
140,32,115,160,1.7171408981084824,91.77734375,1.2927483767271042,112.3994140625,111.1806640625,BASELINE_AGGREGATE,without_mapper,full,12913,5.715879011391012,134492
141,32,146,188,1.7112139612436295,91.96875,1.3131480664014816,112.3994140625,111.1806640625,BASELINE_AGGREGATE,without_mapper,full,12913,5.715879011391012,134492
142,32,120,177,1.7515085637569427,92.16015625,1.2797806411981583,112.3994140625,111.1806640625,BASELINE_AGGREGATE,without_mapper,full,12913,5.715879011391012,134492
143,32,99,163,1.70915387570858,92.3515625,1.2718159705400467,112.3994140625,111.1806640625,BASELINE_AGGREGATE,without_mapper,full,12913,5.715879011391012,134492
144,32,144,189,1.7005782574415207,92.54296875,1.2855678796768188,112.3994140625,111.1806640625,BASELINE_AGGREGATE,without_mapper,full,12913,5.715879011391012,134492
145,32,115,181,1.7084237188100815,92.734375,1.2724362313747406,112.3994140625,111.1806640625,BASELINE_AGGREGATE,without_mapper,full,12913,5.715879011391012,134492
146,32,132,181,1.7158649861812592,92.92578125,1.323305070400238,112.3994140625,111.1806640625,BASELINE_AGGREGATE,without_mapper,full,12913,5.715879011391012,134492
147,32,106,165,1.7106570303440094,93.1171875,1.2858342379331589,112.3994140625,111.1806640625,BASELINE_AGGREGATE,without_mapper,full,12913,5.715879011391012,134492
148,32,103,171,1.7108339816331863,93.30859375,1.2939758598804474,112.3994140625,111.1806640625,BASELINE_AGGREGATE,without_mapper,full,12913,5.715879011391012,134492
149,32,133,182,1.7164424061775208,93.5,1.2738890945911407,112.3994140625,111.1806640625,BASELINE_AGGREGATE,without_mapper,full,12913,5.715879011391012,134492
150,32,100,171,1.9948463886976242,93.69140625,1.2717880308628082,112.3994140625,111.1806640625,BASELINE_AGGREGATE,without_mapper,full,12913,5.715879011391012,134492
151,32,146,182,1.7113666981458664,93.8828125,1.3600010424852371,112.3994140625,111.1806640625,BASELINE_AGGREGATE,without_mapper,full,12913,5.715879011391012,134492
152,32,161,202,1.7185267060995102,94.07421875,1.2885797768831253,112.3994140625,111.1806640625,BASELINE_AGGREGATE,without_mapper,full,12913,5.715879011391012,134492
153,32,135,201,1.7041191458702087,94.265625,1.2803934514522552,112.3994140625,111.1806640625,BASELINE_AGGREGATE,without_mapper,full,12913,5.715879011391012,134492
154,32,134,180,1.7058812081813812,94.45703125,1.2895073741674423,112.3994140625,111.1806640625,BASELINE_AGGREGATE,without_mapper,full,12913,5.715879011391012,134492
155,32,179,198,1.705968752503395,94.6484375,1.2842696160078049,112.3994140625,111.1806640625,BASELINE_AGGREGATE,without_mapper,full,12913,5.715879011391012,134492
156,32,128,180,1.7088353633880615,94.83984375,1.370975747704506,112.3994140625,111.1806640625,BASELINE_AGGREGATE,without_mapper,full,12913,5.715879011391012,134492
157,32,132,184,1.6953200101852417,95.03125,1.2727398425340652,112.3994140625,111.1806640625,BASELINE_AGGREGATE,without_mapper,full,12913,5.715879011391012,134492
158,32,155,193,1.765284687280655,95.22265625,1.2821778655052185,112.3994140625,111.1806640625,BASELINE_AGGREGATE,without_mapper,full,12913,5.715879011391012,134492
159,32,152,193,1.7094742506742477,95.4140625,1.268940046429634,112.3994140625,111.1806640625,BASELINE_AGGREGATE,without_mapper,full,12913,5.715879011391012,134492
160,32,133,172,2.0121168345212936,95.60546875,1.2953821569681168,112.3994140625,111.1806640625,BASELINE_AGGREGATE,without_mapper,full,12913,5.715879011391012,134492
161,32,153,192,1.7174463719129562,95.796875,1.296553760766983,112.3994140625,111.1806640625,BASELINE_AGGREGATE,without_mapper,full,12913,5.715879011391012,134492
162,32,113,173,1.709410920739174,95.98828125,1.2824591249227524,112.3994140625,111.1806640625,BASELINE_AGGREGATE,without_mapper,full,12913,5.715879011391012,134492
163,32,125,182,1.6974061727523804,96.1796875,1.2736320495605469,112.3994140625,111.1806640625,BASELINE_AGGREGATE,without_mapper,full,12913,5.715879011391012,134492
164,32,122,171,1.7163772135972977,96.37109375,1.28156878054142,112.3994140625,111.1806640625,BASELINE_AGGREGATE,without_mapper,full,12913,5.715879011391012,134492
165,32,163,188,1.7096567898988724,96.5625,1.309351995587349,112.3994140625,111.1806640625,BASELINE_AGGREGATE,without_mapper,full,12913,5.715879011391012,134492
166,32,133,187,1.702684909105301,96.75390625,1.2991409748792648,112.3994140625,111.1806640625,BASELINE_AGGREGATE,without_mapper,full,12913,5.715879011391012,134492
167,32,135,184,1.7100591212511063,96.9453125,1.2838654220104218,112.3994140625,111.1806640625,BASELINE_AGGREGATE,without_mapper,full,12913,5.715879011391012,134492
168,32,152,182,1.7164871096611023,97.13671875,1.275414600968361,112.3994140625,111.1806640625,BASELINE_AGGREGATE,without_mapper,full,12913,5.715879011391012,134492
169,32,134,184,1.6994625329971313,97.328125,1.3280399143695831,112.3994140625,111.1806640625,BASELINE_AGGREGATE,without_mapper,full,12913,5.715879011391012,134492
170,32,141,194,2.000747248530388,97.51953125,1.3009123504161835,112.3994140625,111.1806640625,BASELINE_AGGREGATE,without_mapper,full,12913,5.715879011391012,134492
171,32,143,195,1.7848201096057892,97.7109375,1.280335709452629,112.3994140625,111.1806640625,BASELINE_AGGREGATE,without_mapper,full,12913,5.715879011391012,134492
172,32,132,186,1.8641073256731033,97.90234375,1.2811627238988876,112.3994140625,111.1806640625,BASELINE_AGGREGATE,without_mapper,full,12913,5.715879011391012,134492
173,32,134,182,1.8019955605268478,98.09375,1.2963321059942245,112.3994140625,111.1806640625,BASELINE_AGGREGATE,without_mapper,full,12913,5.715879011391012,134492
174,32,126,182,1.8882211297750473,98.28515625,1.2856684625148773,112.3994140625,111.1806640625,BASELINE_AGGREGATE,without_mapper,full,12913,5.715879011391012,134492
175,32,142,193,1.9276700913906097,98.4765625,1.2822318822145462,112.3994140625,111.1806640625,BASELINE_AGGREGATE,without_mapper,full,12913,5.715879011391012,134492
176,32,117,174,1.7000138759613037,98.66796875,1.2752953916788101,112.3994140625,111.1806640625,BASELINE_AGGREGATE,without_mapper,full,12913,5.715879011391012,134492
177,32,157,208,1.7302744090557098,98.859375,1.289423555135727,112.3994140625,111.1806640625,BASELINE_AGGREGATE,without_mapper,full,12913,5.715879011391012,134492
178,32,126,186,1.698467880487442,99.05078125,1.2853816151618958,112.3994140625,111.1806640625,BASELINE_AGGREGATE,without_mapper,full,12913,5.715879011391012,134492
179,32,110,171,1.7002671957015991,99.2421875,1.2798774987459183,112.3994140625,111.1806640625,BASELINE_AGGREGATE,without_mapper,full,12913,5.715879011391012,134492
180,32,113,167,1.7145834863185883,99.43359375,1.2799743562936783,112.3994140625,111.1806640625,BASELINE_AGGREGATE,without_mapper,full,12913,5.715879011391012,134492
181,32,126,185,2.0155683159828186,99.625,1.2734420597553253,112.3994140625,111.1806640625,BASELINE_AGGREGATE,without_mapper,full,12913,5.715879011391012,134492
182,32,130,189,1.7084553837776184,99.81640625,1.2918934226036072,112.3994140625,111.1806640625,BASELINE_AGGREGATE,without_mapper,full,12913,5.715879011391012,134492
183,32,103,176,1.7038937658071518,100.0078125,1.2717843055725098,112.3994140625,111.1806640625,BASELINE_AGGREGATE,without_mapper,full,12913,5.715879011391012,134492
184,32,125,175,1.7092265188694,100.19921875,1.273205503821373,112.3994140625,111.1806640625,BASELINE_AGGREGATE,without_mapper,full,12913,5.715879011391012,134492
185,32,117,180,1.7106104642152786,100.390625,1.2735072523355484,112.3994140625,111.1806640625,BASELINE_AGGREGATE,without_mapper,full,12913,5.715879011391012,134492
186,32,114,169,1.7054993659257889,100.58203125,1.2788325548171997,112.3994140625,111.1806640625,BASELINE_AGGREGATE,without_mapper,full,12913,5.715879011391012,134492
187,32,94,160,1.7126575112342834,100.7734375,1.285674050450325,112.3994140625,111.1806640625,BASELINE_AGGREGATE,without_mapper,full,12913,5.715879011391012,134492
188,32,125,180,1.7051231116056442,100.96484375,1.278592273592949,112.3994140625,111.1806640625,BASELINE_AGGREGATE,without_mapper,full,12913,5.715879011391012,134492
189,32,126,174,1.7483476549386978,101.15625,1.351507380604744,112.3994140625,111.1806640625,BASELINE_AGGREGATE,without_mapper,full,12913,5.715879011391012,134492
190,32,122,179,1.6890577971935272,101.34765625,1.2681037187576294,112.3994140625,111.1806640625,BASELINE_AGGREGATE,without_mapper,full,12913,5.715879011391012,134492
191,32,108,167,2.00783833861351,101.5390625,1.2854915112257004,112.3994140625,111.1806640625,BASELINE_AGGREGATE,without_mapper,full,12913,5.715879011391012,134492
192,32,138,186,1.7041917890310287,101.73046875,1.2670159339904785,112.3994140625,111.1806640625,BASELINE_AGGREGATE,without_mapper,full,12913,5.715879011391012,134492
193,32,112,176,1.7126165330410004,101.921875,1.2772530317306519,112.3994140625,111.1806640625,BASELINE_AGGREGATE,without_mapper,full,12913,5.715879011391012,134492
194,32,143,183,1.7337407916784286,102.11328125,1.2834612280130386,112.3994140625,111.1806640625,BASELINE_AGGREGATE,without_mapper,full,12913,5.715879011391012,134492
195,32,146,197,1.700492575764656,102.3046875,1.2875497341156006,112.3994140625,111.1806640625,BASELINE_AGGREGATE,without_mapper,full,12913,5.715879011391012,134492
196,32,125,182,1.7000678926706314,102.49609375,1.2921635061502457,112.3994140625,111.1806640625,BASELINE_AGGREGATE,without_mapper,full,12913,5.715879011391012,134492
197,32,110,161,1.7334576696157455,102.6875,1.285230740904808,112.3994140625,111.1806640625,BASELINE_AGGREGATE,without_mapper,full,12913,5.715879011391012,134492
198,32,122,184,1.6963519155979156,102.87890625,1.2843087315559387,112.3994140625,111.1806640625,BASELINE_AGGREGATE,without_mapper,full,12913,5.715879011391012,134492
199,32,149,190,1.8396880477666855,103.0703125,1.282045617699623,112.3994140625,111.1806640625,BASELINE_AGGREGATE,without_mapper,full,12913,5.715879011391012,134492
0,32,141,183,3.8428008556365967,98.53515625,2.285873517394066,138.9365234375,137.716796875,INDIVIDUAL_ANNOTATOR,with_mapper,full,12913,5.715879011391012,134492
1,32,154,202,3.881201148033142,98.73193359375,2.222025766968727,138.93603515625,137.71728515625,INDIVIDUAL_ANNOTATOR,with_mapper,full,12913,5.715879011391012,134492
2,32,124,182,4.12919744849205,98.92919921875,2.2043492645025253,138.935546875,137.716796875,INDIVIDUAL_ANNOTATOR,with_mapper,full,12913,5.715879011391012,134492
3,32,137,190,3.9209313690662384,99.1259765625,2.212202176451683,138.9365234375,137.71875,INDIVIDUAL_ANNOTATOR,with_mapper,full,12913,5.715879011391012,134492
4,32,100,162,3.8762371987104416,99.32373046875,2.224525436758995,138.9365234375,137.71484375,INDIVIDUAL_ANNOTATOR,with_mapper,full,12913,5.715879011391012,134492
5,32,140,178,3.837116062641144,99.5185546875,2.2141151130199432,138.93359375,137.7158203125,INDIVIDUAL_ANNOTATOR,with_mapper,full,12913,5.715879011391012,134492
6,32,106,167,3.818618133664131,99.71435546875,2.229703590273857,138.9345703125,137.7158203125,INDIVIDUAL_ANNOTATOR,with_mapper,full,12913,5.715879011391012,134492
7,32,128,166,3.8249287754297256,99.91015625,2.369508147239685,138.9345703125,137.7158203125,INDIVIDUAL_ANNOTATOR,with_mapper,full,12913,5.715879011391012,134492
8,32,170,213,3.8765426725149155,100.10595703125,2.216041088104248,138.93603515625,137.71923828125,INDIVIDUAL_ANNOTATOR,with_mapper,full,12913,5.715879011391012,134492
9,32,134,190,3.8303192704916,100.30419921875,2.2107306867837906,138.9375,137.71875,INDIVIDUAL_ANNOTATOR,with_mapper,full,12913,5.715879011391012,134492
10,32,122,159,3.822481259703636,100.501953125,2.2117961198091507,138.9365234375,137.71484375,INDIVIDUAL_ANNOTATOR,with_mapper,full,12913,5.715879011391012,134492
11,32,120,174,3.8237180560827255,100.69677734375,2.1900106221437454,138.93359375,137.7158203125,INDIVIDUAL_ANNOTATOR,with_mapper,full,12913,5.715879011391012,134492
12,32,119,174,4.093928262591362,100.892578125,2.2176560014486313,138.9345703125,137.7158203125,INDIVIDUAL_ANNOTATOR,with_mapper,full,12913,5.715879011391012,134492
13,32,113,161,3.778299316763878,101.08837890625,2.219937741756439,138.9345703125,137.71484375,INDIVIDUAL_ANNOTATOR,with_mapper,full,12913,5.715879011391012,134492
14,32,148,196,3.8296692073345184,101.283203125,2.219017595052719,138.93505859375,137.71923828125,INDIVIDUAL_ANNOTATOR,with_mapper,full,12913,5.715879011391012,134492
15,32,163,198,3.8529429584741592,101.4814453125,2.4124979972839355,138.93798828125,137.71923828125,INDIVIDUAL_ANNOTATOR,with_mapper,full,12913,5.715879011391012,134492
16,32,120,172,3.8160420954227448,101.6796875,2.7209240943193436,138.9365234375,137.7158203125,INDIVIDUAL_ANNOTATOR,with_mapper,full,12913,5.715879011391012,134492
17,32,141,185,3.845352679491043,101.87548828125,2.2122804075479507,138.935546875,137.71875,INDIVIDUAL_ANNOTATOR,with_mapper,full,12913,5.715879011391012,134492
18,32,119,173,3.832343965768814,102.0732421875,2.2043604403734207,138.9365234375,137.7158203125,INDIVIDUAL_ANNOTATOR,with_mapper,full,12913,5.715879011391012,134492
19,32,100,167,3.7833843380212784,102.26904296875,2.2547245025634766,138.9345703125,137.7158203125,INDIVIDUAL_ANNOTATOR,with_mapper,full,12913,5.715879011391012,134492
20,32,155,197,3.839978948235512,102.46484375,2.695256844162941,138.93603515625,137.71923828125,INDIVIDUAL_ANNOTATOR,with_mapper,full,12913,5.715879011391012,134492
21,32,169,205,3.880910575389862,102.6630859375,2.2433046251535416,138.93798828125,137.71923828125,INDIVIDUAL_ANNOTATOR,with_mapper,full,12913,5.715879011391012,134492
22,32,143,181,4.097800701856613,102.861328125,2.20470130443573,138.9375,137.71875,INDIVIDUAL_ANNOTATOR,with_mapper,full,12913,5.715879011391012,134492
23,32,122,182,3.836093470454216,103.05908203125,2.2191721946001053,138.9375,137.7197265625,INDIVIDUAL_ANNOTATOR,with_mapper,full,12913,5.715879011391012,134492
24,32,122,183,3.8265828043222427,103.2578125,2.2281743586063385,138.9384765625,137.71875,INDIVIDUAL_ANNOTATOR,with_mapper,full,12913,5.715879011391012,134492
25,32,115,169,3.7946440279483795,103.45556640625,2.2074617445468903,138.9365234375,137.7158203125,INDIVIDUAL_ANNOTATOR,with_mapper,full,12913,5.715879011391012,134492
26,32,159,206,3.8365814834833145,103.6513671875,2.213088795542717,138.93603515625,137.71923828125,INDIVIDUAL_ANNOTATOR,with_mapper,full,12913,5.715879011391012,134492
27,32,119,176,3.8149282336235046,103.849609375,2.246631309390068,138.9365234375,137.716796875,INDIVIDUAL_ANNOTATOR,with_mapper,full,12913,5.715879011391012,134492
28,32,122,179,3.79251129925251,104.04638671875,2.2230837494134903,138.9365234375,137.71875,INDIVIDUAL_ANNOTATOR,with_mapper,full,12913,5.715879011391012,134492
29,32,136,193,3.8302261382341385,104.244140625,2.224227413535118,138.93701171875,137.71728515625,INDIVIDUAL_ANNOTATOR,with_mapper,full,12913,5.715879011391012,134492
30,32,133,180,3.816019743680954,104.44140625,2.2092238068580627,138.935546875,137.716796875,INDIVIDUAL_ANNOTATOR,with_mapper,full,12913,5.715879011391012,134492
31,32,153,187,4.090648144483566,104.63818359375,2.2221002727746964,138.935546875,137.716796875,INDIVIDUAL_ANNOTATOR,with_mapper,full,12913,5.715879011391012,134492
32,32,102,175,3.8060899823904037,104.8349609375,2.2164173424243927,138.935546875,137.7158203125,INDIVIDUAL_ANNOTATOR,with_mapper,full,12913,5.715879011391012,134492
33,32,116,165,4.085171967744827,105.03076171875,2.2165048867464066,138.9345703125,137.7158203125,INDIVIDUAL_ANNOTATOR,with_mapper,full,12913,5.715879011391012,134492
34,32,155,195,3.859385848045349,105.2265625,2.224082127213478,138.93603515625,137.71923828125,INDIVIDUAL_ANNOTATOR,with_mapper,full,12913,5.715879011391012,134492
35,32,117,183,3.839990124106407,105.4248046875,2.2152531892061234,138.9375,137.71875,INDIVIDUAL_ANNOTATOR,with_mapper,full,12913,5.715879011391012,134492
36,32,155,192,3.864593803882599,105.62255859375,2.2207610309123993,138.9375,137.71875,INDIVIDUAL_ANNOTATOR,with_mapper,full,12913,5.715879011391012,134492
37,32,106,165,3.8820188492536545,105.8203125,2.2091232240200043,138.9365234375,137.7158203125,INDIVIDUAL_ANNOTATOR,with_mapper,full,12913,5.715879011391012,134492
38,32,110,179,3.805616870522499,106.01611328125,2.201410010457039,138.935546875,137.71875,INDIVIDUAL_ANNOTATOR,with_mapper,full,12913,5.715879011391012,134492
39,32,129,171,3.8184430450201035,106.2138671875,2.2348016500473022,138.9365234375,137.7158203125,INDIVIDUAL_ANNOTATOR,with_mapper,full,12913,5.715879011391012,134492
40,32,136,184,3.8302764296531677,106.40966796875,2.209838479757309,138.935546875,137.71875,INDIVIDUAL_ANNOTATOR,with_mapper,full,12913,5.715879011391012,134492
41,32,115,170,4.023883491754532,106.607421875,2.2757556289434433,138.9365234375,137.7158203125,INDIVIDUAL_ANNOTATOR,with_mapper,full,12913,5.715879011391012,134492
42,32,126,173,3.8374438881874084,106.80322265625,2.2517889738082886,138.9345703125,137.716796875,INDIVIDUAL_ANNOTATOR,with_mapper,full,12913,5.715879011391012,134492
43,32,104,166,4.080185666680336,107.0,2.224298194050789,138.935546875,137.7158203125,INDIVIDUAL_ANNOTATOR,with_mapper,full,12913,5.715879011391012,134492
44,32,140,181,3.83763387799263,107.19580078125,2.2048167884349823,138.935546875,137.71875,INDIVIDUAL_ANNOTATOR,with_mapper,full,12913,5.715879011391012,134492
45,32,136,182,3.81426140666008,107.3935546875,2.208936959505081,138.9375,137.71875,INDIVIDUAL_ANNOTATOR,with_mapper,full,12913,5.715879011391012,134492
46,32,142,177,3.8876328617334366,107.59130859375,2.210201695561409,138.9365234375,137.7158203125,INDIVIDUAL_ANNOTATOR,with_mapper,full,12913,5.715879011391012,134492
47,32,132,195,3.8340911269187927,107.787109375,2.203581854701042,138.93603515625,137.71923828125,INDIVIDUAL_ANNOTATOR,with_mapper,full,12913,5.715879011391012,134492
48,32,137,193,3.8139261305332184,107.9853515625,2.206346020102501,138.93798828125,137.71923828125,INDIVIDUAL_ANNOTATOR,with_mapper,full,12913,5.715879011391012,134492
49,32,155,191,3.8349442183971405,108.18359375,2.219429239630699,138.9365234375,137.716796875,INDIVIDUAL_ANNOTATOR,with_mapper,full,12913,5.715879011391012,134492
50,32,111,175,3.788735717535019,108.38037109375,2.209959551692009,138.9365234375,137.71875,INDIVIDUAL_ANNOTATOR,with_mapper,full,12913,5.715879011391012,134492
51,32,105,160,3.7969686090946198,108.578125,2.2322963923215866,138.9365234375,137.71484375,INDIVIDUAL_ANNOTATOR,with_mapper,full,12913,5.715879011391012,134492
52,32,117,184,3.81450355052948,108.77294921875,2.217039465904236,138.93359375,137.716796875,INDIVIDUAL_ANNOTATOR,with_mapper,full,12913,5.715879011391012,134492
53,32,137,193,4.114832729101181,108.9697265625,2.2411588579416275,138.93603515625,137.71630859375,INDIVIDUAL_ANNOTATOR,with_mapper,full,12913,5.715879011391012,134492
54,32,130,175,3.8133449852466583,109.166015625,2.250993624329567,138.9345703125,137.716796875,INDIVIDUAL_ANNOTATOR,with_mapper,full,12913,5.715879011391012,134492
55,32,154,190,3.842277452349663,109.36279296875,2.232056111097336,138.935546875,137.716796875,INDIVIDUAL_ANNOTATOR,with_mapper,full,12913,5.715879011391012,134492
56,32,163,201,3.8361195474863052,109.5595703125,2.220572903752327,138.93701171875,137.71923828125,INDIVIDUAL_ANNOTATOR,with_mapper,full,12913,5.715879011391012,134492
57,32,151,184,3.829553723335266,109.7578125,2.207079902291298,138.9365234375,137.7158203125,INDIVIDUAL_ANNOTATOR,with_mapper,full,12913,5.715879011391012,134492
58,32,102,160,3.799688071012497,109.95361328125,2.2034384310245514,138.9345703125,137.71484375,INDIVIDUAL_ANNOTATOR,with_mapper,full,12913,5.715879011391012,134492
59,32,119,170,3.804996609687805,110.1484375,2.209372818470001,138.93359375,137.7158203125,INDIVIDUAL_ANNOTATOR,with_mapper,full,12913,5.715879011391012,134492
60,32,141,198,3.8872268050909042,110.34423828125,2.2210758179426193,138.93603515625,137.71923828125,INDIVIDUAL_ANNOTATOR,with_mapper,full,12913,5.715879011391012,134492
61,32,111,176,3.7911292165517807,110.54248046875,2.1983403712511063,138.9365234375,137.716796875,INDIVIDUAL_ANNOTATOR,with_mapper,full,12913,5.715879011391012,134492
62,32,142,189,3.830583766102791,110.7392578125,2.214394509792328,138.9365234375,137.71875,INDIVIDUAL_ANNOTATOR,with_mapper,full,12913,5.715879011391012,134492
63,32,105,166,4.079475998878479,110.93701171875,2.2247955203056335,138.9365234375,137.71484375,INDIVIDUAL_ANNOTATOR,with_mapper,full,12913,5.715879011391012,134492
64,32,152,185,3.8226712495088577,111.1318359375,2.2071003913879395,138.9345703125,137.71875,INDIVIDUAL_ANNOTATOR,with_mapper,full,12913,5.715879011391012,134492
65,32,131,168,3.7977229803800583,111.32958984375,2.219943329691887,138.9365234375,137.7158203125,INDIVIDUAL_ANNOTATOR,with_mapper,full,12913,5.715879011391012,134492
66,32,147,183,3.83913516998291,111.525390625,2.2294092923402786,138.9345703125,137.7158203125,INDIVIDUAL_ANNOTATOR,with_mapper,full,12913,5.715879011391012,134492
67,32,138,186,3.8249120116233826,111.72119140625,2.2168681025505066,138.9345703125,137.7158203125,INDIVIDUAL_ANNOTATOR,with_mapper,full,12913,5.715879011391012,134492
68,32,173,202,3.86052206158638,111.9169921875,2.5083720684051514,138.93603515625,137.71923828125,INDIVIDUAL_ANNOTATOR,with_mapper,full,12913,5.715879011391012,134492
69,32,122,173,3.8449112325906754,112.115234375,2.2175200283527374,138.9365234375,137.7158203125,INDIVIDUAL_ANNOTATOR,with_mapper,full,12913,5.715879011391012,134492
70,32,168,211,3.861529752612114,112.31103515625,2.214323729276657,138.93505859375,137.71728515625,INDIVIDUAL_ANNOTATOR,with_mapper,full,12913,5.715879011391012,134492
71,32,126,173,3.853103145956993,112.50830078125,2.255203202366829,138.935546875,137.7158203125,INDIVIDUAL_ANNOTATOR,with_mapper,full,12913,5.715879011391012,134492
72,32,133,190,3.840794786810875,112.7041015625,2.3344140499830246,138.9345703125,137.716796875,INDIVIDUAL_ANNOTATOR,with_mapper,full,12913,5.715879011391012,134492
73,32,188,221,4.138799384236336,112.90087890625,2.2216420620679855,138.93603515625,137.71728515625,INDIVIDUAL_ANNOTATOR,with_mapper,full,12913,5.715879011391012,134492
74,32,148,173,3.816302865743637,113.09814453125,2.260616049170494,138.935546875,137.7158203125,INDIVIDUAL_ANNOTATOR,with_mapper,full,12913,5.715879011391012,134492
75,32,160,204,3.8550086319446564,113.2939453125,2.2276844829320908,138.93603515625,137.72021484375,INDIVIDUAL_ANNOTATOR,with_mapper,full,12913,5.715879011391012,134492
76,32,114,187,3.8368329405784607,113.4931640625,2.2274423390626907,138.9375,137.716796875,INDIVIDUAL_ANNOTATOR,with_mapper,full,12913,5.715879011391012,134492
77,32,142,197,3.843890503048897,113.68994140625,2.3021120578050613,138.93701171875,137.71923828125,INDIVIDUAL_ANNOTATOR,with_mapper,full,12913,5.715879011391012,134492
78,32,142,187,3.8298871368169785,113.88818359375,2.240847796201706,138.9375,137.71875,INDIVIDUAL_ANNOTATOR,with_mapper,full,12913,5.715879011391012,134492
79,32,150,192,3.8975514471530914,114.0859375,2.2825635969638824,138.9375,137.71875,INDIVIDUAL_ANNOTATOR,with_mapper,full,12913,5.715879011391012,134492
80,32,147,177,3.827020525932312,114.28369140625,2.2841542959213257,138.9375,137.71875,INDIVIDUAL_ANNOTATOR,with_mapper,full,12913,5.715879011391012,134492
81,32,111,162,3.788067027926445,114.4814453125,2.2035539150238037,138.9365234375,137.71484375,INDIVIDUAL_ANNOTATOR,with_mapper,full,12913,5.715879011391012,134492
82,32,151,184,3.8380008190870285,114.67626953125,2.252252772450447,138.93359375,137.7158203125,INDIVIDUAL_ANNOTATOR,with_mapper,full,12913,5.715879011391012,134492
83,32,134,190,4.0937066078186035,114.8720703125,2.2387225180864334,138.935546875,137.7216796875,INDIVIDUAL_ANNOTATOR,with_mapper,full,12913,5.715879011391012,134492
84,32,163,192,3.8430262356996536,115.07275390625,2.2282395511865616,138.9404296875,137.71875,INDIVIDUAL_ANNOTATOR,with_mapper,full,12913,5.715879011391012,134492
85,32,146,203,4.10081259906292,115.2705078125,2.2196080535650253,138.93798828125,137.71923828125,INDIVIDUAL_ANNOTATOR,with_mapper,full,12913,5.715879011391012,134492
86,32,95,164,4.025936126708984,115.46875,2.231389284133911,138.9365234375,137.71484375,INDIVIDUAL_ANNOTATOR,with_mapper,full,12913,5.715879011391012,134492
87,32,126,171,4.027960821986198,115.66357421875,2.214007079601288,138.93359375,137.7158203125,INDIVIDUAL_ANNOTATOR,with_mapper,full,12913,5.715879011391012,134492
88,32,113,169,4.009461030364037,115.859375,2.2004004567861557,138.9345703125,137.7158203125,INDIVIDUAL_ANNOTATOR,with_mapper,full,12913,5.715879011391012,134492
89,32,118,189,4.037180915474892,116.05517578125,2.5626756250858307,138.935546875,137.71875,INDIVIDUAL_ANNOTATOR,with_mapper,full,12913,5.715879011391012,134492
90,32,173,212,3.859005868434906,116.2529296875,2.2641420364379883,138.93798828125,137.71923828125,INDIVIDUAL_ANNOTATOR,with_mapper,full,12913,5.715879011391012,134492
91,32,132,187,3.827163949608803,116.451171875,2.2449027746915817,138.9375,137.71875,INDIVIDUAL_ANNOTATOR,with_mapper,full,12913,5.715879011391012,134492
92,32,110,162,3.809051588177681,116.64892578125,2.207675948739052,138.9365234375,137.71484375,INDIVIDUAL_ANNOTATOR,with_mapper,full,12913,5.715879011391012,134492
93,32,133,180,3.884110599756241,116.84375,2.2685248404741287,138.93359375,137.716796875,INDIVIDUAL_ANNOTATOR,with_mapper,full,12913,5.715879011391012,134492
94,32,135,189,4.115486517548561,117.04052734375,2.2370759397745132,138.9365234375,137.71875,INDIVIDUAL_ANNOTATOR,with_mapper,full,12913,5.715879011391012,134492
95,32,108,163,3.8196779787540436,117.23828125,2.2287610918283463,138.9365234375,137.71484375,INDIVIDUAL_ANNOTATOR,with_mapper,full,12913,5.715879011391012,134492
96,32,101,169,3.810035064816475,117.43310546875,2.3970119655132294,138.93359375,137.7158203125,INDIVIDUAL_ANNOTATOR,with_mapper,full,12913,5.715879011391012,134492
97,32,115,178,3.8162562996149063,117.62890625,2.2599641233682632,138.9345703125,137.7158203125,INDIVIDUAL_ANNOTATOR,with_mapper,full,12913,5.715879011391012,134492
98,32,134,184,3.9437245577573776,117.82470703125,2.2401679307222366,138.9345703125,137.716796875,INDIVIDUAL_ANNOTATOR,with_mapper,full,12913,5.715879011391012,134492
99,32,130,179,3.838632255792618,118.021484375,2.2117774933576584,138.935546875,137.7158203125,INDIVIDUAL_ANNOTATOR,with_mapper,full,12913,5.715879011391012,134492
100,32,187,219,3.89779731631279,118.21728515625,2.2440869361162186,138.93603515625,137.71923828125,INDIVIDUAL_ANNOTATOR,with_mapper,full,12913,5.715879011391012,134492
101,32,103,181,3.817277029156685,118.41552734375,2.2396929562091827,138.9365234375,137.716796875,INDIVIDUAL_ANNOTATOR,with_mapper,full,12913,5.715879011391012,134492
102,32,107,177,3.800326958298683,118.6123046875,2.2328421473503113,138.9365234375,137.7197265625,INDIVIDUAL_ANNOTATOR,with_mapper,full,12913,5.715879011391012,134492
103,32,105,168,3.796551376581192,118.81103515625,2.2268611937761307,138.9375,137.7158203125,INDIVIDUAL_ANNOTATOR,with_mapper,full,12913,5.715879011391012,134492
104,32,139,184,4.1031744331121445,119.0068359375,2.210427075624466,138.935546875,137.71875,INDIVIDUAL_ANNOTATOR,with_mapper,full,12913,5.715879011391012,134492
105,32,93,162,3.798745572566986,119.20458984375,2.2318754345178604,138.9365234375,137.71484375,INDIVIDUAL_ANNOTATOR,with_mapper,full,12913,5.715879011391012,134492
106,32,138,188,3.8080569356679916,119.3994140625,2.2222790867090225,138.93359375,137.716796875,INDIVIDUAL_ANNOTATOR,with_mapper,full,12913,5.715879011391012,134492
107,32,109,176,3.8069095462560654,119.59619140625,2.3147612810134888,138.9365234375,137.71875,INDIVIDUAL_ANNOTATOR,with_mapper,full,12913,5.715879011391012,134492
108,32,107,164,3.8185399025678635,119.7939453125,2.220369875431061,138.9365234375,137.7158203125,INDIVIDUAL_ANNOTATOR,with_mapper,full,12913,5.715879011391012,134492
109,32,127,173,3.8087479770183563,119.98974609375,2.2383686155080795,138.9345703125,137.7158203125,INDIVIDUAL_ANNOTATOR,with_mapper,full,12913,5.715879011391012,134492
110,32,139,183,3.8214605301618576,120.185546875,2.2277384996414185,138.935546875,137.71875,INDIVIDUAL_ANNOTATOR,with_mapper,full,12913,5.715879011391012,134492
111,32,156,201,3.854745998978615,120.38330078125,2.358522266149521,138.93798828125,137.71923828125,INDIVIDUAL_ANNOTATOR,with_mapper,full,12913,5.715879011391012,134492
112,32,170,208,3.8613397628068924,120.58154296875,2.235274761915207,138.93798828125,137.71923828125,INDIVIDUAL_ANNOTATOR,with_mapper,full,12913,5.715879011391012,134492
113,32,156,185,3.8469303399324417,120.77978515625,2.223644405603409,138.9365234375,137.7158203125,INDIVIDUAL_ANNOTATOR,with_mapper,full,12913,5.715879011391012,134492
114,32,126,171,4.087204113602638,120.9755859375,2.264656126499176,138.9345703125,137.7158203125,INDIVIDUAL_ANNOTATOR,with_mapper,full,12913,5.715879011391012,134492
115,32,122,177,3.813397139310837,121.17138671875,2.1987389773130417,138.935546875,137.71875,INDIVIDUAL_ANNOTATOR,with_mapper,full,12913,5.715879011391012,134492
116,32,134,181,3.8528181612491608,121.369140625,2.195917069911957,138.9375,137.71875,INDIVIDUAL_ANNOTATOR,with_mapper,full,12913,5.715879011391012,134492
117,32,97,171,3.8059670478105545,121.56689453125,2.210387960076332,138.9365234375,137.7158203125,INDIVIDUAL_ANNOTATOR,with_mapper,full,12913,5.715879011391012,134492
118,32,139,173,3.8966406136751175,121.7626953125,2.2105947136878967,138.9345703125,137.716796875,INDIVIDUAL_ANNOTATOR,with_mapper,full,12913,5.715879011391012,134492
119,32,141,187,3.8289781659841537,121.95947265625,2.217354252934456,138.935546875,137.716796875,INDIVIDUAL_ANNOTATOR,with_mapper,full,12913,5.715879011391012,134492
120,32,113,170,3.815142437815666,122.15625,2.2177062928676605,138.935546875,137.7158203125,INDIVIDUAL_ANNOTATOR,with_mapper,full,12913,5.715879011391012,134492
121,32,140,191,3.8404036313295364,122.35205078125,2.2194944322109222,138.935546875,137.71875,INDIVIDUAL_ANNOTATOR,with_mapper,full,12913,5.715879011391012,134492
122,32,135,183,3.819005563855171,122.5498046875,2.2063516080379486,138.9375,137.71875,INDIVIDUAL_ANNOTATOR,with_mapper,full,12913,5.715879011391012,134492
123,32,149,209,3.953646868467331,122.74755859375,2.216421067714691,138.93798828125,137.71923828125,INDIVIDUAL_ANNOTATOR,with_mapper,full,12913,5.715879011391012,134492
124,32,147,191,4.107004031538963,122.94580078125,2.2043120115995407,138.9365234375,137.716796875,INDIVIDUAL_ANNOTATOR,with_mapper,full,12913,5.715879011391012,134492
125,32,98,169,3.7825386971235275,123.142578125,2.201113849878311,138.935546875,137.7158203125,INDIVIDUAL_ANNOTATOR,with_mapper,full,12913,5.715879011391012,134492
126,32,131,167,3.8076508790254593,123.33837890625,2.25880928337574,138.9345703125,137.7158203125,INDIVIDUAL_ANNOTATOR,with_mapper,full,12913,5.715879011391012,134492
127,32,141,183,3.828497603535652,123.5341796875,2.214306965470314,138.935546875,137.71875,INDIVIDUAL_ANNOTATOR,with_mapper,full,12913,5.715879011391012,134492
128,32,153,197,3.863835707306862,123.73193359375,2.2043753415346146,138.93798828125,137.71923828125,INDIVIDUAL_ANNOTATOR,with_mapper,full,12913,5.715879011391012,134492
129,32,155,200,3.8422439247369766,123.93017578125,2.212636172771454,138.93798828125,137.71923828125,INDIVIDUAL_ANNOTATOR,with_mapper,full,12913,5.715879011391012,134492
130,32,160,198,3.8485191762447357,124.12841796875,2.2279471158981323,138.93798828125,137.71923828125,INDIVIDUAL_ANNOTATOR,with_mapper,full,12913,5.715879011391012,134492
131,32,147,198,3.8463044911623,124.32666015625,2.321667969226837,138.93798828125,137.71923828125,INDIVIDUAL_ANNOTATOR,with_mapper,full,12913,5.715879011391012,134492
132,32,165,219,3.9267465472221375,124.52490234375,2.2242553532123566,138.93798828125,137.72021484375,INDIVIDUAL_ANNOTATOR,with_mapper,full,12913,5.715879011391012,134492
133,32,123,184,3.8361940532922745,124.72412109375,2.238096669316292,138.9384765625,137.71875,INDIVIDUAL_ANNOTATOR,with_mapper,full,12913,5.715879011391012,134492
134,32,164,182,4.114488139748573,124.921875,2.236919477581978,138.9375,137.71875,INDIVIDUAL_ANNOTATOR,with_mapper,full,12913,5.715879011391012,134492
135,32,155,201,3.928128629922867,125.11962890625,2.223402261734009,138.93798828125,137.71923828125,INDIVIDUAL_ANNOTATOR,with_mapper,full,12913,5.715879011391012,134492
136,32,123,179,3.8429424166679382,125.31787109375,2.2962968796491623,138.9375,137.71875,INDIVIDUAL_ANNOTATOR,with_mapper,full,12913,5.715879011391012,134492
137,32,158,198,3.8494523614645004,125.515625,2.215953543782234,138.93798828125,137.71923828125,INDIVIDUAL_ANNOTATOR,with_mapper,full,12913,5.715879011391012,134492
138,32,162,203,3.8343481719493866,125.7138671875,2.246446907520294,138.93701171875,137.71728515625,INDIVIDUAL_ANNOTATOR,with_mapper,full,12913,5.715879011391012,134492
139,32,134,192,3.8382690399885178,125.9111328125,2.2455714643001556,138.935546875,137.7158203125,INDIVIDUAL_ANNOTATOR,with_mapper,full,12913,5.715879011391012,134492
140,32,115,160,3.8541406393051147,126.10693359375,2.2109393030405045,138.9345703125,137.71484375,INDIVIDUAL_ANNOTATOR,with_mapper,full,12913,5.715879011391012,134492
141,32,146,188,3.8447529077529907,126.3017578125,2.204975113272667,138.93359375,137.716796875,INDIVIDUAL_ANNOTATOR,with_mapper,full,12913,5.715879011391012,134492
142,32,120,177,3.8038622587919235,126.49853515625,2.2066812962293625,138.9365234375,137.71875,INDIVIDUAL_ANNOTATOR,with_mapper,full,12913,5.715879011391012,134492
143,32,99,163,3.787148743867874,126.6962890625,2.192145213484764,138.9365234375,137.71484375,INDIVIDUAL_ANNOTATOR,with_mapper,full,12913,5.715879011391012,134492
144,32,144,189,4.098189994692802,126.89111328125,2.2293124347925186,138.9345703125,137.71875,INDIVIDUAL_ANNOTATOR,with_mapper,full,12913,5.715879011391012,134492
145,32,115,181,3.806246444582939,127.0888671875,2.214305102825165,138.9365234375,137.716796875,INDIVIDUAL_ANNOTATOR,with_mapper,full,12913,5.715879011391012,134492
146,32,132,181,3.811577335000038,127.28564453125,2.2091474384069443,138.935546875,137.716796875,INDIVIDUAL_ANNOTATOR,with_mapper,full,12913,5.715879011391012,134492
147,32,106,165,4.187081009149551,127.482421875,2.2586043924093246,138.935546875,137.7158203125,INDIVIDUAL_ANNOTATOR,with_mapper,full,12913,5.715879011391012,134492
148,32,103,171,3.8954298943281174,127.67822265625,2.2110454738140106,138.9345703125,137.7158203125,INDIVIDUAL_ANNOTATOR,with_mapper,full,12913,5.715879011391012,134492
149,32,133,182,3.903361037373543,127.8740234375,2.277553081512451,138.9345703125,137.716796875,INDIVIDUAL_ANNOTATOR,with_mapper,full,12913,5.715879011391012,134492
150,32,100,171,3.8652196526527405,128.07080078125,2.413598820567131,138.935546875,137.7158203125,INDIVIDUAL_ANNOTATOR,with_mapper,full,12913,5.715879011391012,134492
151,32,146,182,3.9047207683324814,128.2666015625,2.2456198930740356,138.9345703125,137.7158203125,INDIVIDUAL_ANNOTATOR,with_mapper,full,12913,5.715879011391012,134492
152,32,161,202,3.9287060499191284,128.46240234375,2.2175516933202744,138.93603515625,137.71923828125,INDIVIDUAL_ANNOTATOR,with_mapper,full,12913,5.715879011391012,134492
153,32,135,201,3.9205681532621384,128.66064453125,2.219241112470627,138.93798828125,137.71923828125,INDIVIDUAL_ANNOTATOR,with_mapper,full,12913,5.715879011391012,134492
154,32,134,180,4.19304333627224,128.85888671875,2.210395410656929,138.9375,137.71875,INDIVIDUAL_ANNOTATOR,with_mapper,full,12913,5.715879011391012,134492
155,32,179,198,3.909839317202568,129.056640625,2.355659380555153,138.93701171875,137.71728515625,INDIVIDUAL_ANNOTATOR,with_mapper,full,12913,5.715879011391012,134492
156,32,128,180,3.866136074066162,129.25390625,2.193434163928032,138.9365234375,137.71875,INDIVIDUAL_ANNOTATOR,with_mapper,full,12913,5.715879011391012,134492
157,32,132,184,3.8691554218530655,129.45166015625,2.2117439657449722,138.9375,137.71875,INDIVIDUAL_ANNOTATOR,with_mapper,full,12913,5.715879011391012,134492
158,32,155,193,3.8774684071540833,129.6494140625,2.203032374382019,138.93798828125,137.71923828125,INDIVIDUAL_ANNOTATOR,with_mapper,full,12913,5.715879011391012,134492
159,32,152,193,3.875540569424629,129.84765625,2.2171568125486374,138.93701171875,137.71728515625,INDIVIDUAL_ANNOTATOR,with_mapper,full,12913,5.715879011391012,134492
160,32,133,172,3.868691623210907,130.044921875,2.21831351518631,138.935546875,137.7158203125,INDIVIDUAL_ANNOTATOR,with_mapper,full,12913,5.715879011391012,134492
161,32,153,192,3.8604531437158585,130.24072265625,2.243751659989357,138.935546875,137.71875,INDIVIDUAL_ANNOTATOR,with_mapper,full,12913,5.715879011391012,134492
162,32,113,173,3.858480602502823,130.4384765625,2.254607155919075,138.9375,137.71875,INDIVIDUAL_ANNOTATOR,with_mapper,full,12913,5.715879011391012,134492
163,32,125,182,3.8555338978767395,130.63623046875,2.2054314613342285,138.9365234375,137.7158203125,INDIVIDUAL_ANNOTATOR,with_mapper,full,12913,5.715879011391012,134492
164,32,122,171,3.8828644901514053,130.83203125,2.199258655309677,138.9345703125,137.7158203125,INDIVIDUAL_ANNOTATOR,with_mapper,full,12913,5.715879011391012,134492
165,32,163,188,4.163438454270363,131.02783203125,2.2227447479963303,138.9345703125,137.716796875,INDIVIDUAL_ANNOTATOR,with_mapper,full,12913,5.715879011391012,134492
166,32,133,187,3.8605518639087677,131.224609375,2.2035017609596252,138.9365234375,137.71875,INDIVIDUAL_ANNOTATOR,with_mapper,full,12913,5.715879011391012,134492
167,32,135,184,3.885500133037567,131.42236328125,2.210862934589386,138.9365234375,137.716796875,INDIVIDUAL_ANNOTATOR,with_mapper,full,12913,5.715879011391012,134492
168,32,152,182,3.8695763796567917,131.619140625,2.2016186267137527,138.935546875,137.716796875,INDIVIDUAL_ANNOTATOR,with_mapper,full,12913,5.715879011391012,134492
169,32,134,184,3.8721058517694473,131.81591796875,2.192458137869835,138.9365234375,137.71875,INDIVIDUAL_ANNOTATOR,with_mapper,full,12913,5.715879011391012,134492
170,32,141,194,3.870440647006035,132.013671875,2.2340528666973114,138.93798828125,137.71923828125,INDIVIDUAL_ANNOTATOR,with_mapper,full,12913,5.715879011391012,134492
171,32,143,195,3.885556012392044,132.2119140625,2.2843237966299057,138.93798828125,137.72021484375,INDIVIDUAL_ANNOTATOR,with_mapper,full,12913,5.715879011391012,134492
172,32,132,186,3.910355269908905,132.4111328125,2.2053662687540054,138.9375,137.716796875,INDIVIDUAL_ANNOTATOR,with_mapper,full,12913,5.715879011391012,134492
173,32,134,182,4.025503993034363,132.60791015625,2.2270567715168,138.935546875,137.7158203125,INDIVIDUAL_ANNOTATOR,with_mapper,full,12913,5.715879011391012,134492
174,32,126,182,3.850771114230156,132.8037109375,2.2027473896741867,138.9345703125,137.7158203125,INDIVIDUAL_ANNOTATOR,with_mapper,full,12913,5.715879011391012,134492
175,32,142,193,4.136798903346062,132.99951171875,2.2019967436790466,138.93603515625,137.71923828125,INDIVIDUAL_ANNOTATOR,with_mapper,full,12913,5.715879011391012,134492
176,32,117,174,3.8425996899604797,133.19775390625,2.2260043770074844,138.9365234375,137.7158203125,INDIVIDUAL_ANNOTATOR,with_mapper,full,12913,5.715879011391012,134492
177,32,157,208,3.8798321038484573,133.3935546875,2.207275480031967,138.93603515625,137.72021484375,INDIVIDUAL_ANNOTATOR,with_mapper,full,12913,5.715879011391012,134492
178,32,126,186,3.8480032235383987,133.5927734375,2.2160951048135757,138.9375,137.716796875,INDIVIDUAL_ANNOTATOR,with_mapper,full,12913,5.715879011391012,134492
179,32,110,171,3.8377977907657623,133.78955078125,2.2005345672369003,138.935546875,137.7158203125,INDIVIDUAL_ANNOTATOR,with_mapper,full,12913,5.715879011391012,134492
180,32,113,167,3.838358446955681,133.9853515625,2.202661707997322,138.9345703125,137.7158203125,INDIVIDUAL_ANNOTATOR,with_mapper,full,12913,5.715879011391012,134492
181,32,126,185,3.9029940962791443,134.18115234375,2.2025909274816513,138.935546875,137.7197265625,INDIVIDUAL_ANNOTATOR,with_mapper,full,12913,5.715879011391012,134492
182,32,130,189,3.8532614707946777,134.3798828125,2.222517505288124,138.9375,137.716796875,INDIVIDUAL_ANNOTATOR,with_mapper,full,12913,5.715879011391012,134492
183,32,103,176,3.8455799221992493,134.57666015625,2.2163409739732742,138.935546875,137.716796875,INDIVIDUAL_ANNOTATOR,with_mapper,full,12913,5.715879011391012,134492
184,32,125,175,3.8697347044944763,134.7734375,2.1966826170682907,138.935546875,137.7158203125,INDIVIDUAL_ANNOTATOR,with_mapper,full,12913,5.715879011391012,134492
185,32,117,180,4.129085689783096,134.96923828125,2.192387357354164,138.935546875,137.71875,INDIVIDUAL_ANNOTATOR,with_mapper,full,12913,5.715879011391012,134492
186,32,114,169,3.813803195953369,135.1669921875,2.225847914814949,138.9365234375,137.7158203125,INDIVIDUAL_ANNOTATOR,with_mapper,full,12913,5.715879011391012,134492
187,32,94,160,3.8174092769622803,135.36279296875,2.193162217736244,138.9345703125,137.71484375,INDIVIDUAL_ANNOTATOR,with_mapper,full,12913,5.715879011391012,134492
188,32,125,180,3.8247890770435333,135.5576171875,2.2125449031591415,138.93359375,137.716796875,INDIVIDUAL_ANNOTATOR,with_mapper,full,12913,5.715879011391012,134492
189,32,126,174,3.8342084735631943,135.75439453125,2.215387299656868,138.935546875,137.7158203125,INDIVIDUAL_ANNOTATOR,with_mapper,full,12913,5.715879011391012,134492
190,32,122,179,3.80818173289299,135.9501953125,2.2362079471349716,138.9345703125,137.7158203125,INDIVIDUAL_ANNOTATOR,with_mapper,full,12913,5.715879011391012,134492
191,32,108,167,3.8013476878404617,136.14599609375,2.2316165268421173,138.9345703125,137.7158203125,INDIVIDUAL_ANNOTATOR,with_mapper,full,12913,5.715879011391012,134492
192,32,138,186,3.8407500833272934,136.341796875,2.213798463344574,138.935546875,137.71875,INDIVIDUAL_ANNOTATOR,with_mapper,full,12913,5.715879011391012,134492
193,32,112,176,3.8379356265068054,136.53955078125,2.3419149219989777,138.9365234375,137.7158203125,INDIVIDUAL_ANNOTATOR,with_mapper,full,12913,5.715879011391012,134492
194,32,143,183,3.8379114121198654,136.7353515625,2.2068042308092117,138.935546875,137.71875,INDIVIDUAL_ANNOTATOR,with_mapper,full,12913,5.715879011391012,134492
195,32,146,197,4.410594701766968,136.93310546875,2.2343099117279053,138.93798828125,137.71923828125,INDIVIDUAL_ANNOTATOR,with_mapper,full,12913,5.715879011391012,134492
196,32,125,182,3.8499534130096436,137.13134765625,2.2025201469659805,138.9365234375,137.716796875,INDIVIDUAL_ANNOTATOR,with_mapper,full,12913,5.715879011391012,134492
197,32,110,161,3.8356631994247437,137.328125,2.2381767630577087,138.935546875,137.71484375,INDIVIDUAL_ANNOTATOR,with_mapper,full,12913,5.715879011391012,134492
198,32,122,184,3.8478728383779526,137.52294921875,2.204451709985733,138.93359375,137.716796875,INDIVIDUAL_ANNOTATOR,with_mapper,full,12913,5.715879011391012,134492
199,32,149,190,3.846345469355583,137.7197265625,2.20547616481781,138.9365234375,137.71875,INDIVIDUAL_ANNOTATOR,with_mapper,full,12913,5.715879011391012,134492
0,32,141,183,3.8674380630254745,111.046875,31.05160966515541,151.4482421875,150.228515625,INDIVIDUAL_ANNOTATOR_LOOP,with_mapper,full,12913,5.715879011391012,134492
1,32,154,202,4.144705832004547,111.24365234375,33.96904096007347,151.44775390625,150.22900390625,INDIVIDUAL_ANNOTATOR_LOOP,with_mapper,full,12913,5.715879011391012,134492
2,32,124,182,3.920203074812889,111.44091796875,30.784405767917633,151.447265625,150.228515625,INDIVIDUAL_ANNOTATOR_LOOP,with_mapper,full,12913,5.715879011391012,134492
3,32,137,190,4.27745096385479,111.6376953125,32.130591571331024,151.4482421875,150.23046875,INDIVIDUAL_ANNOTATOR_LOOP,with_mapper,full,12913,5.715879011391012,134492
4,32,100,162,3.8708895444869995,111.83544921875,27.515700086951256,151.4482421875,150.2265625,INDIVIDUAL_ANNOTATOR_LOOP,with_mapper,full,12913,5.715879011391012,134492
5,32,140,178,3.900539129972458,112.0302734375,30.125711113214493,151.4453125,150.2275390625,INDIVIDUAL_ANNOTATOR_LOOP,with_mapper,full,12913,5.715879011391012,134492
6,32,106,167,3.863319754600525,112.22607421875,28.31227518618107,151.4462890625,150.2275390625,INDIVIDUAL_ANNOTATOR_LOOP,with_mapper,full,12913,5.715879011391012,134492
7,32,128,166,3.888484090566635,112.421875,28.253132477402687,151.4462890625,150.2275390625,INDIVIDUAL_ANNOTATOR_LOOP,with_mapper,full,12913,5.715879011391012,134492
8,32,170,213,3.9305705577135086,112.61767578125,35.848407074809074,151.44775390625,150.23095703125,INDIVIDUAL_ANNOTATOR_LOOP,with_mapper,full,12913,5.715879011391012,134492
9,32,134,190,3.9455797523260117,112.81591796875,32.057905569672585,151.44921875,150.23046875,INDIVIDUAL_ANNOTATOR_LOOP,with_mapper,full,12913,5.715879011391012,134492
10,32,122,159,3.8937292993068695,113.013671875,27.243083342909813,151.4482421875,150.2265625,INDIVIDUAL_ANNOTATOR_LOOP,with_mapper,full,12913,5.715879011391012,134492
11,32,120,174,3.8531776517629623,113.20849609375,29.486075043678284,151.4453125,150.2275390625,INDIVIDUAL_ANNOTATOR_LOOP,with_mapper,full,12913,5.715879011391012,134492
12,32,119,174,3.8759801536798477,113.404296875,29.442893341183662,151.4462890625,150.2275390625,INDIVIDUAL_ANNOTATOR_LOOP,with_mapper,full,12913,5.715879011391012,134492
13,32,113,161,3.902347758412361,113.60009765625,27.34784223139286,151.4462890625,150.2265625,INDIVIDUAL_ANNOTATOR_LOOP,with_mapper,full,12913,5.715879011391012,134492
14,32,148,196,4.281116649508476,113.794921875,32.935980707407,151.44677734375,150.23095703125,INDIVIDUAL_ANNOTATOR_LOOP,with_mapper,full,12913,5.715879011391012,134492
15,32,163,198,3.9184950292110443,113.9931640625,33.64618122577667,151.44970703125,150.23095703125,INDIVIDUAL_ANNOTATOR_LOOP,with_mapper,full,12913,5.715879011391012,134492
16,32,120,172,3.9365068078041077,114.19140625,29.19626794755459,151.4482421875,150.2275390625,INDIVIDUAL_ANNOTATOR_LOOP,with_mapper,full,12913,5.715879011391012,134492
17,32,141,185,3.8951225578784943,114.38720703125,31.336767598986626,151.447265625,150.23046875,INDIVIDUAL_ANNOTATOR_LOOP,with_mapper,full,12913,5.715879011391012,134492
18,32,119,173,3.8533899933099747,114.5849609375,29.32017296552658,151.4482421875,150.2275390625,INDIVIDUAL_ANNOTATOR_LOOP,with_mapper,full,12913,5.715879011391012,134492
19,32,100,167,3.839043900370598,114.78076171875,28.245875611901283,151.4462890625,150.2275390625,INDIVIDUAL_ANNOTATOR_LOOP,with_mapper,full,12913,5.715879011391012,134492
20,32,155,197,3.8701090961694717,114.9765625,33.28072093427181,151.44775390625,150.23095703125,INDIVIDUAL_ANNOTATOR_LOOP,with_mapper,full,12913,5.715879011391012,134492
21,32,169,205,3.9346404373645782,115.1748046875,35.131098702549934,151.44970703125,150.23095703125,INDIVIDUAL_ANNOTATOR_LOOP,with_mapper,full,12913,5.715879011391012,134492
22,32,143,181,3.858901560306549,115.373046875,30.975250527262688,151.44921875,150.23046875,INDIVIDUAL_ANNOTATOR_LOOP,with_mapper,full,12913,5.715879011391012,134492
23,32,122,182,3.8885828107595444,115.57080078125,30.76998144388199,151.44921875,150.2314453125,INDIVIDUAL_ANNOTATOR_LOOP,with_mapper,full,12913,5.715879011391012,134492
24,32,122,183,4.248030483722687,115.76953125,31.020227819681168,151.4501953125,150.23046875,INDIVIDUAL_ANNOTATOR_LOOP,with_mapper,full,12913,5.715879011391012,134492
25,32,115,169,3.8593392819166183,115.96728515625,28.69386039674282,151.4482421875,150.2275390625,INDIVIDUAL_ANNOTATOR_LOOP,with_mapper,full,12913,5.715879011391012,134492
26,32,159,206,3.896554931998253,116.1630859375,34.69984233379364,151.44775390625,150.23095703125,INDIVIDUAL_ANNOTATOR_LOOP,with_mapper,full,12913,5.715879011391012,134492
27,32,119,176,3.856958821415901,116.361328125,29.850302264094353,151.4482421875,150.228515625,INDIVIDUAL_ANNOTATOR_LOOP,with_mapper,full,12913,5.715879011391012,134492
28,32,122,179,3.865836188197136,116.55810546875,30.170073732733727,151.4482421875,150.23046875,INDIVIDUAL_ANNOTATOR_LOOP,with_mapper,full,12913,5.715879011391012,134492
29,32,136,193,4.299171268939972,116.755859375,32.7047985047102,151.44873046875,150.22900390625,INDIVIDUAL_ANNOTATOR_LOOP,with_mapper,full,12913,5.715879011391012,134492
30,32,133,180,3.933064639568329,116.953125,30.56422993540764,151.447265625,150.228515625,INDIVIDUAL_ANNOTATOR_LOOP,with_mapper,full,12913,5.715879011391012,134492
31,32,153,187,3.9975717663764954,117.14990234375,31.82121179997921,151.447265625,150.228515625,INDIVIDUAL_ANNOTATOR_LOOP,with_mapper,full,12913,5.715879011391012,134492
32,32,102,175,3.9719343185424805,117.3466796875,29.324544593691826,151.447265625,150.2275390625,INDIVIDUAL_ANNOTATOR_LOOP,with_mapper,full,12913,5.715879011391012,134492
33,32,116,165,3.884555771946907,117.54248046875,28.101151809096336,151.4462890625,150.2275390625,INDIVIDUAL_ANNOTATOR_LOOP,with_mapper,full,12913,5.715879011391012,134492
34,32,155,195,4.204707220196724,117.73828125,32.87305869162083,151.44775390625,150.23095703125,INDIVIDUAL_ANNOTATOR_LOOP,with_mapper,full,12913,5.715879011391012,134492
35,32,117,183,3.8841888308525085,117.9365234375,30.74742667376995,151.44921875,150.23046875,INDIVIDUAL_ANNOTATOR_LOOP,with_mapper,full,12913,5.715879011391012,134492
36,32,155,192,3.984415903687477,118.13427734375,32.45757333934307,151.44921875,150.23046875,INDIVIDUAL_ANNOTATOR_LOOP,with_mapper,full,12913,5.715879011391012,134492
37,32,106,165,3.9047598838806152,118.33203125,28.013940900564194,151.4482421875,150.2275390625,INDIVIDUAL_ANNOTATOR_LOOP,with_mapper,full,12913,5.715879011391012,134492
38,32,110,179,3.8766972720623016,118.52783203125,30.16972541809082,151.447265625,150.23046875,INDIVIDUAL_ANNOTATOR_LOOP,with_mapper,full,12913,5.715879011391012,134492
39,32,129,171,3.90748493373394,118.7255859375,28.90271134674549,151.4482421875,150.2275390625,INDIVIDUAL_ANNOTATOR_LOOP,with_mapper,full,12913,5.715879011391012,134492
40,32,136,184,3.9263051003217697,118.92138671875,31.092632561922073,151.447265625,150.23046875,INDIVIDUAL_ANNOTATOR_LOOP,with_mapper,full,12913,5.715879011391012,134492
41,32,115,170,3.9306990802288055,119.119140625,28.693877160549164,151.4482421875,150.2275390625,INDIVIDUAL_ANNOTATOR_LOOP,with_mapper,full,12913,5.715879011391012,134492
42,32,126,173,3.8719624280929565,119.31494140625,29.397347941994667,151.4462890625,150.228515625,INDIVIDUAL_ANNOTATOR_LOOP,with_mapper,full,12913,5.715879011391012,134492
43,32,104,166,3.889240324497223,119.51171875,28.10291387140751,151.447265625,150.2275390625,INDIVIDUAL_ANNOTATOR_LOOP,with_mapper,full,12913,5.715879011391012,134492
44,32,140,181,4.208136349916458,119.70751953125,30.60177154839039,151.447265625,150.23046875,INDIVIDUAL_ANNOTATOR_LOOP,with_mapper,full,12913,5.715879011391012,134492
45,32,136,182,3.9254948496818542,119.9052734375,30.69578856229782,151.44921875,150.23046875,INDIVIDUAL_ANNOTATOR_LOOP,with_mapper,full,12913,5.715879011391012,134492
46,32,142,177,3.9922185242176056,120.10302734375,29.998650774359703,151.4482421875,150.2275390625,INDIVIDUAL_ANNOTATOR_LOOP,with_mapper,full,12913,5.715879011391012,134492
47,32,132,195,3.9023514837026596,120.298828125,32.804254442453384,151.44775390625,150.23095703125,INDIVIDUAL_ANNOTATOR_LOOP,with_mapper,full,12913,5.715879011391012,134492
48,32,137,193,3.9081871509552,120.4970703125,32.39298425614834,151.44970703125,150.23095703125,INDIVIDUAL_ANNOTATOR_LOOP,with_mapper,full,12913,5.715879011391012,134492
49,32,155,191,3.9343517273664474,120.6953125,32.25663676857948,151.4482421875,150.228515625,INDIVIDUAL_ANNOTATOR_LOOP,with_mapper,full,12913,5.715879011391012,134492
50,32,111,175,3.895999863743782,120.89208984375,29.686715453863144,151.4482421875,150.23046875,INDIVIDUAL_ANNOTATOR_LOOP,with_mapper,full,12913,5.715879011391012,134492
51,32,105,160,3.869054839015007,121.08984375,27.275800704956055,151.4482421875,150.2265625,INDIVIDUAL_ANNOTATOR_LOOP,with_mapper,full,12913,5.715879011391012,134492
52,32,117,184,3.883134573698044,121.28466796875,31.064098700881004,151.4453125,150.228515625,INDIVIDUAL_ANNOTATOR_LOOP,with_mapper,full,12913,5.715879011391012,134492
53,32,137,193,4.01335209608078,121.4814453125,32.413920387625694,151.44775390625,150.22802734375,INDIVIDUAL_ANNOTATOR_LOOP,with_mapper,full,12913,5.715879011391012,134492
54,32,130,175,4.17151115834713,121.677734375,29.59909662604332,151.4462890625,150.228515625,INDIVIDUAL_ANNOTATOR_LOOP,with_mapper,full,12913,5.715879011391012,134492
55,32,154,190,4.052078351378441,121.87451171875,32.75289572775364,151.447265625,150.228515625,INDIVIDUAL_ANNOTATOR_LOOP,with_mapper,full,12913,5.715879011391012,134492
56,32,163,201,3.9176233112812042,122.0712890625,33.959973603487015,151.44873046875,150.23095703125,INDIVIDUAL_ANNOTATOR_LOOP,with_mapper,full,12913,5.715879011391012,134492
57,32,151,184,3.9837174117565155,122.26953125,31.665366142988205,151.4482421875,150.2275390625,INDIVIDUAL_ANNOTATOR_LOOP,with_mapper,full,12913,5.715879011391012,134492
58,32,102,160,3.865659236907959,122.46533203125,27.521317824721336,151.4462890625,150.2265625,INDIVIDUAL_ANNOTATOR_LOOP,with_mapper,full,12913,5.715879011391012,134492
59,32,119,170,3.8822125643491745,122.66015625,28.807178139686584,151.4453125,150.2275390625,INDIVIDUAL_ANNOTATOR_LOOP,with_mapper,full,12913,5.715879011391012,134492
60,32,141,198,3.9054136723279953,122.85595703125,33.39042514562607,151.44775390625,150.23095703125,INDIVIDUAL_ANNOTATOR_LOOP,with_mapper,full,12913,5.715879011391012,134492
61,32,111,176,3.86875681579113,123.05419921875,29.757995158433914,151.4482421875,150.228515625,INDIVIDUAL_ANNOTATOR_LOOP,with_mapper,full,12913,5.715879011391012,134492
62,32,142,189,3.911016508936882,123.2509765625,32.006461173295975,151.4482421875,150.23046875,INDIVIDUAL_ANNOTATOR_LOOP,with_mapper,full,12913,5.715879011391012,134492
63,32,105,166,3.8687586784362793,123.44873046875,28.006432577967644,151.4482421875,150.2265625,INDIVIDUAL_ANNOTATOR_LOOP,with_mapper,full,12913,5.715879011391012,134492
64,32,152,185,4.185736179351807,123.6435546875,31.32888488471508,151.4462890625,150.23046875,INDIVIDUAL_ANNOTATOR_LOOP,with_mapper,full,12913,5.715879011391012,134492
65,32,131,168,3.876384347677231,123.84130859375,28.585204854607582,151.4482421875,150.2275390625,INDIVIDUAL_ANNOTATOR_LOOP,with_mapper,full,12913,5.715879011391012,134492
66,32,147,183,3.900943323969841,124.037109375,31.126156449317932,151.4462890625,150.2275390625,INDIVIDUAL_ANNOTATOR_LOOP,with_mapper,full,12913,5.715879011391012,134492
67,32,138,186,3.89811210334301,124.23291015625,31.535083428025246,151.4462890625,150.2275390625,INDIVIDUAL_ANNOTATOR_LOOP,with_mapper,full,12913,5.715879011391012,134492
68,32,173,202,3.9408039301633835,124.4287109375,34.06168147921562,151.44775390625,150.23095703125,INDIVIDUAL_ANNOTATOR_LOOP,with_mapper,full,12913,5.715879011391012,134492
69,32,122,173,3.881547600030899,124.626953125,29.343856498599052,151.4482421875,150.2275390625,INDIVIDUAL_ANNOTATOR_LOOP,with_mapper,full,12913,5.715879011391012,134492
70,32,168,211,3.9522089064121246,124.82275390625,35.42042896151543,151.44677734375,150.22900390625,INDIVIDUAL_ANNOTATOR_LOOP,with_mapper,full,12913,5.715879011391012,134492
71,32,126,173,3.9106737822294235,125.02001953125,32.77653269469738,151.447265625,150.2275390625,INDIVIDUAL_ANNOTATOR_LOOP,with_mapper,full,12913,5.715879011391012,134492
72,32,133,190,3.91373410820961,125.2158203125,32.91998617351055,151.4462890625,150.228515625,INDIVIDUAL_ANNOTATOR_LOOP,with_mapper,full,12913,5.715879011391012,134492
73,32,188,221,3.9352327585220337,125.41259765625,38.15632313489914,151.44775390625,150.22900390625,INDIVIDUAL_ANNOTATOR_LOOP,with_mapper,full,12913,5.715879011391012,134492
74,32,148,173,3.928614780306816,125.60986328125,29.99042719602585,151.447265625,150.2275390625,INDIVIDUAL_ANNOTATOR_LOOP,with_mapper,full,12913,5.715879011391012,134492
75,32,160,204,4.193443804979324,125.8056640625,34.948067739605904,151.44775390625,150.23193359375,INDIVIDUAL_ANNOTATOR_LOOP,with_mapper,full,12913,5.715879011391012,134492
76,32,114,187,3.8872472941875458,126.0048828125,31.736167147755623,151.44921875,150.228515625,INDIVIDUAL_ANNOTATOR_LOOP,with_mapper,full,12913,5.715879011391012,134492
77,32,142,197,3.9223283529281616,126.20166015625,33.88231061398983,151.44873046875,150.23095703125,INDIVIDUAL_ANNOTATOR_LOOP,with_mapper,full,12913,5.715879011391012,134492
78,32,142,187,3.902025520801544,126.39990234375,31.567391008138657,151.44921875,150.23046875,INDIVIDUAL_ANNOTATOR_LOOP,with_mapper,full,12913,5.715879011391012,134492
79,32,150,192,3.9010345935821533,126.59765625,32.45752491056919,151.44921875,150.23046875,INDIVIDUAL_ANNOTATOR_LOOP,with_mapper,full,12913,5.715879011391012,134492
80,32,147,177,3.9958469569683075,126.79541015625,30.130239203572273,151.44921875,150.23046875,INDIVIDUAL_ANNOTATOR_LOOP,with_mapper,full,12913,5.715879011391012,134492
81,32,111,162,3.8874689489603043,126.9931640625,27.539735659956932,151.4482421875,150.2265625,INDIVIDUAL_ANNOTATOR_LOOP,with_mapper,full,12913,5.715879011391012,134492
82,32,151,184,3.872668370604515,127.18798828125,31.570885330438614,151.4453125,150.2275390625,INDIVIDUAL_ANNOTATOR_LOOP,with_mapper,full,12913,5.715879011391012,134492
83,32,134,190,3.8907360285520554,127.3837890625,31.998470425605774,151.447265625,150.2333984375,INDIVIDUAL_ANNOTATOR_LOOP,with_mapper,full,12913,5.715879011391012,134492
84,32,163,192,3.926169127225876,127.58447265625,32.82648138701916,151.4521484375,150.23046875,INDIVIDUAL_ANNOTATOR_LOOP,with_mapper,full,12913,5.715879011391012,134492
85,32,146,203,4.1835494339466095,127.7822265625,34.024760127067566,151.44970703125,150.23095703125,INDIVIDUAL_ANNOTATOR_LOOP,with_mapper,full,12913,5.715879011391012,134492
86,32,95,164,3.855716437101364,127.98046875,27.701355516910553,151.4482421875,150.2265625,INDIVIDUAL_ANNOTATOR_LOOP,with_mapper,full,12913,5.715879011391012,134492
87,32,126,171,3.8891583681106567,128.17529296875,29.454097151756287,151.4453125,150.2275390625,INDIVIDUAL_ANNOTATOR_LOOP,with_mapper,full,12913,5.715879011391012,134492
88,32,113,169,3.891119733452797,128.37109375,28.558066114783287,151.4462890625,150.2275390625,INDIVIDUAL_ANNOTATOR_LOOP,with_mapper,full,12913,5.715879011391012,134492
89,32,118,189,3.9489679038524628,128.56689453125,31.73688054084778,151.447265625,150.23046875,INDIVIDUAL_ANNOTATOR_LOOP,with_mapper,full,12913,5.715879011391012,134492
90,32,173,212,3.925364464521408,128.7646484375,35.68678721785545,151.44970703125,150.23095703125,INDIVIDUAL_ANNOTATOR_LOOP,with_mapper,full,12913,5.715879011391012,134492
91,32,132,187,3.8803089410066605,128.962890625,31.60923160612583,151.44921875,150.23046875,INDIVIDUAL_ANNOTATOR_LOOP,with_mapper,full,12913,5.715879011391012,134492
92,32,110,162,3.8744118064641953,129.16064453125,27.85373479127884,151.4482421875,150.2265625,INDIVIDUAL_ANNOTATOR_LOOP,with_mapper,full,12913,5.715879011391012,134492
93,32,133,180,3.890475258231163,129.35546875,30.47264739871025,151.4453125,150.228515625,INDIVIDUAL_ANNOTATOR_LOOP,with_mapper,full,12913,5.715879011391012,134492
94,32,135,189,3.8651321083307266,129.55224609375,32.133687287569046,151.4482421875,150.23046875,INDIVIDUAL_ANNOTATOR_LOOP,with_mapper,full,12913,5.715879011391012,134492
95,32,108,163,4.140349105000496,129.75,27.680274099111557,151.4482421875,150.2265625,INDIVIDUAL_ANNOTATOR_LOOP,with_mapper,full,12913,5.715879011391012,134492
96,32,101,169,3.92802432179451,129.94482421875,28.67186814546585,151.4453125,150.2275390625,INDIVIDUAL_ANNOTATOR_LOOP,with_mapper,full,12913,5.715879011391012,134492
97,32,115,178,3.8926489651203156,130.140625,30.255014076828957,151.4462890625,150.2275390625,INDIVIDUAL_ANNOTATOR_LOOP,with_mapper,full,12913,5.715879011391012,134492
98,32,134,184,3.8869697600603104,130.33642578125,31.031906604766846,151.4462890625,150.228515625,INDIVIDUAL_ANNOTATOR_LOOP,with_mapper,full,12913,5.715879011391012,134492
99,32,130,179,3.8938522338867188,130.533203125,30.27830831706524,151.447265625,150.2275390625,INDIVIDUAL_ANNOTATOR_LOOP,with_mapper,full,12913,5.715879011391012,134492
100,32,187,219,3.9519015699625015,130.72900390625,37.01248951256275,151.44775390625,150.23095703125,INDIVIDUAL_ANNOTATOR_LOOP,with_mapper,full,12913,5.715879011391012,134492
101,32,103,181,3.971284255385399,130.92724609375,30.97924031317234,151.4482421875,150.228515625,INDIVIDUAL_ANNOTATOR_LOOP,with_mapper,full,12913,5.715879011391012,134492
102,32,107,177,3.8658324629068375,131.1240234375,29.873812571167946,151.4482421875,150.2314453125,INDIVIDUAL_ANNOTATOR_LOOP,with_mapper,full,12913,5.715879011391012,134492
103,32,105,168,3.846272826194763,131.32275390625,28.52977067232132,151.44921875,150.2275390625,INDIVIDUAL_ANNOTATOR_LOOP,with_mapper,full,12913,5.715879011391012,134492
104,32,139,184,3.8846470415592194,131.5185546875,31.176600605249405,151.447265625,150.23046875,INDIVIDUAL_ANNOTATOR_LOOP,with_mapper,full,12913,5.715879011391012,134492
105,32,93,162,4.252517595887184,131.71630859375,27.49866060912609,151.4482421875,150.2265625,INDIVIDUAL_ANNOTATOR_LOOP,with_mapper,full,12913,5.715879011391012,134492
106,32,138,188,3.8851965218782425,131.9111328125,32.25176967680454,151.4453125,150.228515625,INDIVIDUAL_ANNOTATOR_LOOP,with_mapper,full,12913,5.715879011391012,134492
107,32,109,176,3.8705244660377502,132.10791015625,29.841549694538116,151.4482421875,150.23046875,INDIVIDUAL_ANNOTATOR_LOOP,with_mapper,full,12913,5.715879011391012,134492
108,32,107,164,3.876997157931328,132.3056640625,27.927760034799576,151.4482421875,150.2275390625,INDIVIDUAL_ANNOTATOR_LOOP,with_mapper,full,12913,5.715879011391012,134492
109,32,127,173,3.878246992826462,132.50146484375,29.370026662945747,151.4462890625,150.2275390625,INDIVIDUAL_ANNOTATOR_LOOP,with_mapper,full,12913,5.715879011391012,134492
110,32,139,183,3.896135836839676,132.697265625,31.04952722787857,151.447265625,150.23046875,INDIVIDUAL_ANNOTATOR_LOOP,with_mapper,full,12913,5.715879011391012,134492
111,32,156,201,3.8924571126699448,132.89501953125,33.82904827594757,151.44970703125,150.23095703125,INDIVIDUAL_ANNOTATOR_LOOP,with_mapper,full,12913,5.715879011391012,134492
112,32,170,208,3.9697159081697464,133.09326171875,35.36985628306866,151.44970703125,150.23095703125,INDIVIDUAL_ANNOTATOR_LOOP,with_mapper,full,12913,5.715879011391012,134492
113,32,156,185,4.203880205750465,133.29150390625,31.278084963560104,151.4482421875,150.2275390625,INDIVIDUAL_ANNOTATOR_LOOP,with_mapper,full,12913,5.715879011391012,134492
114,32,126,171,3.8705281913280487,133.4873046875,29.105955734848976,151.4462890625,150.2275390625,INDIVIDUAL_ANNOTATOR_LOOP,with_mapper,full,12913,5.715879011391012,134492
115,32,122,177,4.267942160367966,133.68310546875,29.997702687978745,151.447265625,150.23046875,INDIVIDUAL_ANNOTATOR_LOOP,with_mapper,full,12913,5.715879011391012,134492
116,32,134,181,3.9123576134443283,133.880859375,30.58803081512451,151.44921875,150.23046875,INDIVIDUAL_ANNOTATOR_LOOP,with_mapper,full,12913,5.715879011391012,134492
117,32,97,171,3.8684606552124023,134.07861328125,28.803864493966103,151.4482421875,150.2275390625,INDIVIDUAL_ANNOTATOR_LOOP,with_mapper,full,12913,5.715879011391012,134492
118,32,139,173,3.9186496287584305,134.2744140625,29.28897738456726,151.4462890625,150.228515625,INDIVIDUAL_ANNOTATOR_LOOP,with_mapper,full,12913,5.715879011391012,134492
119,32,141,187,3.8905441761016846,134.47119140625,31.635135412216187,151.447265625,150.228515625,INDIVIDUAL_ANNOTATOR_LOOP,with_mapper,full,12913,5.715879011391012,134492
120,32,113,170,3.8766954094171524,134.66796875,28.837308287620544,151.447265625,150.2275390625,INDIVIDUAL_ANNOTATOR_LOOP,with_mapper,full,12913,5.715879011391012,134492
121,32,140,191,3.911556676030159,134.86376953125,32.565491273999214,151.447265625,150.23046875,INDIVIDUAL_ANNOTATOR_LOOP,with_mapper,full,12913,5.715879011391012,134492
122,32,135,183,3.884127363562584,135.0615234375,30.898727476596832,151.44921875,150.23046875,INDIVIDUAL_ANNOTATOR_LOOP,with_mapper,full,12913,5.715879011391012,134492
123,32,149,209,3.9274487644433975,135.25927734375,35.02272441983223,151.44970703125,150.23095703125,INDIVIDUAL_ANNOTATOR_LOOP,with_mapper,full,12913,5.715879011391012,134492
124,32,147,191,4.050195217132568,135.45751953125,32.45631046593189,151.4482421875,150.228515625,INDIVIDUAL_ANNOTATOR_LOOP,with_mapper,full,12913,5.715879011391012,134492
125,32,98,169,4.1565969586372375,135.654296875,28.43794785439968,151.447265625,150.2275390625,INDIVIDUAL_ANNOTATOR_LOOP,with_mapper,full,12913,5.715879011391012,134492
126,32,131,167,3.866158425807953,135.85009765625,28.540652245283127,151.4462890625,150.2275390625,INDIVIDUAL_ANNOTATOR_LOOP,with_mapper,full,12913,5.715879011391012,134492
127,32,141,183,3.8986392319202423,136.0458984375,30.939891934394836,151.447265625,150.23046875,INDIVIDUAL_ANNOTATOR_LOOP,with_mapper,full,12913,5.715879011391012,134492
128,32,153,197,3.923676908016205,136.24365234375,33.47788751125336,151.44970703125,150.23095703125,INDIVIDUAL_ANNOTATOR_LOOP,with_mapper,full,12913,5.715879011391012,134492
129,32,155,200,3.8966964930295944,136.44189453125,33.73729810118675,151.44970703125,150.23095703125,INDIVIDUAL_ANNOTATOR_LOOP,with_mapper,full,12913,5.715879011391012,134492
130,32,160,198,3.909751772880554,136.64013671875,33.49681757390499,151.44970703125,150.23095703125,INDIVIDUAL_ANNOTATOR_LOOP,with_mapper,full,12913,5.715879011391012,134492
131,32,147,198,3.9240382611751556,136.83837890625,33.317046239972115,151.44970703125,150.23095703125,INDIVIDUAL_ANNOTATOR_LOOP,with_mapper,full,12913,5.715879011391012,134492
132,32,165,219,3.9474405348300934,137.03662109375,37.12866082787514,151.44970703125,150.23193359375,INDIVIDUAL_ANNOTATOR_LOOP,with_mapper,full,12913,5.715879011391012,134492
133,32,123,184,3.928571939468384,137.23583984375,30.97504936158657,151.4501953125,150.23046875,INDIVIDUAL_ANNOTATOR_LOOP,with_mapper,full,12913,5.715879011391012,134492
134,32,164,182,3.9151646196842194,137.43359375,30.98519518971443,151.44921875,150.23046875,INDIVIDUAL_ANNOTATOR_LOOP,with_mapper,full,12913,5.715879011391012,134492
135,32,155,201,4.258792847394943,137.63134765625,33.980218693614006,151.44970703125,150.23095703125,INDIVIDUAL_ANNOTATOR_LOOP,with_mapper,full,12913,5.715879011391012,134492
136,32,123,179,3.9724502712488174,137.82958984375,30.234843492507935,151.44921875,150.23046875,INDIVIDUAL_ANNOTATOR_LOOP,with_mapper,full,12913,5.715879011391012,134492
137,32,158,198,3.9059408009052277,138.02734375,33.253688365221024,151.44970703125,150.23095703125,INDIVIDUAL_ANNOTATOR_LOOP,with_mapper,full,12913,5.715879011391012,134492
138,32,162,203,3.931574523448944,138.2255859375,34.076619893312454,151.44873046875,150.22900390625,INDIVIDUAL_ANNOTATOR_LOOP,with_mapper,full,12913,5.715879011391012,134492
139,32,134,192,3.89900803565979,138.4228515625,32.22806751728058,151.447265625,150.2275390625,INDIVIDUAL_ANNOTATOR_LOOP,with_mapper,full,12913,5.715879011391012,134492
140,32,115,160,3.852495923638344,138.61865234375,27.622975409030914,151.4462890625,150.2265625,INDIVIDUAL_ANNOTATOR_LOOP,with_mapper,full,12913,5.715879011391012,134492
141,32,146,188,3.9293020963668823,138.8134765625,31.605113297700882,151.4453125,150.228515625,INDIVIDUAL_ANNOTATOR_LOOP,with_mapper,full,12913,5.715879011391012,134492
142,32,120,177,4.017585888504982,139.01025390625,30.29320016503334,151.4482421875,150.23046875,INDIVIDUAL_ANNOTATOR_LOOP,with_mapper,full,12913,5.715879011391012,134492
143,32,99,163,3.9333198219537735,139.2080078125,27.587559074163437,151.4482421875,150.2265625,INDIVIDUAL_ANNOTATOR_LOOP,with_mapper,full,12913,5.715879011391012,134492
144,32,144,189,3.927171230316162,139.40283203125,32.18039311468601,151.4462890625,150.23046875,INDIVIDUAL_ANNOTATOR_LOOP,with_mapper,full,12913,5.715879011391012,134492
145,32,115,181,3.9126314222812653,139.6005859375,30.458465218544006,151.4482421875,150.228515625,INDIVIDUAL_ANNOTATOR_LOOP,with_mapper,full,12913,5.715879011391012,134492
146,32,132,181,4.218151792883873,139.79736328125,31.003203243017197,151.447265625,150.228515625,INDIVIDUAL_ANNOTATOR_LOOP,with_mapper,full,12913,5.715879011391012,134492
147,32,106,165,3.9145927876234055,139.994140625,28.724558651447296,151.447265625,150.2275390625,INDIVIDUAL_ANNOTATOR_LOOP,with_mapper,full,12913,5.715879011391012,134492
148,32,103,171,3.8778502494096756,140.18994140625,28.88287976384163,151.4462890625,150.2275390625,INDIVIDUAL_ANNOTATOR_LOOP,with_mapper,full,12913,5.715879011391012,134492
149,32,133,182,3.9286967366933823,140.3857421875,31.075473874807358,151.4462890625,150.228515625,INDIVIDUAL_ANNOTATOR_LOOP,with_mapper,full,12913,5.715879011391012,134492
150,32,100,171,3.9220470935106277,140.58251953125,29.13057617843151,151.447265625,150.2275390625,INDIVIDUAL_ANNOTATOR_LOOP,with_mapper,full,12913,5.715879011391012,134492
151,32,146,182,3.9097443222999573,140.7783203125,31.055063009262085,151.4462890625,150.2275390625,INDIVIDUAL_ANNOTATOR_LOOP,with_mapper,full,12913,5.715879011391012,134492
152,32,161,202,3.9464160799980164,140.97412109375,34.10695679485798,151.44775390625,150.23095703125,INDIVIDUAL_ANNOTATOR_LOOP,with_mapper,full,12913,5.715879011391012,134492
153,32,135,201,3.922130912542343,141.17236328125,33.913012593984604,151.44970703125,150.23095703125,INDIVIDUAL_ANNOTATOR_LOOP,with_mapper,full,12913,5.715879011391012,134492
154,32,134,180,3.9041321724653244,141.37060546875,30.550546944141388,151.44921875,150.23046875,INDIVIDUAL_ANNOTATOR_LOOP,with_mapper,full,12913,5.715879011391012,134492
155,32,179,198,3.9528924971818924,141.568359375,33.6736012250185,151.44873046875,150.22900390625,INDIVIDUAL_ANNOTATOR_LOOP,with_mapper,full,12913,5.715879011391012,134492
156,32,128,180,4.162248224020004,141.765625,30.751891434192657,151.4482421875,150.23046875,INDIVIDUAL_ANNOTATOR_LOOP,with_mapper,full,12913,5.715879011391012,134492
157,32,132,184,3.8818083703517914,141.96337890625,31.55369870364666,151.44921875,150.23046875,INDIVIDUAL_ANNOTATOR_LOOP,with_mapper,full,12913,5.715879011391012,134492
158,32,155,193,3.9214380085468292,142.1611328125,32.80733525753021,151.44970703125,150.23095703125,INDIVIDUAL_ANNOTATOR_LOOP,with_mapper,full,12913,5.715879011391012,134492
159,32,152,193,3.9431042969226837,142.359375,32.966503873467445,151.44873046875,150.22900390625,INDIVIDUAL_ANNOTATOR_LOOP,with_mapper,full,12913,5.715879011391012,134492
160,32,133,172,3.9215944707393646,142.556640625,29.23443354666233,151.447265625,150.2275390625,INDIVIDUAL_ANNOTATOR_LOOP,with_mapper,full,12913,5.715879011391012,134492
161,32,153,192,3.9181001484394073,142.75244140625,32.39322081208229,151.447265625,150.23046875,INDIVIDUAL_ANNOTATOR_LOOP,with_mapper,full,12913,5.715879011391012,134492
162,32,113,173,3.8912054151296616,142.9501953125,29.361577704548836,151.44921875,150.23046875,INDIVIDUAL_ANNOTATOR_LOOP,with_mapper,full,12913,5.715879011391012,134492
163,32,125,182,3.991439938545227,143.14794921875,30.73403425514698,151.4482421875,150.2275390625,INDIVIDUAL_ANNOTATOR_LOOP,with_mapper,full,12913,5.715879011391012,134492
164,32,122,171,3.901710733771324,143.34375,29.17449176311493,151.4462890625,150.2275390625,INDIVIDUAL_ANNOTATOR_LOOP,with_mapper,full,12913,5.715879011391012,134492
165,32,163,188,3.9296522736549377,143.53955078125,32.038306817412376,151.4462890625,150.228515625,INDIVIDUAL_ANNOTATOR_LOOP,with_mapper,full,12913,5.715879011391012,134492
166,32,133,187,4.192560911178589,143.736328125,31.57695196568966,151.4482421875,150.23046875,INDIVIDUAL_ANNOTATOR_LOOP,with_mapper,full,12913,5.715879011391012,134492
167,32,135,184,3.928644582629204,143.93408203125,31.244132667779922,151.4482421875,150.228515625,INDIVIDUAL_ANNOTATOR_LOOP,with_mapper,full,12913,5.715879011391012,134492
168,32,152,182,3.9070528000593185,144.130859375,30.93179129064083,151.447265625,150.228515625,INDIVIDUAL_ANNOTATOR_LOOP,with_mapper,full,12913,5.715879011391012,134492
169,32,134,184,3.900904208421707,144.32763671875,31.47265873849392,151.4482421875,150.23046875,INDIVIDUAL_ANNOTATOR_LOOP,with_mapper,full,12913,5.715879011391012,134492
170,32,141,194,3.9383843541145325,144.525390625,33.17362256348133,151.44970703125,150.23095703125,INDIVIDUAL_ANNOTATOR_LOOP,with_mapper,full,12913,5.715879011391012,134492
171,32,143,195,3.9342325180768967,144.7236328125,33.10059383511543,151.44970703125,150.23193359375,INDIVIDUAL_ANNOTATOR_LOOP,with_mapper,full,12913,5.715879011391012,134492
172,32,132,186,3.902999684214592,144.9228515625,37.8299318253994,151.44921875,150.228515625,INDIVIDUAL_ANNOTATOR_LOOP,with_mapper,full,12913,5.715879011391012,134492
173,32,134,182,3.9328765124082565,145.11962890625,31.853923574090004,151.447265625,150.2275390625,INDIVIDUAL_ANNOTATOR_LOOP,with_mapper,full,12913,5.715879011391012,134492
174,32,126,182,3.9786621928215027,145.3154296875,31.572721898555756,151.4462890625,150.2275390625,INDIVIDUAL_ANNOTATOR_LOOP,with_mapper,full,12913,5.715879011391012,134492
175,32,142,193,3.997333347797394,145.51123046875,33.093953505158424,151.44775390625,150.23095703125,INDIVIDUAL_ANNOTATOR_LOOP,with_mapper,full,12913,5.715879011391012,134492
176,32,117,174,4.278499633073807,145.70947265625,30.388878658413887,151.4482421875,150.2275390625,INDIVIDUAL_ANNOTATOR_LOOP,with_mapper,full,12913,5.715879011391012,134492
177,32,157,208,3.9332881569862366,145.9052734375,35.521041601896286,151.44775390625,150.23193359375,INDIVIDUAL_ANNOTATOR_LOOP,with_mapper,full,12913,5.715879011391012,134492
178,32,126,186,3.9054863154888153,146.1044921875,31.594930216670036,151.44921875,150.228515625,INDIVIDUAL_ANNOTATOR_LOOP,with_mapper,full,12913,5.715879011391012,134492
179,32,110,171,3.895336762070656,146.30126953125,29.28861975669861,151.447265625,150.2275390625,INDIVIDUAL_ANNOTATOR_LOOP,with_mapper,full,12913,5.715879011391012,134492
180,32,113,167,3.889201208949089,146.4970703125,28.5098347812891,151.4462890625,150.2275390625,INDIVIDUAL_ANNOTATOR_LOOP,with_mapper,full,12913,5.715879011391012,134492
181,32,126,185,3.904813900589943,146.69287109375,31.41835145652294,151.447265625,150.2314453125,INDIVIDUAL_ANNOTATOR_LOOP,with_mapper,full,12913,5.715879011391012,134492
182,32,130,189,3.8983095437288284,146.8916015625,32.021015882492065,151.44921875,150.228515625,INDIVIDUAL_ANNOTATOR_LOOP,with_mapper,full,12913,5.715879011391012,134492
183,32,103,176,3.891596570611,147.08837890625,30.02552129328251,151.447265625,150.228515625,INDIVIDUAL_ANNOTATOR_LOOP,with_mapper,full,12913,5.715879011391012,134492
184,32,125,175,3.8887914270162582,147.28515625,29.689956456422806,151.447265625,150.2275390625,INDIVIDUAL_ANNOTATOR_LOOP,with_mapper,full,12913,5.715879011391012,134492
185,32,117,180,3.8781408220529556,147.48095703125,30.3022637963295,151.447265625,150.23046875,INDIVIDUAL_ANNOTATOR_LOOP,with_mapper,full,12913,5.715879011391012,134492
186,32,114,169,4.160908982157707,147.6787109375,28.775885701179504,151.4482421875,150.2275390625,INDIVIDUAL_ANNOTATOR_LOOP,with_mapper,full,12913,5.715879011391012,134492
187,32,94,160,3.9491169154644012,147.87451171875,27.279719710350037,151.4462890625,150.2265625,INDIVIDUAL_ANNOTATOR_LOOP,with_mapper,full,12913,5.715879011391012,134492
188,32,125,180,3.937171772122383,148.0693359375,30.523495748639107,151.4453125,150.228515625,INDIVIDUAL_ANNOTATOR_LOOP,with_mapper,full,12913,5.715879011391012,134492
189,32,126,174,3.8765687495470047,148.26611328125,29.795613139867783,151.447265625,150.2275390625,INDIVIDUAL_ANNOTATOR_LOOP,with_mapper,full,12913,5.715879011391012,134492
190,32,122,179,3.976576030254364,148.4619140625,31.933225691318512,151.4462890625,150.2275390625,INDIVIDUAL_ANNOTATOR_LOOP,with_mapper,full,12913,5.715879011391012,134492
191,32,108,167,3.880385309457779,148.65771484375,28.409622609615326,151.4462890625,150.2275390625,INDIVIDUAL_ANNOTATOR_LOOP,with_mapper,full,12913,5.715879011391012,134492
192,32,138,186,3.882208839058876,148.853515625,31.49493969976902,151.447265625,150.23046875,INDIVIDUAL_ANNOTATOR_LOOP,with_mapper,full,12913,5.715879011391012,134492
193,32,112,176,3.9499755948781967,149.05126953125,29.658859595656395,151.4482421875,150.2275390625,INDIVIDUAL_ANNOTATOR_LOOP,with_mapper,full,12913,5.715879011391012,134492
194,32,143,183,3.896459937095642,149.2470703125,31.052500009536743,151.447265625,150.23046875,INDIVIDUAL_ANNOTATOR_LOOP,with_mapper,full,12913,5.715879011391012,134492
195,32,146,197,3.885798156261444,149.44482421875,33.01793895661831,151.44970703125,150.23095703125,INDIVIDUAL_ANNOTATOR_LOOP,with_mapper,full,12913,5.715879011391012,134492
196,32,125,182,4.177127033472061,149.64306640625,30.720219016075134,151.4482421875,150.228515625,INDIVIDUAL_ANNOTATOR_LOOP,with_mapper,full,12913,5.715879011391012,134492
197,32,110,161,3.8595423102378845,149.83984375,28.685135766863823,151.447265625,150.2265625,INDIVIDUAL_ANNOTATOR_LOOP,with_mapper,full,12913,5.715879011391012,134492
198,32,122,184,3.9052609354257584,150.03466796875,33.374642953276634,151.4453125,150.228515625,INDIVIDUAL_ANNOTATOR_LOOP,with_mapper,full,12913,5.715879011391012,134492
199,32,149,190,3.9243120700120926,150.2314453125,33.9148435741663,151.4482421875,150.23046875,INDIVIDUAL_ANNOTATOR_LOOP,with_mapper,full,12913,5.715879011391012,134492
0,32,60,132,1.9310973584651947,73.10546875,1.5930794179439545,112.3994140625,111.1806640625,BASELINE_AGGREGATE,without_mapper,100plus,461,3.73908462033462,124320
1,32,74,133,1.8784571439027786,73.296875,1.3227332383394241,112.3994140625,111.1806640625,BASELINE_AGGREGATE,without_mapper,100plus,461,3.73908462033462,124320
2,32,56,112,1.986706629395485,73.48828125,1.325950026512146,112.3994140625,111.1806640625,BASELINE_AGGREGATE,without_mapper,100plus,461,3.73908462033462,124320
3,32,83,119,2.225605770945549,73.6796875,1.3321954756975174,112.3994140625,111.1806640625,BASELINE_AGGREGATE,without_mapper,100plus,461,3.73908462033462,124320
4,32,53,113,1.9035395234823227,73.87109375,1.308651641011238,112.3994140625,111.1806640625,BASELINE_AGGREGATE,without_mapper,100plus,461,3.73908462033462,124320
5,32,68,110,1.937825232744217,74.0625,1.3333670794963837,112.3994140625,111.1806640625,BASELINE_AGGREGATE,without_mapper,100plus,461,3.73908462033462,124320
6,32,74,122,1.9371528178453445,74.25390625,1.3145580887794495,112.3994140625,111.1806640625,BASELINE_AGGREGATE,without_mapper,100plus,461,3.73908462033462,124320
7,32,64,112,1.995779573917389,74.4453125,1.3140924274921417,112.3994140625,111.1806640625,BASELINE_AGGREGATE,without_mapper,100plus,461,3.73908462033462,124320
8,32,64,125,1.9001476466655731,74.63671875,1.3452209532260895,112.3994140625,111.1806640625,BASELINE_AGGREGATE,without_mapper,100plus,461,3.73908462033462,124320
9,32,58,125,1.8965881317853928,74.828125,1.315675675868988,112.3994140625,111.1806640625,BASELINE_AGGREGATE,without_mapper,100plus,461,3.73908462033462,124320
10,32,69,102,1.9830279052257538,75.01953125,1.3183504343032837,112.3994140625,111.1806640625,BASELINE_AGGREGATE,without_mapper,100plus,461,3.73908462033462,124320
11,32,69,117,1.9269082695245743,75.2109375,1.3082269579172134,112.3994140625,111.1806640625,BASELINE_AGGREGATE,without_mapper,100plus,461,3.73908462033462,124320
12,32,57,102,1.9742194563150406,75.40234375,1.312505453824997,112.3994140625,111.1806640625,BASELINE_AGGREGATE,without_mapper,100plus,461,3.73908462033462,124320
13,32,51,120,1.9539110362529755,75.59375,1.3031400740146637,112.3994140625,111.1806640625,BASELINE_AGGREGATE,without_mapper,100plus,461,3.73908462033462,124320
14,32,60,90,2.3085400462150574,75.78515625,1.316295936703682,112.3994140625,111.1806640625,BASELINE_AGGREGATE,without_mapper,100plus,461,3.73908462033462,124320
15,32,61,118,1.9200723618268967,75.9765625,1.3159643858671188,112.3994140625,111.1806640625,BASELINE_AGGREGATE,without_mapper,100plus,461,3.73908462033462,124320
16,32,61,100,2.0157024264335632,76.16796875,1.3218801468610764,112.3994140625,111.1806640625,BASELINE_AGGREGATE,without_mapper,100plus,461,3.73908462033462,124320
17,32,54,125,1.9349604845046997,76.359375,1.2963172048330307,112.3994140625,111.1806640625,BASELINE_AGGREGATE,without_mapper,100plus,461,3.73908462033462,124320
18,32,64,112,1.925995573401451,76.55078125,1.3128407299518585,112.3994140625,111.1806640625,BASELINE_AGGREGATE,without_mapper,100plus,461,3.73908462033462,124320
19,32,62,117,1.8545854836702347,76.7421875,1.2994222342967987,112.3994140625,111.1806640625,BASELINE_AGGREGATE,without_mapper,100plus,461,3.73908462033462,124320
20,32,58,124,1.8962398171424866,76.93359375,1.3134870678186417,112.3994140625,111.1806640625,BASELINE_AGGREGATE,without_mapper,100plus,461,3.73908462033462,124320
21,32,76,126,1.889251172542572,77.125,1.3075433671474457,112.3994140625,111.1806640625,BASELINE_AGGREGATE,without_mapper,100plus,461,3.73908462033462,124320
22,32,67,122,1.8886197358369827,77.31640625,1.3192594051361084,112.3994140625,111.1806640625,BASELINE_AGGREGATE,without_mapper,100plus,461,3.73908462033462,124320
23,32,86,132,1.8830522894859314,77.5078125,1.3127811253070831,112.3994140625,111.1806640625,BASELINE_AGGREGATE,without_mapper,100plus,461,3.73908462033462,124320
24,32,70,119,2.1870024502277374,77.69921875,1.3176072388887405,112.3994140625,111.1806640625,BASELINE_AGGREGATE,without_mapper,100plus,461,3.73908462033462,124320
25,32,68,119,1.8973629921674728,77.890625,1.3098865747451782,112.3994140625,111.1806640625,BASELINE_AGGREGATE,without_mapper,100plus,461,3.73908462033462,124320
26,32,58,123,1.95356085896492,78.08203125,1.3183709233999252,112.3994140625,111.1806640625,BASELINE_AGGREGATE,without_mapper,100plus,461,3.73908462033462,124320
27,32,65,125,1.889904960989952,78.2734375,1.3165641576051712,112.3994140625,111.1806640625,BASELINE_AGGREGATE,without_mapper,100plus,461,3.73908462033462,124320
28,32,52,128,1.8853433430194855,78.46484375,1.306738704442978,112.3994140625,111.1806640625,BASELINE_AGGREGATE,without_mapper,100plus,461,3.73908462033462,124320
29,32,50,110,1.97528675198555,78.65625,1.314828172326088,112.3994140625,111.1806640625,BASELINE_AGGREGATE,without_mapper,100plus,461,3.73908462033462,124320
30,32,61,117,1.9443091005086899,78.84765625,1.307167112827301,112.3994140625,111.1806640625,BASELINE_AGGREGATE,without_mapper,100plus,461,3.73908462033462,124320
31,32,62,122,1.8527358770370483,79.0390625,1.3208258897066116,112.3994140625,111.1806640625,BASELINE_AGGREGATE,without_mapper,100plus,461,3.73908462033462,124320
32,32,64,132,1.8695574253797531,79.23046875,1.3122502714395523,112.3994140625,111.1806640625,BASELINE_AGGREGATE,without_mapper,100plus,461,3.73908462033462,124320
33,32,76,129,2.046702429652214,79.421875,1.3027805835008621,112.3994140625,111.1806640625,BASELINE_AGGREGATE,without_mapper,100plus,461,3.73908462033462,124320
34,32,51,115,1.9977353513240814,79.61328125,1.3081226497888565,112.3994140625,111.1806640625,BASELINE_AGGREGATE,without_mapper,100plus,461,3.73908462033462,124320
35,32,67,121,2.2905245423316956,79.8046875,1.3001170009374619,112.3994140625,111.1806640625,BASELINE_AGGREGATE,without_mapper,100plus,461,3.73908462033462,124320
36,32,59,104,2.015668898820877,79.99609375,1.309853047132492,112.3994140625,111.1806640625,BASELINE_AGGREGATE,without_mapper,100plus,461,3.73908462033462,124320
37,32,54,112,2.013161778450012,80.1875,1.3054274022579193,112.3994140625,111.1806640625,BASELINE_AGGREGATE,without_mapper,100plus,461,3.73908462033462,124320
38,32,62,119,1.9451677799224854,80.37890625,1.3266969472169876,112.3994140625,111.1806640625,BASELINE_AGGREGATE,without_mapper,100plus,461,3.73908462033462,124320
39,32,59,102,1.9605346024036407,80.5703125,1.3329386711120605,112.3994140625,111.1806640625,BASELINE_AGGREGATE,without_mapper,100plus,461,3.73908462033462,124320
40,32,71,113,1.9197482615709305,80.76171875,1.3105906546115875,112.3994140625,111.1806640625,BASELINE_AGGREGATE,without_mapper,100plus,461,3.73908462033462,124320
41,32,62,124,1.9262228161096573,80.953125,1.313788816332817,112.3994140625,111.1806640625,BASELINE_AGGREGATE,without_mapper,100plus,461,3.73908462033462,124320
42,32,63,116,1.951584592461586,81.14453125,1.3199225068092346,112.3994140625,111.1806640625,BASELINE_AGGREGATE,without_mapper,100plus,461,3.73908462033462,124320
43,32,78,108,1.9832029938697815,81.3359375,1.311570405960083,112.3994140625,111.1806640625,BASELINE_AGGREGATE,without_mapper,100plus,461,3.73908462033462,124320
44,32,66,131,1.9270237535238266,81.52734375,1.305093988776207,112.3994140625,111.1806640625,BASELINE_AGGREGATE,without_mapper,100plus,461,3.73908462033462,124320
45,32,60,123,2.305736765265465,81.71875,1.3511832803487778,112.3994140625,111.1806640625,BASELINE_AGGREGATE,without_mapper,100plus,461,3.73908462033462,124320
46,32,73,128,1.88550166785717,81.91015625,1.2965556234121323,112.3994140625,111.1806640625,BASELINE_AGGREGATE,without_mapper,100plus,461,3.73908462033462,124320
47,32,66,126,1.942479982972145,82.1015625,1.2966487556695938,112.3994140625,111.1806640625,BASELINE_AGGREGATE,without_mapper,100plus,461,3.73908462033462,124320
48,32,67,134,1.7377305775880814,82.29296875,1.3220924884080887,112.3994140625,111.1806640625,BASELINE_AGGREGATE,without_mapper,100plus,461,3.73908462033462,124320
49,32,66,112,1.9603371620178223,82.484375,1.2968983501195908,112.3994140625,111.1806640625,BASELINE_AGGREGATE,without_mapper,100plus,461,3.73908462033462,124320
50,32,78,128,1.8790122121572495,82.67578125,1.3051703572273254,112.3994140625,111.1806640625,BASELINE_AGGREGATE,without_mapper,100plus,461,3.73908462033462,124320
51,32,73,134,1.9040722399950027,82.8671875,1.2931395322084427,112.3994140625,111.1806640625,BASELINE_AGGREGATE,without_mapper,100plus,461,3.73908462033462,124320
52,32,66,120,1.8378179520368576,83.05859375,1.3181176036596298,112.3994140625,111.1806640625,BASELINE_AGGREGATE,without_mapper,100plus,461,3.73908462033462,124320
53,32,62,130,1.8528569489717484,83.25,1.4113746583461761,112.3994140625,111.1806640625,BASELINE_AGGREGATE,without_mapper,100plus,461,3.73908462033462,124320
54,32,74,115,2.0109619945287704,83.44140625,1.3202335685491562,112.3994140625,111.1806640625,BASELINE_AGGREGATE,without_mapper,100plus,461,3.73908462033462,124320
55,32,62,117,2.270551398396492,83.6328125,1.4266353100538254,112.3994140625,111.1806640625,BASELINE_AGGREGATE,without_mapper,100plus,461,3.73908462033462,124320
56,32,67,116,1.9398126751184464,83.82421875,1.6142651438713074,112.3994140625,111.1806640625,BASELINE_AGGREGATE,without_mapper,100plus,461,3.73908462033462,124320
57,32,76,120,1.8976517021656036,84.015625,1.3210158795118332,112.3994140625,111.1806640625,BASELINE_AGGREGATE,without_mapper,100plus,461,3.73908462033462,124320
58,32,59,128,1.8853358924388885,84.20703125,1.3060960918664932,112.3994140625,111.1806640625,BASELINE_AGGREGATE,without_mapper,100plus,461,3.73908462033462,124320
59,32,63,116,1.9377879798412323,84.3984375,1.2943428009748459,112.3994140625,111.1806640625,BASELINE_AGGREGATE,without_mapper,100plus,461,3.73908462033462,124320
60,32,65,117,1.898307353258133,84.58984375,1.3050884008407593,112.3994140625,111.1806640625,BASELINE_AGGREGATE,without_mapper,100plus,461,3.73908462033462,124320
61,32,63,112,2.0020119845867157,84.78125,1.3017542660236359,112.3994140625,111.1806640625,BASELINE_AGGREGATE,without_mapper,100plus,461,3.73908462033462,124320
62,32,74,119,1.890258863568306,84.97265625,1.3145264238119125,112.3994140625,111.1806640625,BASELINE_AGGREGATE,without_mapper,100plus,461,3.73908462033462,124320
63,32,76,103,1.9320622086524963,85.1640625,1.3049766421318054,112.3994140625,111.1806640625,BASELINE_AGGREGATE,without_mapper,100plus,461,3.73908462033462,124320
64,32,74,124,1.9689779728651047,85.35546875,1.3099107891321182,112.3994140625,111.1806640625,BASELINE_AGGREGATE,without_mapper,100plus,461,3.73908462033462,124320
65,32,70,111,1.9060242921113968,85.546875,1.3102870434522629,112.3994140625,111.1806640625,BASELINE_AGGREGATE,without_mapper,100plus,461,3.73908462033462,124320
66,32,55,126,2.160053700208664,85.73828125,1.3201907277107239,112.3994140625,111.1806640625,BASELINE_AGGREGATE,without_mapper,100plus,461,3.73908462033462,124320
67,32,70,112,1.9376445561647415,85.9296875,1.2979656457901,112.3994140625,111.1806640625,BASELINE_AGGREGATE,without_mapper,100plus,461,3.73908462033462,124320
68,32,65,131,1.905873417854309,86.12109375,1.3071782886981964,112.3994140625,111.1806640625,BASELINE_AGGREGATE,without_mapper,100plus,461,3.73908462033462,124320
69,32,63,124,1.903735101222992,86.3125,1.3067815452814102,112.3994140625,111.1806640625,BASELINE_AGGREGATE,without_mapper,100plus,461,3.73908462033462,124320
70,32,53,122,1.9031669944524765,86.50390625,1.3051200658082962,112.3994140625,111.1806640625,BASELINE_AGGREGATE,without_mapper,100plus,461,3.73908462033462,124320
71,32,75,125,1.885509118437767,86.6953125,1.301199197769165,112.3994140625,111.1806640625,BASELINE_AGGREGATE,without_mapper,100plus,461,3.73908462033462,124320
72,32,57,126,1.8703863024711609,86.88671875,1.3005472719669342,112.3994140625,111.1806640625,BASELINE_AGGREGATE,without_mapper,100plus,461,3.73908462033462,124320
73,32,61,119,1.8865149468183517,87.078125,1.3099517673254013,112.3994140625,111.1806640625,BASELINE_AGGREGATE,without_mapper,100plus,461,3.73908462033462,124320
74,32,59,129,1.8784776329994202,87.26953125,1.3179443776607513,112.3994140625,111.1806640625,BASELINE_AGGREGATE,without_mapper,100plus,461,3.73908462033462,124320
75,32,64,120,2.1230634301900864,87.4609375,1.2992508709430695,112.3994140625,111.1806640625,BASELINE_AGGREGATE,without_mapper,100plus,461,3.73908462033462,124320
76,32,70,126,2.230735495686531,87.65234375,1.305343583226204,112.3994140625,111.1806640625,BASELINE_AGGREGATE,without_mapper,100plus,461,3.73908462033462,124320
77,32,50,130,1.9633658230304718,87.84375,1.30520761013031,112.3994140625,111.1806640625,BASELINE_AGGREGATE,without_mapper,100plus,461,3.73908462033462,124320
78,32,74,116,1.9366908818483353,88.03515625,1.3205800205469131,112.3994140625,111.1806640625,BASELINE_AGGREGATE,without_mapper,100plus,461,3.73908462033462,124320
79,32,66,104,2.034023404121399,88.2265625,1.317409798502922,112.3994140625,111.1806640625,BASELINE_AGGREGATE,without_mapper,100plus,461,3.73908462033462,124320
80,32,64,129,2.023667097091675,88.41796875,1.358291134238243,112.3994140625,111.1806640625,BASELINE_AGGREGATE,without_mapper,100plus,461,3.73908462033462,124320
81,32,73,112,2.023458480834961,88.609375,1.2970566749572754,112.3994140625,111.1806640625,BASELINE_AGGREGATE,without_mapper,100plus,461,3.73908462033462,124320
82,32,54,127,1.9393302500247955,88.80078125,1.3216882944107056,112.3994140625,111.1806640625,BASELINE_AGGREGATE,without_mapper,100plus,461,3.73908462033462,124320
83,32,67,126,1.9576158374547958,88.9921875,1.3352632522583008,112.3994140625,111.1806640625,BASELINE_AGGREGATE,without_mapper,100plus,461,3.73908462033462,124320
84,32,61,122,1.9604694098234177,89.18359375,1.4611966907978058,112.3994140625,111.1806640625,BASELINE_AGGREGATE,without_mapper,100plus,461,3.73908462033462,124320
85,32,71,128,1.9021034240722656,89.375,1.3084113597869873,112.3994140625,111.1806640625,BASELINE_AGGREGATE,without_mapper,100plus,461,3.73908462033462,124320
86,32,72,127,1.9256249070167542,89.56640625,1.3094935566186905,112.3994140625,111.1806640625,BASELINE_AGGREGATE,without_mapper,100plus,461,3.73908462033462,124320
87,32,68,111,2.2675301879644394,89.7578125,1.3095419853925705,112.3994140625,111.1806640625,BASELINE_AGGREGATE,without_mapper,100plus,461,3.73908462033462,124320
88,32,64,130,1.9286535680294037,89.94921875,1.3231392949819565,112.3994140625,111.1806640625,BASELINE_AGGREGATE,without_mapper,100plus,461,3.73908462033462,124320
89,32,71,105,1.9949078559875488,90.140625,1.3011936098337173,112.3994140625,111.1806640625,BASELINE_AGGREGATE,without_mapper,100plus,461,3.73908462033462,124320
90,32,70,113,1.9962731748819351,90.33203125,1.3219472020864487,112.3994140625,111.1806640625,BASELINE_AGGREGATE,without_mapper,100plus,461,3.73908462033462,124320
91,32,59,112,1.961875706911087,90.5234375,1.3045519590377808,112.3994140625,111.1806640625,BASELINE_AGGREGATE,without_mapper,100plus,461,3.73908462033462,124320
92,32,71,126,1.952674239873886,90.71484375,1.3212934136390686,112.3994140625,111.1806640625,BASELINE_AGGREGATE,without_mapper,100plus,461,3.73908462033462,124320
93,32,62,122,1.9668880850076675,90.90625,1.3082008808851242,112.3994140625,111.1806640625,BASELINE_AGGREGATE,without_mapper,100plus,461,3.73908462033462,124320
94,32,70,120,1.9884277135133743,91.09765625,1.3064350932836533,112.3994140625,111.1806640625,BASELINE_AGGREGATE,without_mapper,100plus,461,3.73908462033462,124320
95,32,54,130,1.9245035946369171,91.2890625,1.337273046374321,112.3994140625,111.1806640625,BASELINE_AGGREGATE,without_mapper,100plus,461,3.73908462033462,124320
96,32,66,118,1.9958075135946274,91.48046875,1.3161655515432358,112.3994140625,111.1806640625,BASELINE_AGGREGATE,without_mapper,100plus,461,3.73908462033462,124320
97,32,64,119,2.256060019135475,91.671875,1.2966636568307877,112.3994140625,111.1806640625,BASELINE_AGGREGATE,without_mapper,100plus,461,3.73908462033462,124320
98,32,70,105,1.925405114889145,91.86328125,1.3143904507160187,112.3994140625,111.1806640625,BASELINE_AGGREGATE,without_mapper,100plus,461,3.73908462033462,124320
99,32,55,127,1.9379574805498123,92.0546875,1.310635358095169,112.3994140625,111.1806640625,BASELINE_AGGREGATE,without_mapper,100plus,461,3.73908462033462,124320
100,32,53,131,2.0280685275793076,92.24609375,1.3151466846466064,112.3994140625,111.1806640625,BASELINE_AGGREGATE,without_mapper,100plus,461,3.73908462033462,124320
101,32,60,136,1.874459907412529,92.4375,1.346789300441742,112.3994140625,111.1806640625,BASELINE_AGGREGATE,without_mapper,100plus,461,3.73908462033462,124320
102,32,64,119,1.9676834344863892,92.62890625,1.3090446591377258,112.3994140625,111.1806640625,BASELINE_AGGREGATE,without_mapper,100plus,461,3.73908462033462,124320
103,32,53,92,2.0714644342660904,92.8203125,1.3017579913139343,112.3994140625,111.1806640625,BASELINE_AGGREGATE,without_mapper,100plus,461,3.73908462033462,124320
104,32,65,135,1.904839649796486,93.01171875,1.3020802289247513,112.3994140625,111.1806640625,BASELINE_AGGREGATE,without_mapper,100plus,461,3.73908462033462,124320
105,32,65,127,1.9033905118703842,93.203125,1.3087410479784012,112.3994140625,111.1806640625,BASELINE_AGGREGATE,without_mapper,100plus,461,3.73908462033462,124320
106,32,74,114,1.9481200724840164,93.39453125,1.2993905693292618,112.3994140625,111.1806640625,BASELINE_AGGREGATE,without_mapper,100plus,461,3.73908462033462,124320
107,32,71,124,1.9524507224559784,93.5859375,1.3035573065280914,112.3994140625,111.1806640625,BASELINE_AGGREGATE,without_mapper,100plus,461,3.73908462033462,124320
108,32,72,113,2.3046117275953293,93.77734375,1.3150610029697418,112.3994140625,111.1806640625,BASELINE_AGGREGATE,without_mapper,100plus,461,3.73908462033462,124320
109,32,71,117,2.0022429525852203,93.96875,1.3065952807664871,112.3994140625,111.1806640625,BASELINE_AGGREGATE,without_mapper,100plus,461,3.73908462033462,124320
110,32,61,114,1.9695162773132324,94.16015625,1.3062823563814163,112.3994140625,111.1806640625,BASELINE_AGGREGATE,without_mapper,100plus,461,3.73908462033462,124320
111,32,58,117,1.9542314112186432,94.3515625,1.3014115393161774,112.3994140625,111.1806640625,BASELINE_AGGREGATE,without_mapper,100plus,461,3.73908462033462,124320
112,32,59,109,1.966835930943489,94.54296875,1.303989440202713,112.3994140625,111.1806640625,BASELINE_AGGREGATE,without_mapper,100plus,461,3.73908462033462,124320
113,32,74,114,1.942938193678856,94.734375,1.3158861547708511,112.3994140625,111.1806640625,BASELINE_AGGREGATE,without_mapper,100plus,461,3.73908462033462,124320
114,32,59,112,1.9267480820417404,94.92578125,1.3179834932088852,112.3994140625,111.1806640625,BASELINE_AGGREGATE,without_mapper,100plus,461,3.73908462033462,124320
115,32,70,109,1.9415095448493958,95.1171875,1.307714730501175,112.3994140625,111.1806640625,BASELINE_AGGREGATE,without_mapper,100plus,461,3.73908462033462,124320
116,32,64,112,1.9157994538545609,95.30859375,1.3781078159809113,112.3994140625,111.1806640625,BASELINE_AGGREGATE,without_mapper,100plus,461,3.73908462033462,124320
117,32,73,125,1.8773507326841354,95.5,1.3785995543003082,112.3994140625,111.1806640625,BASELINE_AGGREGATE,without_mapper,100plus,461,3.73908462033462,124320
118,32,78,136,2.1946877241134644,95.69140625,1.2992173433303833,112.3994140625,111.1806640625,BASELINE_AGGREGATE,without_mapper,100plus,461,3.73908462033462,124320
119,32,63,127,1.921454444527626,95.8828125,1.2957081198692322,112.3994140625,111.1806640625,BASELINE_AGGREGATE,without_mapper,100plus,461,3.73908462033462,124320
120,32,76,128,1.8937047570943832,96.07421875,1.3129282742738724,112.3994140625,111.1806640625,BASELINE_AGGREGATE,without_mapper,100plus,461,3.73908462033462,124320
121,32,87,133,1.9175764173269272,96.265625,1.3829953968524933,112.3994140625,111.1806640625,BASELINE_AGGREGATE,without_mapper,100plus,461,3.73908462033462,124320
122,32,62,108,2.06100195646286,96.45703125,1.3143755495548248,112.3994140625,111.1806640625,BASELINE_AGGREGATE,without_mapper,100plus,461,3.73908462033462,124320
123,32,66,120,1.9508395344018936,96.6484375,1.2932084500789642,112.3994140625,111.1806640625,BASELINE_AGGREGATE,without_mapper,100plus,461,3.73908462033462,124320
124,32,59,131,1.8853005021810532,96.83984375,1.310739666223526,112.3994140625,111.1806640625,BASELINE_AGGREGATE,without_mapper,100plus,461,3.73908462033462,124320
125,32,77,106,2.0064711570739746,97.03125,1.3060327619314194,112.3994140625,111.1806640625,BASELINE_AGGREGATE,without_mapper,100plus,461,3.73908462033462,124320
126,32,61,121,1.9676052033901215,97.22265625,1.3007614761590958,112.3994140625,111.1806640625,BASELINE_AGGREGATE,without_mapper,100plus,461,3.73908462033462,124320
127,32,64,136,1.902204006910324,97.4140625,1.29600428044796,112.3994140625,111.1806640625,BASELINE_AGGREGATE,without_mapper,100plus,461,3.73908462033462,124320
128,32,65,131,1.8568038940429688,97.60546875,1.301780343055725,112.3994140625,111.1806640625,BASELINE_AGGREGATE,without_mapper,100plus,461,3.73908462033462,124320
129,32,66,117,2.215469256043434,97.796875,1.3231243938207626,112.3994140625,111.1806640625,BASELINE_AGGREGATE,without_mapper,100plus,461,3.73908462033462,124320
130,32,66,104,2.0059123635292053,97.98828125,1.3080481439828873,112.3994140625,111.1806640625,BASELINE_AGGREGATE,without_mapper,100plus,461,3.73908462033462,124320
131,32,73,121,1.924632117152214,98.1796875,1.318531110882759,112.3994140625,111.1806640625,BASELINE_AGGREGATE,without_mapper,100plus,461,3.73908462033462,124320
132,32,57,124,1.9093174487352371,98.37109375,1.3007689267396927,112.3994140625,111.1806640625,BASELINE_AGGREGATE,without_mapper,100plus,461,3.73908462033462,124320
133,32,61,109,1.9798539578914642,98.5625,1.3110525906085968,112.3994140625,111.1806640625,BASELINE_AGGREGATE,without_mapper,100plus,461,3.73908462033462,124320
134,32,72,115,1.8659625202417374,98.75390625,1.315619796514511,112.3994140625,111.1806640625,BASELINE_AGGREGATE,without_mapper,100plus,461,3.73908462033462,124320
135,32,63,107,1.9728243350982666,98.9453125,1.300489529967308,112.3994140625,111.1806640625,BASELINE_AGGREGATE,without_mapper,100plus,461,3.73908462033462,124320
136,32,60,117,1.9906572997570038,99.13671875,1.3099219650030136,112.3994140625,111.1806640625,BASELINE_AGGREGATE,without_mapper,100plus,461,3.73908462033462,124320
137,32,76,111,1.9907057285308838,99.328125,1.301143318414688,112.3994140625,111.1806640625,BASELINE_AGGREGATE,without_mapper,100plus,461,3.73908462033462,124320
138,32,75,133,1.8906928598880768,99.51953125,1.295400783419609,112.3994140625,111.1806640625,BASELINE_AGGREGATE,without_mapper,100plus,461,3.73908462033462,124320
139,32,51,123,2.2176578640937805,99.7109375,1.3045966625213623,112.3994140625,111.1806640625,BASELINE_AGGREGATE,without_mapper,100plus,461,3.73908462033462,124320
140,32,63,123,1.8861442804336548,99.90234375,1.3060476630926132,112.3994140625,111.1806640625,BASELINE_AGGREGATE,without_mapper,100plus,461,3.73908462033462,124320
141,32,59,138,1.8670745193958282,100.09375,1.3284273445606232,112.3994140625,111.1806640625,BASELINE_AGGREGATE,without_mapper,100plus,461,3.73908462033462,124320
142,32,57,120,1.919042319059372,100.28515625,1.2961886823177338,112.3994140625,111.1806640625,BASELINE_AGGREGATE,without_mapper,100plus,461,3.73908462033462,124320
143,32,57,115,1.9348450005054474,100.4765625,1.2998580932617188,112.3994140625,111.1806640625,BASELINE_AGGREGATE,without_mapper,100plus,461,3.73908462033462,124320
144,32,61,129,1.8571708351373672,100.66796875,1.299545168876648,112.3994140625,111.1806640625,BASELINE_AGGREGATE,without_mapper,100plus,461,3.73908462033462,124320
145,32,68,132,1.925840973854065,100.859375,1.3155825436115265,112.3994140625,111.1806640625,BASELINE_AGGREGATE,without_mapper,100plus,461,3.73908462033462,124320
146,32,69,127,1.961778849363327,101.05078125,1.3117697089910507,112.3994140625,111.1806640625,BASELINE_AGGREGATE,without_mapper,100plus,461,3.73908462033462,124320
147,32,54,125,1.90645270049572,101.2421875,1.2960582971572876,112.3994140625,111.1806640625,BASELINE_AGGREGATE,without_mapper,100plus,461,3.73908462033462,124320
148,32,65,110,1.9522234797477722,101.43359375,1.3043880462646484,112.3994140625,111.1806640625,BASELINE_AGGREGATE,without_mapper,100plus,461,3.73908462033462,124320
149,32,79,115,1.9691102206707,101.625,1.3147424906492233,112.3994140625,111.1806640625,BASELINE_AGGREGATE,without_mapper,100plus,461,3.73908462033462,124320
150,32,63,131,2.187265083193779,101.81640625,1.3086777180433273,112.3994140625,111.1806640625,BASELINE_AGGREGATE,without_mapper,100plus,461,3.73908462033462,124320
151,32,65,122,1.9599385559558868,102.0078125,1.3341549783945084,112.3994140625,111.1806640625,BASELINE_AGGREGATE,without_mapper,100plus,461,3.73908462033462,124320
152,32,56,115,2.014022320508957,102.19921875,1.3024266809225082,112.3994140625,111.1806640625,BASELINE_AGGREGATE,without_mapper,100plus,461,3.73908462033462,124320
153,32,60,135,1.9073430448770523,102.390625,1.3070181012153625,112.3994140625,111.1806640625,BASELINE_AGGREGATE,without_mapper,100plus,461,3.73908462033462,124320
154,32,71,134,1.9081588834524155,102.58203125,1.3286694884300232,112.3994140625,111.1806640625,BASELINE_AGGREGATE,without_mapper,100plus,461,3.73908462033462,124320
155,32,63,125,1.8646884709596634,102.7734375,1.3139266520738602,112.3994140625,111.1806640625,BASELINE_AGGREGATE,without_mapper,100plus,461,3.73908462033462,124320
156,32,81,100,1.9853133708238602,102.96484375,1.3087615370750427,112.3994140625,111.1806640625,BASELINE_AGGREGATE,without_mapper,100plus,461,3.73908462033462,124320
157,32,53,114,1.9414965063333511,103.15625,1.2903083115816116,112.3994140625,111.1806640625,BASELINE_AGGREGATE,without_mapper,100plus,461,3.73908462033462,124320
158,32,70,133,1.9018705934286118,103.34765625,1.2941565364599228,112.3994140625,111.1806640625,BASELINE_AGGREGATE,without_mapper,100plus,461,3.73908462033462,124320
159,32,49,116,1.9358396530151367,103.5390625,1.2967083603143692,112.3994140625,111.1806640625,BASELINE_AGGREGATE,without_mapper,100plus,461,3.73908462033462,124320
160,32,69,113,2.231491729617119,103.73046875,1.3031456619501114,112.3994140625,111.1806640625,BASELINE_AGGREGATE,without_mapper,100plus,461,3.73908462033462,124320
161,32,59,114,1.8468238413333893,103.921875,1.315990462899208,112.3994140625,111.1806640625,BASELINE_AGGREGATE,without_mapper,100plus,461,3.73908462033462,124320
162,32,62,122,1.9139014184474945,104.11328125,1.3098139315843582,112.3994140625,111.1806640625,BASELINE_AGGREGATE,without_mapper,100plus,461,3.73908462033462,124320
163,32,74,143,1.895880326628685,104.3046875,1.3114996254444122,112.3994140625,111.1806640625,BASELINE_AGGREGATE,without_mapper,100plus,461,3.73908462033462,124320
164,32,77,139,1.9050277769565582,104.49609375,1.3037975877523422,112.3994140625,111.1806640625,BASELINE_AGGREGATE,without_mapper,100plus,461,3.73908462033462,124320
165,32,73,130,1.8809344619512558,104.6875,1.3026297092437744,112.3994140625,111.1806640625,BASELINE_AGGREGATE,without_mapper,100plus,461,3.73908462033462,124320
166,32,73,129,1.8458105623722076,104.87890625,1.311304047703743,112.3994140625,111.1806640625,BASELINE_AGGREGATE,without_mapper,100plus,461,3.73908462033462,124320
167,32,71,114,1.8836148083209991,105.0703125,1.4752354472875595,112.3994140625,111.1806640625,BASELINE_AGGREGATE,without_mapper,100plus,461,3.73908462033462,124320
168,32,51,117,1.9100047647953033,105.26171875,1.3094786554574966,112.3994140625,111.1806640625,BASELINE_AGGREGATE,without_mapper,100plus,461,3.73908462033462,124320
169,32,62,134,1.8992610275745392,105.453125,1.309530809521675,112.3994140625,111.1806640625,BASELINE_AGGREGATE,without_mapper,100plus,461,3.73908462033462,124320
170,32,67,119,2.2780895233154297,105.64453125,1.3006683439016342,112.3994140625,111.1806640625,BASELINE_AGGREGATE,without_mapper,100plus,461,3.73908462033462,124320
171,32,60,103,1.9855611026287079,105.8359375,1.309506595134735,112.3994140625,111.1806640625,BASELINE_AGGREGATE,without_mapper,100plus,461,3.73908462033462,124320
172,32,56,116,1.8932539969682693,106.02734375,1.3078395277261734,112.3994140625,111.1806640625,BASELINE_AGGREGATE,without_mapper,100plus,461,3.73908462033462,124320
173,32,56,114,1.9644349813461304,106.21875,1.3120360672473907,112.3994140625,111.1806640625,BASELINE_AGGREGATE,without_mapper,100plus,461,3.73908462033462,124320
174,32,50,118,1.9140839576721191,106.41015625,1.3106558471918106,112.3994140625,111.1806640625,BASELINE_AGGREGATE,without_mapper,100plus,461,3.73908462033462,124320
175,32,65,123,1.9299890846014023,106.6015625,1.3157743960618973,112.3994140625,111.1806640625,BASELINE_AGGREGATE,without_mapper,100plus,461,3.73908462033462,124320
176,32,67,121,1.9134245812892914,106.79296875,1.307941973209381,112.3994140625,111.1806640625,BASELINE_AGGREGATE,without_mapper,100plus,461,3.73908462033462,124320
177,32,57,115,1.9333120435476303,106.984375,1.3232771307229996,112.3994140625,111.1806640625,BASELINE_AGGREGATE,without_mapper,100plus,461,3.73908462033462,124320
178,32,74,132,1.9042566418647766,107.17578125,1.3059601187705994,112.3994140625,111.1806640625,BASELINE_AGGREGATE,without_mapper,100plus,461,3.73908462033462,124320
179,32,75,106,1.943528652191162,107.3671875,1.28900445997715,112.3994140625,111.1806640625,BASELINE_AGGREGATE,without_mapper,100plus,461,3.73908462033462,124320
180,32,75,127,1.912131905555725,107.55859375,1.322595402598381,112.3994140625,111.1806640625,BASELINE_AGGREGATE,without_mapper,100plus,461,3.73908462033462,124320
181,32,77,111,2.163657918572426,107.75,1.3357382267713547,112.3994140625,111.1806640625,BASELINE_AGGREGATE,without_mapper,100plus,461,3.73908462033462,124320
182,32,74,132,1.841699704527855,107.94140625,1.328200101852417,112.3994140625,111.1806640625,BASELINE_AGGREGATE,without_mapper,100plus,461,3.73908462033462,124320
183,32,58,127,1.9674040377140045,108.1328125,1.3063997030258179,112.3994140625,111.1806640625,BASELINE_AGGREGATE,without_mapper,100plus,461,3.73908462033462,124320
184,32,67,125,1.8370524048805237,108.32421875,1.3199970126152039,112.3994140625,111.1806640625,BASELINE_AGGREGATE,without_mapper,100plus,461,3.73908462033462,124320
185,32,73,111,1.950051635503769,108.515625,1.303376629948616,112.3994140625,111.1806640625,BASELINE_AGGREGATE,without_mapper,100plus,461,3.73908462033462,124320
186,32,75,132,1.9678883254528046,108.70703125,1.3172607868909836,112.3994140625,111.1806640625,BASELINE_AGGREGATE,without_mapper,100plus,461,3.73908462033462,124320
187,32,75,121,2.023853361606598,108.8984375,1.2918952852487564,112.3994140625,111.1806640625,BASELINE_AGGREGATE,without_mapper,100plus,461,3.73908462033462,124320
188,32,65,119,2.0809918642044067,109.08984375,1.3107731938362122,112.3994140625,111.1806640625,BASELINE_AGGREGATE,without_mapper,100plus,461,3.73908462033462,124320
189,32,52,116,2.0485427230596542,109.28125,1.3145599514245987,112.3994140625,111.1806640625,BASELINE_AGGREGATE,without_mapper,100plus,461,3.73908462033462,124320
190,32,55,102,2.0587164908647537,109.47265625,1.3008154928684235,112.3994140625,111.1806640625,BASELINE_AGGREGATE,without_mapper,100plus,461,3.73908462033462,124320
191,32,57,128,2.1966081112623215,109.6640625,1.292642205953598,112.3994140625,111.1806640625,BASELINE_AGGREGATE,without_mapper,100plus,461,3.73908462033462,124320
192,32,48,118,1.9922684878110886,109.85546875,1.31981261074543,112.3994140625,111.1806640625,BASELINE_AGGREGATE,without_mapper,100plus,461,3.73908462033462,124320
193,32,60,140,1.8800124526023865,110.046875,1.2931711971759796,112.3994140625,111.1806640625,BASELINE_AGGREGATE,without_mapper,100plus,461,3.73908462033462,124320
194,32,66,102,2.006830647587776,110.23828125,1.3018250465393066,112.3994140625,111.1806640625,BASELINE_AGGREGATE,without_mapper,100plus,461,3.73908462033462,124320
195,32,71,92,1.9969958811998367,110.4296875,1.3182349503040314,112.3994140625,111.1806640625,BASELINE_AGGREGATE,without_mapper,100plus,461,3.73908462033462,124320
196,32,59,139,1.939496025443077,110.62109375,1.3410933315753937,112.3994140625,111.1806640625,BASELINE_AGGREGATE,without_mapper,100plus,461,3.73908462033462,124320
197,32,86,129,1.926349475979805,110.8125,1.3021957129240036,112.3994140625,111.1806640625,BASELINE_AGGREGATE,without_mapper,100plus,461,3.73908462033462,124320
198,32,65,114,1.965995877981186,111.00390625,1.3158172369003296,112.3994140625,111.1806640625,BASELINE_AGGREGATE,without_mapper,100plus,461,3.73908462033462,124320
199,32,76,129,1.8374230712652206,111.1953125,1.3058707118034363,112.3994140625,111.1806640625,BASELINE_AGGREGATE,without_mapper,100plus,461,3.73908462033462,124320
0,32,60,132,3.9967186748981476,74.07080078125,2.355489879846573,113.98193359375,112.76318359375,INDIVIDUAL_ANNOTATOR,with_mapper,100plus,461,3.73908462033462,124320
1,32,74,133,3.9637256413698196,74.265625,2.2495798766613007,113.98193359375,112.76318359375,INDIVIDUAL_ANNOTATOR,with_mapper,100plus,461,3.73908462033462,124320
2,32,56,112,3.9883144199848175,74.46044921875,2.26457417011261,113.9814453125,112.7626953125,INDIVIDUAL_ANNOTATOR,with_mapper,100plus,461,3.73908462033462,124320
3,32,83,119,3.9989426732063293,74.65478515625,2.265848219394684,113.9814453125,112.7626953125,INDIVIDUAL_ANNOTATOR,with_mapper,100plus,461,3.73908462033462,124320
4,32,53,113,3.9331652224063873,74.84912109375,2.2434070706367493,113.9814453125,112.7626953125,INDIVIDUAL_ANNOTATOR,with_mapper,100plus,461,3.73908462033462,124320
5,32,68,110,3.9855167269706726,75.04345703125,2.4176016449928284,113.9814453125,112.7626953125,INDIVIDUAL_ANNOTATOR,with_mapper,100plus,461,3.73908462033462,124320
6,32,74,122,3.9665289223194122,75.23779296875,2.2793076932430267,113.9814453125,112.7626953125,INDIVIDUAL_ANNOTATOR,with_mapper,100plus,461,3.73908462033462,124320
7,32,64,112,4.045560956001282,75.43212890625,2.2432152181863785,113.9814453125,112.7626953125,INDIVIDUAL_ANNOTATOR,with_mapper,100plus,461,3.73908462033462,124320
8,32,64,125,4.305820912122726,75.62646484375,2.2724978625774384,113.9814453125,112.7626953125,INDIVIDUAL_ANNOTATOR,with_mapper,100plus,461,3.73908462033462,124320
9,32,58,125,3.925260156393051,75.82080078125,2.2521447390317917,113.9814453125,112.7626953125,INDIVIDUAL_ANNOTATOR,with_mapper,100plus,461,3.73908462033462,124320
10,32,69,102,4.015548154711723,76.01513671875,2.25820392370224,113.9814453125,112.7626953125,INDIVIDUAL_ANNOTATOR,with_mapper,100plus,461,3.73908462033462,124320
11,32,69,117,3.9621535688638687,76.20947265625,2.2608190774917603,113.9814453125,112.7626953125,INDIVIDUAL_ANNOTATOR,with_mapper,100plus,461,3.73908462033462,124320
12,32,57,102,4.030363634228706,76.40380859375,2.2503044456243515,113.9814453125,112.7626953125,INDIVIDUAL_ANNOTATOR,with_mapper,100plus,461,3.73908462033462,124320
13,32,51,120,3.9791595190763474,76.59814453125,2.240322530269623,113.9814453125,112.7626953125,INDIVIDUAL_ANNOTATOR,with_mapper,100plus,461,3.73908462033462,124320
14,32,60,90,4.040472209453583,76.79248046875,2.245549112558365,113.9814453125,112.7626953125,INDIVIDUAL_ANNOTATOR,with_mapper,100plus,461,3.73908462033462,124320
15,32,61,118,3.9114244282245636,76.98681640625,2.235276624560356,113.9814453125,112.7626953125,INDIVIDUAL_ANNOTATOR,with_mapper,100plus,461,3.73908462033462,124320
16,32,61,100,4.038820043206215,77.18115234375,2.2427979856729507,113.9814453125,112.7626953125,INDIVIDUAL_ANNOTATOR,with_mapper,100plus,461,3.73908462033462,124320
17,32,54,125,3.9744358509778976,77.37548828125,2.3614969104528427,113.9814453125,112.7626953125,INDIVIDUAL_ANNOTATOR,with_mapper,100plus,461,3.73908462033462,124320
18,32,64,112,4.00962308049202,77.56982421875,2.239864319562912,113.9814453125,112.7626953125,INDIVIDUAL_ANNOTATOR,with_mapper,100plus,461,3.73908462033462,124320
19,32,62,117,4.195813089609146,77.76416015625,2.2222045809030533,113.9814453125,112.7626953125,INDIVIDUAL_ANNOTATOR,with_mapper,100plus,461,3.73908462033462,124320
20,32,58,124,3.9406437426805496,77.95849609375,2.233317121863365,113.9814453125,112.7626953125,INDIVIDUAL_ANNOTATOR,with_mapper,100plus,461,3.73908462033462,124320
21,32,76,126,3.9674341678619385,78.15283203125,2.2252220660448074,113.9814453125,112.7626953125,INDIVIDUAL_ANNOTATOR,with_mapper,100plus,461,3.73908462033462,124320
22,32,67,122,3.917910158634186,78.34716796875,2.2409800440073013,113.9814453125,112.7626953125,INDIVIDUAL_ANNOTATOR,with_mapper,100plus,461,3.73908462033462,124320
23,32,86,132,3.970477730035782,78.54150390625,2.242838963866234,113.98193359375,112.76318359375,INDIVIDUAL_ANNOTATOR,with_mapper,100plus,461,3.73908462033462,124320
24,32,70,119,3.9768312126398087,78.736328125,2.247920259833336,113.9814453125,112.7626953125,INDIVIDUAL_ANNOTATOR,with_mapper,100plus,461,3.73908462033462,124320
25,32,68,119,3.9449501782655716,78.9306640625,2.241833135485649,113.9814453125,112.7626953125,INDIVIDUAL_ANNOTATOR,with_mapper,100plus,461,3.73908462033462,124320
26,32,58,123,3.9401575922966003,79.125,2.248946577310562,113.9814453125,112.7626953125,INDIVIDUAL_ANNOTATOR,with_mapper,100plus,461,3.73908462033462,124320
27,32,65,125,4.074385389685631,79.3193359375,2.3429375141859055,113.9814453125,112.7626953125,INDIVIDUAL_ANNOTATOR,with_mapper,100plus,461,3.73908462033462,124320
28,32,52,128,3.9224885404109955,79.513671875,2.2638775408267975,113.9814453125,112.7626953125,INDIVIDUAL_ANNOTATOR,with_mapper,100plus,461,3.73908462033462,124320
29,32,50,110,4.3100956827402115,79.7080078125,2.2491905838251114,113.9814453125,112.7626953125,INDIVIDUAL_ANNOTATOR,with_mapper,100plus,461,3.73908462033462,124320
30,32,61,117,4.09410335123539,79.90234375,2.2495482116937637,113.9814453125,112.7626953125,INDIVIDUAL_ANNOTATOR,with_mapper,100plus,461,3.73908462033462,124320
31,32,62,122,3.9096083492040634,80.0966796875,2.24912166595459,113.9814453125,112.7626953125,INDIVIDUAL_ANNOTATOR,with_mapper,100plus,461,3.73908462033462,124320
32,32,64,132,3.923671320080757,80.291015625,2.2475793957710266,113.98193359375,112.76318359375,INDIVIDUAL_ANNOTATOR,with_mapper,100plus,461,3.73908462033462,124320
33,32,76,129,4.0062591433525085,80.48583984375,2.252275124192238,113.98193359375,112.76318359375,INDIVIDUAL_ANNOTATOR,with_mapper,100plus,461,3.73908462033462,124320
34,32,51,115,3.9857719093561172,80.6806640625,2.242123708128929,113.9814453125,112.7626953125,INDIVIDUAL_ANNOTATOR,with_mapper,100plus,461,3.73908462033462,124320
35,32,67,121,4.017336294054985,80.875,2.382354810833931,113.9814453125,112.7626953125,INDIVIDUAL_ANNOTATOR,with_mapper,100plus,461,3.73908462033462,124320
36,32,59,104,4.092196002602577,81.0693359375,2.31199711561203,113.9814453125,112.7626953125,INDIVIDUAL_ANNOTATOR,with_mapper,100plus,461,3.73908462033462,124320
37,32,54,112,3.979647532105446,81.263671875,2.2558309137821198,113.9814453125,112.7626953125,INDIVIDUAL_ANNOTATOR,with_mapper,100plus,461,3.73908462033462,124320
38,32,62,119,3.936728462576866,81.4580078125,2.2607725113630295,113.9814453125,112.7626953125,INDIVIDUAL_ANNOTATOR,with_mapper,100plus,461,3.73908462033462,124320
39,32,59,102,4.297798499464989,81.65234375,2.228217199444771,113.9814453125,112.7626953125,INDIVIDUAL_ANNOTATOR,with_mapper,100plus,461,3.73908462033462,124320
40,32,71,113,3.9480403065681458,81.8466796875,2.235516905784607,113.9814453125,112.7626953125,INDIVIDUAL_ANNOTATOR,with_mapper,100plus,461,3.73908462033462,124320
41,32,62,124,3.9198417216539383,82.041015625,2.2846609354019165,113.9814453125,112.7626953125,INDIVIDUAL_ANNOTATOR,with_mapper,100plus,461,3.73908462033462,124320
42,32,63,116,4.042604938149452,82.2353515625,2.269839867949486,113.9814453125,112.7626953125,INDIVIDUAL_ANNOTATOR,with_mapper,100plus,461,3.73908462033462,124320
43,32,78,108,4.0358807891607285,82.4296875,2.254970371723175,113.9814453125,112.7626953125,INDIVIDUAL_ANNOTATOR,with_mapper,100plus,461,3.73908462033462,124320
44,32,66,131,3.954632207751274,82.6240234375,2.2561904042959213,113.98193359375,112.76318359375,INDIVIDUAL_ANNOTATOR,with_mapper,100plus,461,3.73908462033462,124320
45,32,60,123,4.008205607533455,82.81884765625,2.2611916065216064,113.9814453125,112.7626953125,INDIVIDUAL_ANNOTATOR,with_mapper,100plus,461,3.73908462033462,124320
46,32,73,128,3.930717706680298,83.01318359375,2.2430717945098877,113.9814453125,112.7626953125,INDIVIDUAL_ANNOTATOR,with_mapper,100plus,461,3.73908462033462,124320
47,32,66,126,3.9837677031755447,83.20751953125,2.261849120259285,113.9814453125,112.7626953125,INDIVIDUAL_ANNOTATOR,with_mapper,100plus,461,3.73908462033462,124320
48,32,67,134,3.8634594529867172,83.40185546875,2.2523775696754456,113.98193359375,112.76318359375,INDIVIDUAL_ANNOTATOR,with_mapper,100plus,461,3.73908462033462,124320
49,32,66,112,4.01407852768898,83.5966796875,2.2531282156705856,113.9814453125,112.7626953125,INDIVIDUAL_ANNOTATOR,with_mapper,100plus,461,3.73908462033462,124320
50,32,78,128,4.198761656880379,83.791015625,2.2772960364818573,113.9814453125,112.7626953125,INDIVIDUAL_ANNOTATOR,with_mapper,100plus,461,3.73908462033462,124320
51,32,73,134,3.9780251681804657,83.9853515625,2.3439843207597733,113.98193359375,112.76318359375,INDIVIDUAL_ANNOTATOR,with_mapper,100plus,461,3.73908462033462,124320
52,32,66,120,3.8774721324443817,84.18017578125,2.2530872374773026,113.9814453125,112.7626953125,INDIVIDUAL_ANNOTATOR,with_mapper,100plus,461,3.73908462033462,124320
53,32,62,130,3.8750264793634415,84.37451171875,2.2331029176712036,113.98193359375,112.76318359375,INDIVIDUAL_ANNOTATOR,with_mapper,100plus,461,3.73908462033462,124320
54,32,74,115,4.033388569951057,84.5693359375,2.2431332617998123,113.9814453125,112.7626953125,INDIVIDUAL_ANNOTATOR,with_mapper,100plus,461,3.73908462033462,124320
55,32,62,117,4.111826419830322,84.763671875,2.245211973786354,113.9814453125,112.7626953125,INDIVIDUAL_ANNOTATOR,with_mapper,100plus,461,3.73908462033462,124320
56,32,67,116,3.9632469415664673,84.9580078125,2.233583480119705,113.9814453125,112.7626953125,INDIVIDUAL_ANNOTATOR,with_mapper,100plus,461,3.73908462033462,124320
57,32,76,120,3.9315950125455856,85.15234375,2.2313017398118973,113.9814453125,112.7626953125,INDIVIDUAL_ANNOTATOR,with_mapper,100plus,461,3.73908462033462,124320
58,32,59,128,3.9293672889471054,85.3466796875,2.2449009120464325,113.9814453125,112.7626953125,INDIVIDUAL_ANNOTATOR,with_mapper,100plus,461,3.73908462033462,124320
59,32,63,116,3.9706844836473465,85.541015625,2.2407472133636475,113.9814453125,112.7626953125,INDIVIDUAL_ANNOTATOR,with_mapper,100plus,461,3.73908462033462,124320
60,32,65,117,4.3392665684223175,85.7353515625,2.231864258646965,113.9814453125,112.7626953125,INDIVIDUAL_ANNOTATOR,with_mapper,100plus,461,3.73908462033462,124320
61,32,63,112,3.979150205850601,85.9296875,2.322215586900711,113.9814453125,112.7626953125,INDIVIDUAL_ANNOTATOR,with_mapper,100plus,461,3.73908462033462,124320
62,32,74,119,3.9318129420280457,86.1240234375,2.238800749182701,113.9814453125,112.7626953125,INDIVIDUAL_ANNOTATOR,with_mapper,100plus,461,3.73908462033462,124320
63,32,76,103,3.948880359530449,86.318359375,2.2654756903648376,113.9814453125,112.7626953125,INDIVIDUAL_ANNOTATOR,with_mapper,100plus,461,3.73908462033462,124320
64,32,74,124,4.00068424642086,86.5126953125,2.238137647509575,113.9814453125,112.7626953125,INDIVIDUAL_ANNOTATOR,with_mapper,100plus,461,3.73908462033462,124320
65,32,70,111,3.92979197204113,86.70703125,2.2318530827760696,113.9814453125,112.7626953125,INDIVIDUAL_ANNOTATOR,with_mapper,100plus,461,3.73908462033462,124320
66,32,55,126,3.922734409570694,86.9013671875,2.2669490426778793,113.9814453125,112.7626953125,INDIVIDUAL_ANNOTATOR,with_mapper,100plus,461,3.73908462033462,124320
67,32,70,112,3.9827562868595123,87.095703125,2.2836849093437195,113.9814453125,112.7626953125,INDIVIDUAL_ANNOTATOR,with_mapper,100plus,461,3.73908462033462,124320
68,32,65,131,3.9599984884262085,87.2900390625,2.256697043776512,113.98193359375,112.76318359375,INDIVIDUAL_ANNOTATOR,with_mapper,100plus,461,3.73908462033462,124320
69,32,63,124,3.912869840860367,87.48486328125,2.292752265930176,113.9814453125,112.7626953125,INDIVIDUAL_ANNOTATOR,with_mapper,100plus,461,3.73908462033462,124320
70,32,53,122,4.226252436637878,87.67919921875,2.243420109152794,113.9814453125,112.7626953125,INDIVIDUAL_ANNOTATOR,with_mapper,100plus,461,3.73908462033462,124320
71,32,75,125,3.8726963102817535,87.87353515625,2.3194365203380585,113.9814453125,112.7626953125,INDIVIDUAL_ANNOTATOR,with_mapper,100plus,461,3.73908462033462,124320
72,32,57,126,3.9299633353948593,88.06787109375,2.2319406270980835,113.9814453125,112.7626953125,INDIVIDUAL_ANNOTATOR,with_mapper,100plus,461,3.73908462033462,124320
73,32,61,119,3.936145454645157,88.26220703125,2.23640538752079,113.9814453125,112.7626953125,INDIVIDUAL_ANNOTATOR,with_mapper,100plus,461,3.73908462033462,124320
74,32,59,129,3.916412591934204,88.45654296875,2.2332966327667236,113.98193359375,112.76318359375,INDIVIDUAL_ANNOTATOR,with_mapper,100plus,461,3.73908462033462,124320
75,32,64,120,4.0145814418792725,88.6513671875,2.2493042051792145,113.9814453125,112.7626953125,INDIVIDUAL_ANNOTATOR,with_mapper,100plus,461,3.73908462033462,124320
76,32,70,126,3.9364714175462723,88.845703125,2.3500770330429077,113.9814453125,112.7626953125,INDIVIDUAL_ANNOTATOR,with_mapper,100plus,461,3.73908462033462,124320
77,32,50,130,3.9657112210989,89.0400390625,2.231331542134285,113.98193359375,112.76318359375,INDIVIDUAL_ANNOTATOR,with_mapper,100plus,461,3.73908462033462,124320
78,32,74,116,3.923991695046425,89.23486328125,2.254735678434372,113.9814453125,112.7626953125,INDIVIDUAL_ANNOTATOR,with_mapper,100plus,461,3.73908462033462,124320
79,32,66,104,4.000067710876465,89.42919921875,2.2472068667411804,113.9814453125,112.7626953125,INDIVIDUAL_ANNOTATOR,with_mapper,100plus,461,3.73908462033462,124320
80,32,64,129,3.9674267172813416,89.62353515625,2.244679257273674,113.98193359375,112.76318359375,INDIVIDUAL_ANNOTATOR,with_mapper,100plus,461,3.73908462033462,124320
81,32,73,112,4.259765148162842,89.818359375,2.2839177399873734,113.9814453125,112.7626953125,INDIVIDUAL_ANNOTATOR,with_mapper,100plus,461,3.73908462033462,124320
82,32,54,127,3.977769985795021,90.0126953125,2.255801111459732,113.9814453125,112.7626953125,INDIVIDUAL_ANNOTATOR,with_mapper,100plus,461,3.73908462033462,124320
83,32,67,126,3.9530880749225616,90.20703125,2.254318445920944,113.9814453125,112.7626953125,INDIVIDUAL_ANNOTATOR,with_mapper,100plus,461,3.73908462033462,124320
84,32,61,122,4.03573177754879,90.4013671875,2.2431518882513046,113.9814453125,112.7626953125,INDIVIDUAL_ANNOTATOR,with_mapper,100plus,461,3.73908462033462,124320
85,32,71,128,3.923719748854637,90.595703125,2.2523943334817886,113.9814453125,112.7626953125,INDIVIDUAL_ANNOTATOR,with_mapper,100plus,461,3.73908462033462,124320
86,32,72,127,3.945011645555496,90.7900390625,2.243954688310623,113.9814453125,112.7626953125,INDIVIDUAL_ANNOTATOR,with_mapper,100plus,461,3.73908462033462,124320
87,32,68,111,3.944937139749527,90.984375,2.233268693089485,113.9814453125,112.7626953125,INDIVIDUAL_ANNOTATOR,with_mapper,100plus,461,3.73908462033462,124320
88,32,64,130,4.0226709097623825,91.1787109375,2.2408179938793182,113.98193359375,112.76318359375,INDIVIDUAL_ANNOTATOR,with_mapper,100plus,461,3.73908462033462,124320
89,32,71,105,3.93780879676342,91.37353515625,2.249613404273987,113.9814453125,112.7626953125,INDIVIDUAL_ANNOTATOR,with_mapper,100plus,461,3.73908462033462,124320
90,32,70,113,3.9458051323890686,91.56787109375,2.242477610707283,113.9814453125,112.7626953125,INDIVIDUAL_ANNOTATOR,with_mapper,100plus,461,3.73908462033462,124320
91,32,59,112,4.236795008182526,91.76220703125,2.3493170738220215,113.9814453125,112.7626953125,INDIVIDUAL_ANNOTATOR,with_mapper,100plus,461,3.73908462033462,124320
92,32,71,126,3.932589665055275,91.95654296875,2.250758931040764,113.9814453125,112.7626953125,INDIVIDUAL_ANNOTATOR,with_mapper,100plus,461,3.73908462033462,124320
93,32,62,122,3.930089995265007,92.15087890625,2.2386331111192703,113.9814453125,112.7626953125,INDIVIDUAL_ANNOTATOR,with_mapper,100plus,461,3.73908462033462,124320
94,32,70,120,3.9723366498947144,92.34521484375,2.2612866014242172,113.9814453125,112.7626953125,INDIVIDUAL_ANNOTATOR,with_mapper,100plus,461,3.73908462033462,124320
95,32,54,130,3.917861729860306,92.53955078125,2.2249333560466766,113.98193359375,112.76318359375,INDIVIDUAL_ANNOTATOR,with_mapper,100plus,461,3.73908462033462,124320
96,32,66,118,3.9736200124025345,92.734375,2.26556695997715,113.9814453125,112.763671875,INDIVIDUAL_ANNOTATOR,with_mapper,100plus,461,3.73908462033462,124320
97,32,64,119,4.130205139517784,92.9296875,2.2309906780719757,113.982421875,112.7626953125,INDIVIDUAL_ANNOTATOR,with_mapper,100plus,461,3.73908462033462,124320
98,32,70,105,4.16397862136364,93.1240234375,2.2480208426713943,113.9814453125,112.7626953125,INDIVIDUAL_ANNOTATOR,with_mapper,100plus,461,3.73908462033462,124320
99,32,55,127,3.9496123790740967,93.318359375,2.2452566772699356,113.9814453125,112.7626953125,INDIVIDUAL_ANNOTATOR,with_mapper,100plus,461,3.73908462033462,124320
100,32,53,131,3.9153117686510086,93.5126953125,2.2840648889541626,113.98193359375,112.76318359375,INDIVIDUAL_ANNOTATOR,with_mapper,100plus,461,3.73908462033462,124320
101,32,60,136,4.142396152019501,93.70751953125,2.3621059954166412,113.98193359375,112.76318359375,INDIVIDUAL_ANNOTATOR,with_mapper,100plus,461,3.73908462033462,124320
102,32,64,119,4.044393077492714,93.90234375,2.2358372807502747,113.9814453125,112.7626953125,INDIVIDUAL_ANNOTATOR,with_mapper,100plus,461,3.73908462033462,124320
103,32,53,92,4.006197676062584,94.0966796875,2.259058877825737,113.9814453125,112.7626953125,INDIVIDUAL_ANNOTATOR,with_mapper,100plus,461,3.73908462033462,124320
104,32,65,135,3.891758620738983,94.291015625,2.2507719695568085,113.98193359375,112.76318359375,INDIVIDUAL_ANNOTATOR,with_mapper,100plus,461,3.73908462033462,124320
105,32,65,127,3.8968361914157867,94.48583984375,2.251340076327324,113.9814453125,112.7626953125,INDIVIDUAL_ANNOTATOR,with_mapper,100plus,461,3.73908462033462,124320
106,32,74,114,3.9036665111780167,94.68017578125,2.2389013320207596,113.9814453125,112.7626953125,INDIVIDUAL_ANNOTATOR,with_mapper,100plus,461,3.73908462033462,124320
107,32,71,124,4.164993762969971,94.87451171875,2.2358037531375885,113.9814453125,112.7626953125,INDIVIDUAL_ANNOTATOR,with_mapper,100plus,461,3.73908462033462,124320
108,32,72,113,3.9057042449712753,95.06884765625,2.251606434583664,113.9814453125,112.7626953125,INDIVIDUAL_ANNOTATOR,with_mapper,100plus,461,3.73908462033462,124320
109,32,71,117,3.9720162749290466,95.26318359375,2.226872369647026,113.9814453125,112.7626953125,INDIVIDUAL_ANNOTATOR,with_mapper,100plus,461,3.73908462033462,124320
110,32,61,114,3.9675161242485046,95.45751953125,2.2406522184610367,113.9814453125,112.7626953125,INDIVIDUAL_ANNOTATOR,with_mapper,100plus,461,3.73908462033462,124320
111,32,58,117,4.206093028187752,95.65185546875,2.2496189922094345,113.9814453125,112.7626953125,INDIVIDUAL_ANNOTATOR,with_mapper,100plus,461,3.73908462033462,124320
112,32,59,109,4.0116701275110245,95.84619140625,2.252783626317978,113.9814453125,112.7626953125,INDIVIDUAL_ANNOTATOR,with_mapper,100plus,461,3.73908462033462,124320
113,32,74,114,3.9043352007865906,96.04052734375,2.232491970062256,113.9814453125,112.7626953125,INDIVIDUAL_ANNOTATOR,with_mapper,100plus,461,3.73908462033462,124320
114,32,59,112,3.9189420640468597,96.23486328125,2.254016697406769,113.9814453125,112.7626953125,INDIVIDUAL_ANNOTATOR,with_mapper,100plus,461,3.73908462033462,124320
115,32,70,109,3.959406167268753,96.42919921875,2.242777496576309,113.9814453125,112.7626953125,INDIVIDUAL_ANNOTATOR,with_mapper,100plus,461,3.73908462033462,124320
116,32,64,112,3.902055323123932,96.62353515625,2.239564433693886,113.9814453125,112.7626953125,INDIVIDUAL_ANNOTATOR,with_mapper,100plus,461,3.73908462033462,124320
117,32,73,125,3.8883183151483536,96.81787109375,2.2402238100767136,113.9814453125,112.7626953125,INDIVIDUAL_ANNOTATOR,with_mapper,100plus,461,3.73908462033462,124320
118,32,78,136,3.889249637722969,97.01220703125,2.2635608911514282,113.98193359375,112.76416015625,INDIVIDUAL_ANNOTATOR,with_mapper,100plus,461,3.73908462033462,124320
119,32,63,127,3.9156749844551086,97.2080078125,2.258637920022011,113.982421875,112.7626953125,INDIVIDUAL_ANNOTATOR,with_mapper,100plus,461,3.73908462033462,124320
120,32,76,128,3.943551331758499,97.40234375,2.2384654730558395,113.9814453125,112.7626953125,INDIVIDUAL_ANNOTATOR,with_mapper,100plus,461,3.73908462033462,124320
121,32,87,133,3.9523951709270477,97.5966796875,2.247581258416176,113.98193359375,112.76416015625,INDIVIDUAL_ANNOTATOR,with_mapper,100plus,461,3.73908462033462,124320
122,32,62,108,4.246139898896217,97.79248046875,2.232499420642853,113.982421875,112.7626953125,INDIVIDUAL_ANNOTATOR,with_mapper,100plus,461,3.73908462033462,124320
123,32,66,120,3.9556417614221573,97.98681640625,2.279028296470642,113.9814453125,112.7626953125,INDIVIDUAL_ANNOTATOR,with_mapper,100plus,461,3.73908462033462,124320
124,32,59,131,3.8905069231987,98.18115234375,2.238551154732704,113.98193359375,112.76318359375,INDIVIDUAL_ANNOTATOR,with_mapper,100plus,461,3.73908462033462,124320
125,32,77,106,4.053521901369095,98.3759765625,2.264300361275673,113.9814453125,112.763671875,INDIVIDUAL_ANNOTATOR,with_mapper,100plus,461,3.73908462033462,124320
126,32,61,121,3.9688479155302048,98.5712890625,2.236027270555496,113.982421875,112.7626953125,INDIVIDUAL_ANNOTATOR,with_mapper,100plus,461,3.73908462033462,124320
127,32,64,136,3.8599204272031784,98.765625,2.2403132170438766,113.98193359375,112.76318359375,INDIVIDUAL_ANNOTATOR,with_mapper,100plus,461,3.73908462033462,124320
128,32,65,131,3.915870562195778,98.96044921875,2.2355131804943085,113.98193359375,112.76318359375,INDIVIDUAL_ANNOTATOR,with_mapper,100plus,461,3.73908462033462,124320
129,32,66,117,3.9235278964042664,99.1552734375,2.2354181855916977,113.9814453125,112.7626953125,INDIVIDUAL_ANNOTATOR,with_mapper,100plus,461,3.73908462033462,124320
130,32,66,104,3.96178662776947,99.349609375,2.2336021065711975,113.9814453125,112.7626953125,INDIVIDUAL_ANNOTATOR,with_mapper,100plus,461,3.73908462033462,124320
131,32,73,121,3.9146430790424347,99.5439453125,2.2388212382793427,113.9814453125,112.7626953125,INDIVIDUAL_ANNOTATOR,with_mapper,100plus,461,3.73908462033462,124320
132,32,57,124,4.140535369515419,99.73828125,2.250388264656067,113.9814453125,112.7626953125,INDIVIDUAL_ANNOTATOR,with_mapper,100plus,461,3.73908462033462,124320
133,32,61,109,3.968162462115288,99.9326171875,2.257011830806732,113.9814453125,112.7626953125,INDIVIDUAL_ANNOTATOR,with_mapper,100plus,461,3.73908462033462,124320
134,32,72,115,3.8896240293979645,100.126953125,2.328673377633095,113.9814453125,112.7626953125,INDIVIDUAL_ANNOTATOR,with_mapper,100plus,461,3.73908462033462,124320
135,32,63,107,3.932816907763481,100.3212890625,2.2326353937387466,113.9814453125,112.7626953125,INDIVIDUAL_ANNOTATOR,with_mapper,100plus,461,3.73908462033462,124320
136,32,60,117,3.963952884078026,100.515625,2.2401921451091766,113.9814453125,112.7626953125,INDIVIDUAL_ANNOTATOR,with_mapper,100plus,461,3.73908462033462,124320
137,32,76,111,3.984415903687477,100.7099609375,2.278575673699379,113.9814453125,112.7626953125,INDIVIDUAL_ANNOTATOR,with_mapper,100plus,461,3.73908462033462,124320
138,32,75,133,4.061628133058548,100.904296875,2.2619515657424927,113.98193359375,112.76416015625,INDIVIDUAL_ANNOTATOR,with_mapper,100plus,461,3.73908462033462,124320
139,32,51,123,3.939347341656685,101.10009765625,2.2333040833473206,113.982421875,112.7626953125,INDIVIDUAL_ANNOTATOR,with_mapper,100plus,461,3.73908462033462,124320
140,32,63,123,3.899538889527321,101.29443359375,2.2459886968135834,113.9814453125,112.7626953125,INDIVIDUAL_ANNOTATOR,with_mapper,100plus,461,3.73908462033462,124320
141,32,59,138,3.8445834070444107,101.48876953125,2.2444669157266617,113.98193359375,112.76318359375,INDIVIDUAL_ANNOTATOR,with_mapper,100plus,461,3.73908462033462,124320
142,32,57,120,4.215642809867859,101.68359375,2.246750518679619,113.9814453125,112.7626953125,INDIVIDUAL_ANNOTATOR,with_mapper,100plus,461,3.73908462033462,124320
143,32,57,115,3.928959369659424,101.8779296875,2.241283655166626,113.9814453125,112.7626953125,INDIVIDUAL_ANNOTATOR,with_mapper,100plus,461,3.73908462033462,124320
144,32,61,129,3.8395877927541733,102.072265625,2.235494554042816,113.98193359375,112.76318359375,INDIVIDUAL_ANNOTATOR,with_mapper,100plus,461,3.73908462033462,124320
145,32,68,132,3.9366446435451508,102.26708984375,2.2297855466604233,113.98193359375,112.76318359375,INDIVIDUAL_ANNOTATOR,with_mapper,100plus,461,3.73908462033462,124320
146,32,69,127,3.9746910333633423,102.4619140625,2.240164205431938,113.9814453125,112.7626953125,INDIVIDUAL_ANNOTATOR,with_mapper,100plus,461,3.73908462033462,124320
147,32,54,125,3.9587412029504776,102.65625,2.235500141978264,113.9814453125,112.7626953125,INDIVIDUAL_ANNOTATOR,with_mapper,100plus,461,3.73908462033462,124320
148,32,65,110,4.0093231946229935,102.8505859375,2.2269394248723984,113.9814453125,112.7626953125,INDIVIDUAL_ANNOTATOR,with_mapper,100plus,461,3.73908462033462,124320
149,32,79,115,3.9419084787368774,103.044921875,2.2496283054351807,113.9814453125,112.7626953125,INDIVIDUAL_ANNOTATOR,with_mapper,100plus,461,3.73908462033462,124320
150,32,63,131,3.8873031735420227,103.2392578125,2.238098531961441,113.98193359375,112.76318359375,INDIVIDUAL_ANNOTATOR,with_mapper,100plus,461,3.73908462033462,124320
151,32,65,122,3.9462484419345856,103.43408203125,2.2579431533813477,113.9814453125,112.7626953125,INDIVIDUAL_ANNOTATOR,with_mapper,100plus,461,3.73908462033462,124320
152,32,56,115,4.341676831245422,103.62841796875,2.234378829598427,113.9814453125,112.7626953125,INDIVIDUAL_ANNOTATOR,with_mapper,100plus,461,3.73908462033462,124320
153,32,60,135,4.131123423576355,103.82275390625,2.2480767220258713,113.98193359375,112.76318359375,INDIVIDUAL_ANNOTATOR,with_mapper,100plus,461,3.73908462033462,124320
154,32,71,134,3.9361268281936646,104.017578125,2.2561512887477875,113.98193359375,112.76318359375,INDIVIDUAL_ANNOTATOR,with_mapper,100plus,461,3.73908462033462,124320
155,32,63,125,3.906192258000374,104.21240234375,2.2298749536275864,113.9814453125,112.7626953125,INDIVIDUAL_ANNOTATOR,with_mapper,100plus,461,3.73908462033462,124320
156,32,81,100,4.111127927899361,104.40673828125,2.2420864552259445,113.9814453125,112.7626953125,INDIVIDUAL_ANNOTATOR,with_mapper,100plus,461,3.73908462033462,124320
157,32,53,114,3.95415723323822,104.60107421875,2.3094527423381805,113.9814453125,112.7626953125,INDIVIDUAL_ANNOTATOR,with_mapper,100plus,461,3.73908462033462,124320
158,32,70,133,3.9556603878736496,104.79541015625,2.6293322443962097,113.98193359375,112.76318359375,INDIVIDUAL_ANNOTATOR,with_mapper,100plus,461,3.73908462033462,124320
159,32,49,116,3.955516964197159,104.990234375,2.2725462913513184,113.9814453125,112.7626953125,INDIVIDUAL_ANNOTATOR,with_mapper,100plus,461,3.73908462033462,124320
160,32,69,113,3.982987254858017,105.1845703125,2.264462411403656,113.9814453125,112.7626953125,INDIVIDUAL_ANNOTATOR,with_mapper,100plus,461,3.73908462033462,124320
161,32,59,114,3.9666984230279922,105.37890625,2.2666659206151962,113.9814453125,112.7626953125,INDIVIDUAL_ANNOTATOR,with_mapper,100plus,461,3.73908462033462,124320
162,32,62,122,3.969954326748848,105.5732421875,2.271028235554695,113.9814453125,112.7626953125,INDIVIDUAL_ANNOTATOR,with_mapper,100plus,461,3.73908462033462,124320
163,32,74,143,4.2695775628089905,105.767578125,2.280924469232559,113.98193359375,112.76416015625,INDIVIDUAL_ANNOTATOR,with_mapper,100plus,461,3.73908462033462,124320
164,32,77,139,3.953414037823677,105.96337890625,2.2874269634485245,113.98291015625,112.76318359375,INDIVIDUAL_ANNOTATOR,with_mapper,100plus,461,3.73908462033462,124320
165,32,73,130,3.9022378623485565,106.158203125,2.2937431931495667,113.98193359375,112.76318359375,INDIVIDUAL_ANNOTATOR,with_mapper,100plus,461,3.73908462033462,124320
166,32,73,129,3.8896147161722183,106.35302734375,2.2576283663511276,113.98193359375,112.76318359375,INDIVIDUAL_ANNOTATOR,with_mapper,100plus,461,3.73908462033462,124320
167,32,71,114,3.917161375284195,106.5478515625,2.2841114550828934,113.9814453125,112.7626953125,INDIVIDUAL_ANNOTATOR,with_mapper,100plus,461,3.73908462033462,124320
168,32,51,117,3.9134379476308823,106.7421875,2.2455397993326187,113.9814453125,112.7626953125,INDIVIDUAL_ANNOTATOR,with_mapper,100plus,461,3.73908462033462,124320
169,32,62,134,3.943413496017456,106.9365234375,2.2524725645780563,113.98193359375,112.76416015625,INDIVIDUAL_ANNOTATOR,with_mapper,100plus,461,3.73908462033462,124320
170,32,67,119,3.9646588265895844,107.13232421875,2.2344347089529037,113.982421875,112.7626953125,INDIVIDUAL_ANNOTATOR,with_mapper,100plus,461,3.73908462033462,124320
171,32,60,103,3.9831921458244324,107.32666015625,2.265678718686104,113.9814453125,112.7626953125,INDIVIDUAL_ANNOTATOR,with_mapper,100plus,461,3.73908462033462,124320
172,32,56,116,3.9111413061618805,107.52099609375,2.2703278809785843,113.9814453125,112.7626953125,INDIVIDUAL_ANNOTATOR,with_mapper,100plus,461,3.73908462033462,124320
173,32,56,114,4.275895655155182,107.71533203125,2.292187884449959,113.9814453125,112.7626953125,INDIVIDUAL_ANNOTATOR,with_mapper,100plus,461,3.73908462033462,124320
174,32,50,118,3.92841175198555,107.90966796875,2.2429637610912323,113.9814453125,112.7626953125,INDIVIDUAL_ANNOTATOR,with_mapper,100plus,461,3.73908462033462,124320
175,32,65,123,3.927081823348999,108.10400390625,2.2579506039619446,113.9814453125,112.7626953125,INDIVIDUAL_ANNOTATOR,with_mapper,100plus,461,3.73908462033462,124320
176,32,67,121,3.9593875408172607,108.29833984375,2.245556563138962,113.9814453125,112.7626953125,INDIVIDUAL_ANNOTATOR,with_mapper,100plus,461,3.73908462033462,124320
177,32,57,115,3.9911549538373947,108.49267578125,2.227775752544403,113.9814453125,112.7626953125,INDIVIDUAL_ANNOTATOR,with_mapper,100plus,461,3.73908462033462,124320
178,32,74,132,3.930767998099327,108.68701171875,2.2760387510061264,113.98193359375,112.76318359375,INDIVIDUAL_ANNOTATOR,with_mapper,100plus,461,3.73908462033462,124320
179,32,75,106,3.9742644876241684,108.8818359375,2.254180610179901,113.9814453125,112.7626953125,INDIVIDUAL_ANNOTATOR,with_mapper,100plus,461,3.73908462033462,124320
180,32,75,127,3.9694365113973618,109.076171875,2.499537542462349,113.9814453125,112.7626953125,INDIVIDUAL_ANNOTATOR,with_mapper,100plus,461,3.73908462033462,124320
181,32,77,111,3.9008725434541702,109.2705078125,2.244574949145317,113.9814453125,112.7626953125,INDIVIDUAL_ANNOTATOR,with_mapper,100plus,461,3.73908462033462,124320
182,32,74,132,3.8674715906381607,109.46484375,2.2383108735084534,113.98193359375,112.76318359375,INDIVIDUAL_ANNOTATOR,with_mapper,100plus,461,3.73908462033462,124320
183,32,58,127,4.225283861160278,109.65966796875,2.2419244050979614,113.9814453125,112.7626953125,INDIVIDUAL_ANNOTATOR,with_mapper,100plus,461,3.73908462033462,124320
184,32,67,125,3.8988180458545685,109.85400390625,2.2409092634916306,113.9814453125,112.7626953125,INDIVIDUAL_ANNOTATOR,with_mapper,100plus,461,3.73908462033462,124320
185,32,73,111,3.9859041571617126,110.04833984375,2.3240111768245697,113.9814453125,112.7626953125,INDIVIDUAL_ANNOTATOR,with_mapper,100plus,461,3.73908462033462,124320
186,32,75,132,3.91218438744545,110.24267578125,2.233404666185379,113.98193359375,112.76318359375,INDIVIDUAL_ANNOTATOR,with_mapper,100plus,461,3.73908462033462,124320
187,32,75,121,3.947971388697624,110.4375,2.2526737302541733,113.9814453125,112.7626953125,INDIVIDUAL_ANNOTATOR,with_mapper,100plus,461,3.73908462033462,124320
188,32,65,119,3.951052203774452,110.6318359375,2.2529158741235733,113.9814453125,112.7626953125,INDIVIDUAL_ANNOTATOR,with_mapper,100plus,461,3.73908462033462,124320
189,32,52,116,3.949519246816635,110.826171875,2.249816432595253,113.9814453125,112.7626953125,INDIVIDUAL_ANNOTATOR,with_mapper,100plus,461,3.73908462033462,124320
190,32,55,102,3.990011289715767,111.0205078125,2.256462350487709,113.9814453125,112.7626953125,INDIVIDUAL_ANNOTATOR,with_mapper,100plus,461,3.73908462033462,124320
191,32,57,128,3.978671506047249,111.21484375,2.240080386400223,113.9814453125,112.7626953125,INDIVIDUAL_ANNOTATOR,with_mapper,100plus,461,3.73908462033462,124320
192,32,48,118,3.9520934224128723,111.4091796875,2.242274582386017,113.9814453125,112.7626953125,INDIVIDUAL_ANNOTATOR,with_mapper,100plus,461,3.73908462033462,124320
193,32,60,140,3.925638273358345,111.603515625,2.2588763386011124,113.98193359375,112.76318359375,INDIVIDUAL_ANNOTATOR,with_mapper,100plus,461,3.73908462033462,124320
194,32,66,102,4.362491890788078,111.79833984375,2.2439416497945786,113.9814453125,112.7626953125,INDIVIDUAL_ANNOTATOR,with_mapper,100plus,461,3.73908462033462,124320
195,32,71,92,3.9877891540527344,111.99267578125,2.2878944873809814,113.9814453125,112.7626953125,INDIVIDUAL_ANNOTATOR,with_mapper,100plus,461,3.73908462033462,124320
196,32,59,139,3.9458274841308594,112.18701171875,2.2469647228717804,113.98193359375,112.76318359375,INDIVIDUAL_ANNOTATOR,with_mapper,100plus,461,3.73908462033462,124320
197,32,86,129,3.9575062692165375,112.3818359375,2.2472403943538666,113.98193359375,112.76318359375,INDIVIDUAL_ANNOTATOR,with_mapper,100plus,461,3.73908462033462,124320
198,32,65,114,4.002904519438744,112.57666015625,2.236500382423401,113.9814453125,112.7626953125,INDIVIDUAL_ANNOTATOR,with_mapper,100plus,461,3.73908462033462,124320
199,32,76,129,3.8874149322509766,112.77099609375,2.4164486676454544,113.98193359375,112.76318359375,INDIVIDUAL_ANNOTATOR,with_mapper,100plus,461,3.73908462033462,124320
0,32,60,132,3.926493227481842,74.51708984375,22.63222262263298,114.42822265625,113.20947265625,INDIVIDUAL_ANNOTATOR_LOOP,with_mapper,100plus,461,3.73908462033462,124320
1,32,74,133,3.8936007767915726,74.7119140625,22.679684683680534,114.42822265625,113.20947265625,INDIVIDUAL_ANNOTATOR_LOOP,with_mapper,100plus,461,3.73908462033462,124320
2,32,56,112,3.9710476994514465,74.90673828125,19.4421224296093,114.427734375,113.208984375,INDIVIDUAL_ANNOTATOR_LOOP,with_mapper,100plus,461,3.73908462033462,124320
3,32,83,119,4.186701029539108,75.10107421875,20.75374685227871,114.427734375,113.208984375,INDIVIDUAL_ANNOTATOR_LOOP,with_mapper,100plus,461,3.73908462033462,124320
4,32,53,113,4.114437848329544,75.29541015625,20.3128419816494,114.427734375,113.208984375,INDIVIDUAL_ANNOTATOR_LOOP,with_mapper,100plus,461,3.73908462033462,124320
5,32,68,110,4.130082204937935,75.48974609375,19.191354513168335,114.427734375,113.208984375,INDIVIDUAL_ANNOTATOR_LOOP,with_mapper,100plus,461,3.73908462033462,124320
6,32,74,122,4.484014585614204,75.68408203125,21.069064736366272,114.427734375,113.208984375,INDIVIDUAL_ANNOTATOR_LOOP,with_mapper,100plus,461,3.73908462033462,124320
7,32,64,112,4.219576716423035,75.87841796875,19.432352855801582,114.427734375,113.208984375,INDIVIDUAL_ANNOTATOR_LOOP,with_mapper,100plus,461,3.73908462033462,124320
8,32,64,125,3.845617175102234,76.07275390625,21.520592272281647,114.427734375,113.208984375,INDIVIDUAL_ANNOTATOR_LOOP,with_mapper,100plus,461,3.73908462033462,124320
9,32,58,125,3.898346796631813,76.26708984375,21.58835157752037,114.427734375,113.208984375,INDIVIDUAL_ANNOTATOR_LOOP,with_mapper,100plus,461,3.73908462033462,124320
10,32,69,102,3.963267430663109,76.46142578125,18.244775012135506,114.427734375,113.208984375,INDIVIDUAL_ANNOTATOR_LOOP,with_mapper,100plus,461,3.73908462033462,124320
11,32,69,117,3.957221284508705,76.65576171875,20.402034744620323,114.427734375,113.208984375,INDIVIDUAL_ANNOTATOR_LOOP,with_mapper,100plus,461,3.73908462033462,124320
12,32,57,102,3.944939002394676,76.85009765625,18.112460151314735,114.427734375,113.208984375,INDIVIDUAL_ANNOTATOR_LOOP,with_mapper,100plus,461,3.73908462033462,124320
13,32,51,120,4.253610968589783,77.04443359375,20.69230005145073,114.427734375,113.208984375,INDIVIDUAL_ANNOTATOR_LOOP,with_mapper,100plus,461,3.73908462033462,124320
14,32,60,90,4.005691036581993,77.23876953125,16.149094328284264,114.427734375,113.208984375,INDIVIDUAL_ANNOTATOR_LOOP,with_mapper,100plus,461,3.73908462033462,124320
15,32,61,118,3.9041806012392044,77.43310546875,21.419601514935493,114.427734375,113.208984375,INDIVIDUAL_ANNOTATOR_LOOP,with_mapper,100plus,461,3.73908462033462,124320
16,32,61,100,4.359543323516846,77.62744140625,18.152711912989616,114.427734375,113.208984375,INDIVIDUAL_ANNOTATOR_LOOP,with_mapper,100plus,461,3.73908462033462,124320
17,32,54,125,3.9389412850141525,77.82177734375,22.090096026659012,114.427734375,113.208984375,INDIVIDUAL_ANNOTATOR_LOOP,with_mapper,100plus,461,3.73908462033462,124320
18,32,64,112,4.0369052439928055,78.01611328125,19.931919872760773,114.427734375,113.208984375,INDIVIDUAL_ANNOTATOR_LOOP,with_mapper,100plus,461,3.73908462033462,124320
19,32,62,117,3.8597751408815384,78.21044921875,20.52471786737442,114.427734375,113.208984375,INDIVIDUAL_ANNOTATOR_LOOP,with_mapper,100plus,461,3.73908462033462,124320
20,32,58,124,3.929523751139641,78.40478515625,21.42425812780857,114.427734375,113.208984375,INDIVIDUAL_ANNOTATOR_LOOP,with_mapper,100plus,461,3.73908462033462,124320
21,32,76,126,3.9023738354444504,78.59912109375,22.08368293941021,114.427734375,113.208984375,INDIVIDUAL_ANNOTATOR_LOOP,with_mapper,100plus,461,3.73908462033462,124320
22,32,67,122,3.9038807153701782,78.79345703125,21.677030250430107,114.427734375,113.208984375,INDIVIDUAL_ANNOTATOR_LOOP,with_mapper,100plus,461,3.73908462033462,124320
23,32,86,132,3.919878974556923,78.98779296875,22.896790876984596,114.42822265625,113.20947265625,INDIVIDUAL_ANNOTATOR_LOOP,with_mapper,100plus,461,3.73908462033462,124320
24,32,70,119,3.909112885594368,79.1826171875,20.664537325501442,114.427734375,113.208984375,INDIVIDUAL_ANNOTATOR_LOOP,with_mapper,100plus,461,3.73908462033462,124320
25,32,68,119,4.018226638436317,79.376953125,20.670944824814796,114.427734375,113.208984375,INDIVIDUAL_ANNOTATOR_LOOP,with_mapper,100plus,461,3.73908462033462,124320
26,32,58,123,3.8881655782461166,79.5712890625,21.449167281389236,114.427734375,113.208984375,INDIVIDUAL_ANNOTATOR_LOOP,with_mapper,100plus,461,3.73908462033462,124320
27,32,65,125,4.226468503475189,79.765625,21.728424355387688,114.427734375,113.208984375,INDIVIDUAL_ANNOTATOR_LOOP,with_mapper,100plus,461,3.73908462033462,124320
28,32,52,128,3.914104774594307,79.9599609375,22.054284811019897,114.427734375,113.208984375,INDIVIDUAL_ANNOTATOR_LOOP,with_mapper,100plus,461,3.73908462033462,124320
29,32,50,110,4.002854228019714,80.154296875,19.14762519299984,114.427734375,113.208984375,INDIVIDUAL_ANNOTATOR_LOOP,with_mapper,100plus,461,3.73908462033462,124320
30,32,61,117,3.9767231792211533,80.3486328125,20.404942333698273,114.427734375,113.208984375,INDIVIDUAL_ANNOTATOR_LOOP,with_mapper,100plus,461,3.73908462033462,124320
31,32,62,122,3.881732001900673,80.54296875,21.087246015667915,114.427734375,113.208984375,INDIVIDUAL_ANNOTATOR_LOOP,with_mapper,100plus,461,3.73908462033462,124320
32,32,64,132,3.9234086871147156,80.7373046875,22.795969620347023,114.42822265625,113.20947265625,INDIVIDUAL_ANNOTATOR_LOOP,with_mapper,100plus,461,3.73908462033462,124320
33,32,76,129,3.9991680532693863,80.93212890625,22.322576493024826,114.42822265625,113.20947265625,INDIVIDUAL_ANNOTATOR_LOOP,with_mapper,100plus,461,3.73908462033462,124320
34,32,51,115,3.9621908217668533,81.126953125,20.05956321954727,114.427734375,113.208984375,INDIVIDUAL_ANNOTATOR_LOOP,with_mapper,100plus,461,3.73908462033462,124320
35,32,67,121,3.9517302066087723,81.3212890625,20.96632495522499,114.427734375,113.208984375,INDIVIDUAL_ANNOTATOR_LOOP,with_mapper,100plus,461,3.73908462033462,124320
36,32,59,104,3.9599239826202393,81.515625,18.389765173196793,114.427734375,113.208984375,INDIVIDUAL_ANNOTATOR_LOOP,with_mapper,100plus,461,3.73908462033462,124320
37,32,54,112,4.246175289154053,81.7099609375,19.609101116657257,114.427734375,113.208984375,INDIVIDUAL_ANNOTATOR_LOOP,with_mapper,100plus,461,3.73908462033462,124320
38,32,62,119,3.955623134970665,81.904296875,20.635204389691353,114.427734375,113.208984375,INDIVIDUAL_ANNOTATOR_LOOP,with_mapper,100plus,461,3.73908462033462,124320
39,32,59,102,3.9215125143527985,82.0986328125,18.04562471807003,114.427734375,113.208984375,INDIVIDUAL_ANNOTATOR_LOOP,with_mapper,100plus,461,3.73908462033462,124320
40,32,71,113,3.951018676161766,82.29296875,20.13474889099598,114.427734375,113.208984375,INDIVIDUAL_ANNOTATOR_LOOP,with_mapper,100plus,461,3.73908462033462,124320
41,32,62,124,3.9386749267578125,82.4873046875,21.28853090107441,114.427734375,113.208984375,INDIVIDUAL_ANNOTATOR_LOOP,with_mapper,100plus,461,3.73908462033462,124320
42,32,63,116,3.9514750242233276,82.681640625,20.229743793606758,114.427734375,113.208984375,INDIVIDUAL_ANNOTATOR_LOOP,with_mapper,100plus,461,3.73908462033462,124320
43,32,78,108,3.9545614272356033,82.8759765625,18.915913999080658,114.427734375,113.208984375,INDIVIDUAL_ANNOTATOR_LOOP,with_mapper,100plus,461,3.73908462033462,124320
44,32,66,131,3.9248261600732803,83.0703125,22.825373336672783,114.42822265625,113.20947265625,INDIVIDUAL_ANNOTATOR_LOOP,with_mapper,100plus,461,3.73908462033462,124320
45,32,60,123,3.9611663669347763,83.26513671875,21.412506699562073,114.427734375,113.208984375,INDIVIDUAL_ANNOTATOR_LOOP,with_mapper,100plus,461,3.73908462033462,124320
46,32,73,128,3.978809341788292,83.45947265625,22.07120694220066,114.427734375,113.208984375,INDIVIDUAL_ANNOTATOR_LOOP,with_mapper,100plus,461,3.73908462033462,124320
47,32,66,126,4.236213862895966,83.65380859375,21.801939234137535,114.427734375,113.208984375,INDIVIDUAL_ANNOTATOR_LOOP,with_mapper,100plus,461,3.73908462033462,124320
48,32,67,134,3.807671368122101,83.84814453125,22.932492196559906,114.42822265625,113.20947265625,INDIVIDUAL_ANNOTATOR_LOOP,with_mapper,100plus,461,3.73908462033462,124320
49,32,66,112,3.9682723581790924,84.04296875,19.597219303250313,114.427734375,113.208984375,INDIVIDUAL_ANNOTATOR_LOOP,with_mapper,100plus,461,3.73908462033462,124320
50,32,78,128,4.018817096948624,84.2373046875,22.220851853489876,114.427734375,113.208984375,INDIVIDUAL_ANNOTATOR_LOOP,with_mapper,100plus,461,3.73908462033462,124320
51,32,73,134,3.905324265360832,84.431640625,23.133616894483566,114.42822265625,113.20947265625,INDIVIDUAL_ANNOTATOR_LOOP,with_mapper,100plus,461,3.73908462033462,124320
52,32,66,120,4.104696214199066,84.62646484375,21.22694067656994,114.427734375,113.208984375,INDIVIDUAL_ANNOTATOR_LOOP,with_mapper,100plus,461,3.73908462033462,124320
53,32,62,130,3.8938764482736588,84.82080078125,22.34760858118534,114.42822265625,113.20947265625,INDIVIDUAL_ANNOTATOR_LOOP,with_mapper,100plus,461,3.73908462033462,124320
54,32,74,115,3.986051306128502,85.015625,20.12953907251358,114.427734375,113.208984375,INDIVIDUAL_ANNOTATOR_LOOP,with_mapper,100plus,461,3.73908462033462,124320
55,32,62,117,3.9801839739084244,85.2099609375,20.396828651428223,114.427734375,113.208984375,INDIVIDUAL_ANNOTATOR_LOOP,with_mapper,100plus,461,3.73908462033462,124320
56,32,67,116,3.9553064852952957,85.404296875,20.10292187333107,114.427734375,113.208984375,INDIVIDUAL_ANNOTATOR_LOOP,with_mapper,100plus,461,3.73908462033462,124320
57,32,76,120,3.8810856640338898,85.5986328125,20.828085020184517,114.427734375,113.208984375,INDIVIDUAL_ANNOTATOR_LOOP,with_mapper,100plus,461,3.73908462033462,124320
58,32,59,128,4.605473950505257,85.79296875,22.001732140779495,114.427734375,113.208984375,INDIVIDUAL_ANNOTATOR_LOOP,with_mapper,100plus,461,3.73908462033462,124320
59,32,63,116,4.003733396530151,85.9873046875,20.17452009022236,114.427734375,113.208984375,INDIVIDUAL_ANNOTATOR_LOOP,with_mapper,100plus,461,3.73908462033462,124320
60,32,65,117,3.900619223713875,86.181640625,20.69881185889244,114.427734375,113.208984375,INDIVIDUAL_ANNOTATOR_LOOP,with_mapper,100plus,461,3.73908462033462,124320
61,32,63,112,3.9620958268642426,86.3759765625,19.64378170669079,114.427734375,113.208984375,INDIVIDUAL_ANNOTATOR_LOOP,with_mapper,100plus,461,3.73908462033462,124320
62,32,74,119,3.9034541696310043,86.5703125,20.783208310604095,114.427734375,113.208984375,INDIVIDUAL_ANNOTATOR_LOOP,with_mapper,100plus,461,3.73908462033462,124320
63,32,76,103,3.940306603908539,86.7646484375,18.523821607232094,114.427734375,113.208984375,INDIVIDUAL_ANNOTATOR_LOOP,with_mapper,100plus,461,3.73908462033462,124320
64,32,74,124,3.9920005947351456,86.958984375,21.400488913059235,114.427734375,113.208984375,INDIVIDUAL_ANNOTATOR_LOOP,with_mapper,100plus,461,3.73908462033462,124320
65,32,70,111,3.861932083964348,87.1533203125,19.447781145572662,114.427734375,113.208984375,INDIVIDUAL_ANNOTATOR_LOOP,with_mapper,100plus,461,3.73908462033462,124320
66,32,55,126,3.8772765547037125,87.34765625,21.740831434726715,114.427734375,113.208984375,INDIVIDUAL_ANNOTATOR_LOOP,with_mapper,100plus,461,3.73908462033462,124320
67,32,70,112,3.9505641907453537,87.5419921875,19.787469878792763,114.427734375,113.208984375,INDIVIDUAL_ANNOTATOR_LOOP,with_mapper,100plus,461,3.73908462033462,124320
68,32,65,131,4.190949723124504,87.736328125,22.450506687164307,114.42822265625,113.20947265625,INDIVIDUAL_ANNOTATOR_LOOP,with_mapper,100plus,461,3.73908462033462,124320
69,32,63,124,3.9004627615213394,87.93115234375,21.341022104024887,114.427734375,113.208984375,INDIVIDUAL_ANNOTATOR_LOOP,with_mapper,100plus,461,3.73908462033462,124320
70,32,53,122,3.901557996869087,88.12548828125,21.13991416990757,114.427734375,113.208984375,INDIVIDUAL_ANNOTATOR_LOOP,with_mapper,100plus,461,3.73908462033462,124320
71,32,75,125,3.877449780702591,88.31982421875,21.800315007567406,114.427734375,113.208984375,INDIVIDUAL_ANNOTATOR_LOOP,with_mapper,100plus,461,3.73908462033462,124320
72,32,57,126,3.8939956575632095,88.51416015625,21.755527704954147,114.427734375,113.208984375,INDIVIDUAL_ANNOTATOR_LOOP,with_mapper,100plus,461,3.73908462033462,124320
73,32,61,119,3.8974639028310776,88.70849609375,20.757632330060005,114.427734375,113.208984375,INDIVIDUAL_ANNOTATOR_LOOP,with_mapper,100plus,461,3.73908462033462,124320
74,32,59,129,3.911033272743225,88.90283203125,22.074000909924507,114.42822265625,113.20947265625,INDIVIDUAL_ANNOTATOR_LOOP,with_mapper,100plus,461,3.73908462033462,124320
75,32,64,120,3.92715260386467,89.09765625,20.72768472135067,114.427734375,113.208984375,INDIVIDUAL_ANNOTATOR_LOOP,with_mapper,100plus,461,3.73908462033462,124320
76,32,70,126,3.9579402655363083,89.2919921875,21.952662616968155,114.427734375,113.208984375,INDIVIDUAL_ANNOTATOR_LOOP,with_mapper,100plus,461,3.73908462033462,124320
77,32,50,130,3.921870142221451,89.486328125,22.23922312259674,114.42822265625,113.20947265625,INDIVIDUAL_ANNOTATOR_LOOP,with_mapper,100plus,461,3.73908462033462,124320
78,32,74,116,4.184858873486519,89.68115234375,20.248567685484886,114.427734375,113.208984375,INDIVIDUAL_ANNOTATOR_LOOP,with_mapper,100plus,461,3.73908462033462,124320
79,32,66,104,3.9894431829452515,89.87548828125,19.124727696180344,114.427734375,113.208984375,INDIVIDUAL_ANNOTATOR_LOOP,with_mapper,100plus,461,3.73908462033462,124320
80,32,64,129,3.944685682654381,90.06982421875,22.098831832408905,114.42822265625,113.20947265625,INDIVIDUAL_ANNOTATOR_LOOP,with_mapper,100plus,461,3.73908462033462,124320
81,32,73,112,3.962947055697441,90.2646484375,19.499585032463074,114.427734375,113.208984375,INDIVIDUAL_ANNOTATOR_LOOP,with_mapper,100plus,461,3.73908462033462,124320
82,32,54,127,3.902086988091469,90.458984375,21.972885355353355,114.427734375,113.208984375,INDIVIDUAL_ANNOTATOR_LOOP,with_mapper,100plus,461,3.73908462033462,124320
83,32,67,126,3.9597023278474808,90.6533203125,21.823568269610405,114.427734375,113.208984375,INDIVIDUAL_ANNOTATOR_LOOP,with_mapper,100plus,461,3.73908462033462,124320
84,32,61,122,3.9369817823171616,90.84765625,21.041041240096092,114.427734375,113.208984375,INDIVIDUAL_ANNOTATOR_LOOP,with_mapper,100plus,461,3.73908462033462,124320
85,32,71,128,3.8989856839179993,91.0419921875,22.24172279238701,114.427734375,113.208984375,INDIVIDUAL_ANNOTATOR_LOOP,with_mapper,100plus,461,3.73908462033462,124320
86,32,72,127,3.8854293525218964,91.236328125,21.89045585691929,114.427734375,113.208984375,INDIVIDUAL_ANNOTATOR_LOOP,with_mapper,100plus,461,3.73908462033462,124320
87,32,68,111,3.945767879486084,91.4306640625,19.578630104660988,114.427734375,113.208984375,INDIVIDUAL_ANNOTATOR_LOOP,with_mapper,100plus,461,3.73908462033462,124320
88,32,64,130,3.869537264108658,91.625,22.460853680968285,114.42822265625,113.20947265625,INDIVIDUAL_ANNOTATOR_LOOP,with_mapper,100plus,461,3.73908462033462,124320
89,32,71,105,4.269281402230263,91.81982421875,18.526649102568626,114.427734375,113.208984375,INDIVIDUAL_ANNOTATOR_LOOP,with_mapper,100plus,461,3.73908462033462,124320
90,32,70,113,4.0489137172698975,92.01416015625,20.033035427331924,114.427734375,113.208984375,INDIVIDUAL_ANNOTATOR_LOOP,with_mapper,100plus,461,3.73908462033462,124320
91,32,59,112,3.9302799850702286,92.20849609375,19.537663087248802,114.427734375,113.208984375,INDIVIDUAL_ANNOTATOR_LOOP,with_mapper,100plus,461,3.73908462033462,124320
92,32,71,126,3.882579505443573,92.40283203125,21.86753787100315,114.427734375,113.208984375,INDIVIDUAL_ANNOTATOR_LOOP,with_mapper,100plus,461,3.73908462033462,124320
93,32,62,122,3.9200186729431152,92.59716796875,21.10794372856617,114.427734375,113.208984375,INDIVIDUAL_ANNOTATOR_LOOP,with_mapper,100plus,461,3.73908462033462,124320
94,32,70,120,3.938470035791397,92.79150390625,20.86150087416172,114.427734375,113.208984375,INDIVIDUAL_ANNOTATOR_LOOP,with_mapper,100plus,461,3.73908462033462,124320
95,32,54,130,3.897644579410553,92.98583984375,22.280072793364525,114.42822265625,113.20947265625,INDIVIDUAL_ANNOTATOR_LOOP,with_mapper,100plus,461,3.73908462033462,124320
96,32,66,118,3.9301887154579163,93.1806640625,20.48477530479431,114.427734375,113.2099609375,INDIVIDUAL_ANNOTATOR_LOOP,with_mapper,100plus,461,3.73908462033462,124320
97,32,64,119,3.8886964321136475,93.3759765625,20.493291318416595,114.4287109375,113.208984375,INDIVIDUAL_ANNOTATOR_LOOP,with_mapper,100plus,461,3.73908462033462,124320
98,32,70,105,3.858506679534912,93.5703125,18.490968272089958,114.427734375,113.208984375,INDIVIDUAL_ANNOTATOR_LOOP,with_mapper,100plus,461,3.73908462033462,124320
99,32,55,127,4.270346835255623,93.7646484375,21.924322471022606,114.427734375,113.208984375,INDIVIDUAL_ANNOTATOR_LOOP,with_mapper,100plus,461,3.73908462033462,124320
100,32,53,131,3.900660201907158,93.958984375,22.774072363972664,114.42822265625,113.20947265625,INDIVIDUAL_ANNOTATOR_LOOP,with_mapper,100plus,461,3.73908462033462,124320
101,32,60,136,3.8504749536514282,94.15380859375,23.22305552661419,114.42822265625,113.20947265625,INDIVIDUAL_ANNOTATOR_LOOP,with_mapper,100plus,461,3.73908462033462,124320
102,32,64,119,3.9113927632570267,94.3486328125,20.54453454911709,114.427734375,113.208984375,INDIVIDUAL_ANNOTATOR_LOOP,with_mapper,100plus,461,3.73908462033462,124320
103,32,53,92,3.9981771260499954,94.54296875,16.65593683719635,114.427734375,113.208984375,INDIVIDUAL_ANNOTATOR_LOOP,with_mapper,100plus,461,3.73908462033462,124320
104,32,65,135,3.849811851978302,94.7373046875,23.406371474266052,114.42822265625,113.20947265625,INDIVIDUAL_ANNOTATOR_LOOP,with_mapper,100plus,461,3.73908462033462,124320
105,32,65,127,3.8881301879882812,94.93212890625,22.002873942255974,114.427734375,113.208984375,INDIVIDUAL_ANNOTATOR_LOOP,with_mapper,100plus,461,3.73908462033462,124320
106,32,74,114,3.879884257912636,95.12646484375,20.339282229542732,114.427734375,113.208984375,INDIVIDUAL_ANNOTATOR_LOOP,with_mapper,100plus,461,3.73908462033462,124320
107,32,71,124,3.9151515811681747,95.32080078125,21.347297355532646,114.427734375,113.208984375,INDIVIDUAL_ANNOTATOR_LOOP,with_mapper,100plus,461,3.73908462033462,124320
108,32,72,113,3.9987489581108093,95.51513671875,19.7634045034647,114.427734375,113.208984375,INDIVIDUAL_ANNOTATOR_LOOP,with_mapper,100plus,461,3.73908462033462,124320
109,32,71,117,4.224294796586037,95.70947265625,20.272791385650635,114.427734375,113.208984375,INDIVIDUAL_ANNOTATOR_LOOP,with_mapper,100plus,461,3.73908462033462,124320
110,32,61,114,3.917235881090164,95.90380859375,21.08827233314514,114.427734375,113.208984375,INDIVIDUAL_ANNOTATOR_LOOP,with_mapper,100plus,461,3.73908462033462,124320
111,32,58,117,3.9414484053850174,96.09814453125,21.249806508421898,114.427734375,113.208984375,INDIVIDUAL_ANNOTATOR_LOOP,with_mapper,100plus,461,3.73908462033462,124320
112,32,59,109,3.902258351445198,96.29248046875,20.12205682694912,114.427734375,113.208984375,INDIVIDUAL_ANNOTATOR_LOOP,with_mapper,100plus,461,3.73908462033462,124320
113,32,74,114,3.894573077559471,96.48681640625,21.082278341054916,114.427734375,113.208984375,INDIVIDUAL_ANNOTATOR_LOOP,with_mapper,100plus,461,3.73908462033462,124320
114,32,59,112,3.9111394435167313,96.68115234375,20.739860832691193,114.427734375,113.208984375,INDIVIDUAL_ANNOTATOR_LOOP,with_mapper,100plus,461,3.73908462033462,124320
115,32,70,109,3.8989000022411346,96.87548828125,19.087405875325203,114.427734375,113.208984375,INDIVIDUAL_ANNOTATOR_LOOP,with_mapper,100plus,461,3.73908462033462,124320
116,32,64,112,3.8862209767103195,97.06982421875,19.47559230029583,114.427734375,113.208984375,INDIVIDUAL_ANNOTATOR_LOOP,with_mapper,100plus,461,3.73908462033462,124320
117,32,73,125,3.8752518594264984,97.26416015625,21.583711728453636,114.427734375,113.208984375,INDIVIDUAL_ANNOTATOR_LOOP,with_mapper,100plus,461,3.73908462033462,124320
118,32,78,136,3.896821290254593,97.45849609375,23.600956425070763,114.42822265625,113.21044921875,INDIVIDUAL_ANNOTATOR_LOOP,with_mapper,100plus,461,3.73908462033462,124320
119,32,63,127,4.174157977104187,97.654296875,22.10340090095997,114.4287109375,113.208984375,INDIVIDUAL_ANNOTATOR_LOOP,with_mapper,100plus,461,3.73908462033462,124320
120,32,76,128,3.8684699684381485,97.8486328125,21.94082923233509,114.427734375,113.208984375,INDIVIDUAL_ANNOTATOR_LOOP,with_mapper,100plus,461,3.73908462033462,124320
121,32,87,133,3.9073117077350616,98.04296875,22.84875512123108,114.42822265625,113.21044921875,INDIVIDUAL_ANNOTATOR_LOOP,with_mapper,100plus,461,3.73908462033462,124320
122,32,62,108,3.9496533572673798,98.23876953125,19.159168004989624,114.4287109375,113.208984375,INDIVIDUAL_ANNOTATOR_LOOP,with_mapper,100plus,461,3.73908462033462,124320
123,32,66,120,3.91291081905365,98.43310546875,20.837560296058655,114.427734375,113.208984375,INDIVIDUAL_ANNOTATOR_LOOP,with_mapper,100plus,461,3.73908462033462,124320
124,32,59,131,3.863023594021797,98.62744140625,25.066733360290527,114.42822265625,113.20947265625,INDIVIDUAL_ANNOTATOR_LOOP,with_mapper,100plus,461,3.73908462033462,124320
125,32,77,106,3.9663780480623245,98.822265625,18.96447315812111,114.427734375,113.2099609375,INDIVIDUAL_ANNOTATOR_LOOP,with_mapper,100plus,461,3.73908462033462,124320
126,32,61,121,3.9386115968227386,99.017578125,20.98124846816063,114.4287109375,113.208984375,INDIVIDUAL_ANNOTATOR_LOOP,with_mapper,100plus,461,3.73908462033462,124320
127,32,64,136,3.927871584892273,99.2119140625,23.455025628209114,114.42822265625,113.20947265625,INDIVIDUAL_ANNOTATOR_LOOP,with_mapper,100plus,461,3.73908462033462,124320
128,32,65,131,3.835691139101982,99.40673828125,22.601628676056862,114.42822265625,113.20947265625,INDIVIDUAL_ANNOTATOR_LOOP,with_mapper,100plus,461,3.73908462033462,124320
129,32,66,117,3.9170589298009872,99.6015625,20.45978046953678,114.427734375,113.208984375,INDIVIDUAL_ANNOTATOR_LOOP,with_mapper,100plus,461,3.73908462033462,124320
130,32,66,104,4.249416291713715,99.7958984375,18.469322472810745,114.427734375,113.208984375,INDIVIDUAL_ANNOTATOR_LOOP,with_mapper,100plus,461,3.73908462033462,124320
131,32,73,121,3.908105194568634,99.990234375,21.372642368078232,114.427734375,113.208984375,INDIVIDUAL_ANNOTATOR_LOOP,with_mapper,100plus,461,3.73908462033462,124320
132,32,57,124,3.908848389983177,100.1845703125,21.439900621771812,114.427734375,113.208984375,INDIVIDUAL_ANNOTATOR_LOOP,with_mapper,100plus,461,3.73908462033462,124320
133,32,61,109,3.9363354444503784,100.37890625,19.10317875444889,114.427734375,113.208984375,INDIVIDUAL_ANNOTATOR_LOOP,with_mapper,100plus,461,3.73908462033462,124320
134,32,72,115,3.968099132180214,100.5732421875,20.241696387529373,114.427734375,113.208984375,INDIVIDUAL_ANNOTATOR_LOOP,with_mapper,100plus,461,3.73908462033462,124320
135,32,63,107,3.9310790598392487,100.767578125,19.06454749405384,114.427734375,113.208984375,INDIVIDUAL_ANNOTATOR_LOOP,with_mapper,100plus,461,3.73908462033462,124320
136,32,60,117,3.9266273379325867,100.9619140625,20.31899057328701,114.427734375,113.208984375,INDIVIDUAL_ANNOTATOR_LOOP,with_mapper,100plus,461,3.73908462033462,124320
137,32,76,111,3.9589032530784607,101.15625,19.800174981355667,114.427734375,113.208984375,INDIVIDUAL_ANNOTATOR_LOOP,with_mapper,100plus,461,3.73908462033462,124320
138,32,75,133,3.900926560163498,101.3505859375,23.05879257619381,114.42822265625,113.21044921875,INDIVIDUAL_ANNOTATOR_LOOP,with_mapper,100plus,461,3.73908462033462,124320
139,32,51,123,4.083551466464996,101.54638671875,21.291323006153107,114.4287109375,113.208984375,INDIVIDUAL_ANNOTATOR_LOOP,with_mapper,100plus,461,3.73908462033462,124320
140,32,63,123,4.320809617638588,101.74072265625,21.41570672392845,114.427734375,113.208984375,INDIVIDUAL_ANNOTATOR_LOOP,with_mapper,100plus,461,3.73908462033462,124320
141,32,59,138,3.900878131389618,101.93505859375,23.460393771529198,114.42822265625,113.20947265625,INDIVIDUAL_ANNOTATOR_LOOP,with_mapper,100plus,461,3.73908462033462,124320
142,32,57,120,3.9522238075733185,102.1298828125,20.729128271341324,114.427734375,113.208984375,INDIVIDUAL_ANNOTATOR_LOOP,with_mapper,100plus,461,3.73908462033462,124320
143,32,57,115,3.932371735572815,102.32421875,19.99736577272415,114.427734375,113.208984375,INDIVIDUAL_ANNOTATOR_LOOP,with_mapper,100plus,461,3.73908462033462,124320
144,32,61,129,3.8735363632440567,102.5185546875,22.259125486016273,114.42822265625,113.20947265625,INDIVIDUAL_ANNOTATOR_LOOP,with_mapper,100plus,461,3.73908462033462,124320
145,32,68,132,3.954961895942688,102.71337890625,22.70187996327877,114.42822265625,113.20947265625,INDIVIDUAL_ANNOTATOR_LOOP,with_mapper,100plus,461,3.73908462033462,124320
146,32,69,127,3.9801988750696182,102.908203125,21.89725451171398,114.427734375,113.208984375,INDIVIDUAL_ANNOTATOR_LOOP,with_mapper,100plus,461,3.73908462033462,124320
147,32,54,125,3.9046872407197952,103.1025390625,21.8652356415987,114.427734375,113.208984375,INDIVIDUAL_ANNOTATOR_LOOP,with_mapper,100plus,461,3.73908462033462,124320
148,32,65,110,4.0374696254730225,103.296875,19.87939514219761,114.427734375,113.208984375,INDIVIDUAL_ANNOTATOR_LOOP,with_mapper,100plus,461,3.73908462033462,124320
149,32,79,115,3.963565453886986,103.4912109375,20.50609700381756,114.427734375,113.208984375,INDIVIDUAL_ANNOTATOR_LOOP,with_mapper,100plus,461,3.73908462033462,124320
150,32,63,131,4.191819578409195,103.685546875,22.596295922994614,114.42822265625,113.20947265625,INDIVIDUAL_ANNOTATOR_LOOP,with_mapper,100plus,461,3.73908462033462,124320
151,32,65,122,3.9850957691669464,103.88037109375,21.48999273777008,114.427734375,113.208984375,INDIVIDUAL_ANNOTATOR_LOOP,with_mapper,100plus,461,3.73908462033462,124320
152,32,56,115,3.9819665253162384,104.07470703125,19.940564408898354,114.427734375,113.208984375,INDIVIDUAL_ANNOTATOR_LOOP,with_mapper,100plus,461,3.73908462033462,124320
153,32,60,135,4.0101055055856705,104.26904296875,23.031320422887802,114.42822265625,113.20947265625,INDIVIDUAL_ANNOTATOR_LOOP,with_mapper,100plus,461,3.73908462033462,124320
154,32,71,134,3.930443897843361,104.4638671875,22.88556843996048,114.42822265625,113.20947265625,INDIVIDUAL_ANNOTATOR_LOOP,with_mapper,100plus,461,3.73908462033462,124320
155,32,63,125,3.8721654564142227,104.65869140625,21.894298493862152,114.427734375,113.208984375,INDIVIDUAL_ANNOTATOR_LOOP,with_mapper,100plus,461,3.73908462033462,124320
156,32,81,100,3.9834603667259216,104.85302734375,17.863621935248375,114.427734375,113.208984375,INDIVIDUAL_ANNOTATOR_LOOP,with_mapper,100plus,461,3.73908462033462,124320
157,32,53,114,3.9331354200839996,105.04736328125,20.185556262731552,114.427734375,113.208984375,INDIVIDUAL_ANNOTATOR_LOOP,with_mapper,100plus,461,3.73908462033462,124320
158,32,70,133,3.921421244740486,105.24169921875,22.766025736927986,114.42822265625,113.20947265625,INDIVIDUAL_ANNOTATOR_LOOP,with_mapper,100plus,461,3.73908462033462,124320
159,32,49,116,3.93621064722538,105.4365234375,20.097313448786736,114.427734375,113.208984375,INDIVIDUAL_ANNOTATOR_LOOP,with_mapper,100plus,461,3.73908462033462,124320
160,32,69,113,4.2993854731321335,105.630859375,19.78347823023796,114.427734375,113.208984375,INDIVIDUAL_ANNOTATOR_LOOP,with_mapper,100plus,461,3.73908462033462,124320
161,32,59,114,3.843158483505249,105.8251953125,20.590530708432198,114.427734375,113.208984375,INDIVIDUAL_ANNOTATOR_LOOP,with_mapper,100plus,461,3.73908462033462,124320
162,32,62,122,3.9187949150800705,106.01953125,20.985543727874756,114.427734375,113.208984375,INDIVIDUAL_ANNOTATOR_LOOP,with_mapper,100plus,461,3.73908462033462,124320
163,32,74,143,3.9089005440473557,106.2138671875,24.53979291021824,114.42822265625,113.21044921875,INDIVIDUAL_ANNOTATOR_LOOP,with_mapper,100plus,461,3.73908462033462,124320
164,32,77,139,3.9950720965862274,106.40966796875,23.783337324857712,114.42919921875,113.20947265625,INDIVIDUAL_ANNOTATOR_LOOP,with_mapper,100plus,461,3.73908462033462,124320
165,32,73,130,3.899885341525078,106.6044921875,22.423366084694862,114.42822265625,113.20947265625,INDIVIDUAL_ANNOTATOR_LOOP,with_mapper,100plus,461,3.73908462033462,124320
166,32,73,129,3.8807466626167297,106.79931640625,22.30764739215374,114.42822265625,113.20947265625,INDIVIDUAL_ANNOTATOR_LOOP,with_mapper,100plus,461,3.73908462033462,124320
167,32,71,114,3.927970305085182,106.994140625,20.193466916680336,114.427734375,113.208984375,INDIVIDUAL_ANNOTATOR_LOOP,with_mapper,100plus,461,3.73908462033462,124320
168,32,51,117,3.926588222384453,107.1884765625,20.245617255568504,114.427734375,113.208984375,INDIVIDUAL_ANNOTATOR_LOOP,with_mapper,100plus,461,3.73908462033462,124320
169,32,62,134,4.048222675919533,107.3828125,23.56688492000103,114.42822265625,113.21044921875,INDIVIDUAL_ANNOTATOR_LOOP,with_mapper,100plus,461,3.73908462033462,124320
170,32,67,119,3.923114389181137,107.57861328125,20.67732997238636,114.4287109375,113.208984375,INDIVIDUAL_ANNOTATOR_LOOP,with_mapper,100plus,461,3.73908462033462,124320
171,32,60,103,4.282811656594276,107.77294921875,18.418727442622185,114.427734375,113.208984375,INDIVIDUAL_ANNOTATOR_LOOP,with_mapper,100plus,461,3.73908462033462,124320
172,32,56,116,3.8941167294979095,107.96728515625,20.152602344751358,114.427734375,113.208984375,INDIVIDUAL_ANNOTATOR_LOOP,with_mapper,100plus,461,3.73908462033462,124320
173,32,56,114,3.9836782962083817,108.16162109375,19.783060997724533,114.427734375,113.208984375,INDIVIDUAL_ANNOTATOR_LOOP,with_mapper,100plus,461,3.73908462033462,124320
174,32,50,118,4.003804177045822,108.35595703125,20.430734381079674,114.427734375,113.208984375,INDIVIDUAL_ANNOTATOR_LOOP,with_mapper,100plus,461,3.73908462033462,124320
175,32,65,123,3.9748921990394592,108.55029296875,21.314414218068123,114.427734375,113.208984375,INDIVIDUAL_ANNOTATOR_LOOP,with_mapper,100plus,461,3.73908462033462,124320
176,32,67,121,3.9431359618902206,108.74462890625,21.08784392476082,114.427734375,113.208984375,INDIVIDUAL_ANNOTATOR_LOOP,with_mapper,100plus,461,3.73908462033462,124320
177,32,57,115,3.9152149111032486,108.93896484375,20.098639652132988,114.427734375,113.208984375,INDIVIDUAL_ANNOTATOR_LOOP,with_mapper,100plus,461,3.73908462033462,124320
178,32,74,132,3.9466731250286102,109.13330078125,22.648708894848824,114.42822265625,113.20947265625,INDIVIDUAL_ANNOTATOR_LOOP,with_mapper,100plus,461,3.73908462033462,124320
179,32,75,106,3.946719691157341,109.328125,18.68600584566593,114.427734375,113.208984375,INDIVIDUAL_ANNOTATOR_LOOP,with_mapper,100plus,461,3.73908462033462,124320
180,32,75,127,3.9466582238674164,109.5224609375,21.908916532993317,114.427734375,113.208984375,INDIVIDUAL_ANNOTATOR_LOOP,with_mapper,100plus,461,3.73908462033462,124320
181,32,77,111,4.184924066066742,109.716796875,19.67618614435196,114.427734375,113.208984375,INDIVIDUAL_ANNOTATOR_LOOP,with_mapper,100plus,461,3.73908462033462,124320
182,32,74,132,3.8782767951488495,109.9111328125,22.820500656962395,114.42822265625,113.20947265625,INDIVIDUAL_ANNOTATOR_LOOP,with_mapper,100plus,461,3.73908462033462,124320
183,32,58,127,3.958791494369507,110.10595703125,21.718190982937813,114.427734375,113.208984375,INDIVIDUAL_ANNOTATOR_LOOP,with_mapper,100plus,461,3.73908462033462,124320
184,32,67,125,3.9538443088531494,110.30029296875,21.537987515330315,114.427734375,113.208984375,INDIVIDUAL_ANNOTATOR_LOOP,with_mapper,100plus,461,3.73908462033462,124320
185,32,73,111,3.952356055378914,110.49462890625,19.425256177783012,114.427734375,113.208984375,INDIVIDUAL_ANNOTATOR_LOOP,with_mapper,100plus,461,3.73908462033462,124320
186,32,75,132,3.925638273358345,110.68896484375,22.92761765420437,114.42822265625,113.20947265625,INDIVIDUAL_ANNOTATOR_LOOP,with_mapper,100plus,461,3.73908462033462,124320
187,32,75,121,3.9554908871650696,110.8837890625,21.156182512640953,114.427734375,113.208984375,INDIVIDUAL_ANNOTATOR_LOOP,with_mapper,100plus,461,3.73908462033462,124320
188,32,65,119,3.941768780350685,111.078125,20.65955474972725,114.427734375,113.208984375,INDIVIDUAL_ANNOTATOR_LOOP,with_mapper,100plus,461,3.73908462033462,124320
189,32,52,116,4.021875560283661,111.2724609375,20.060934126377106,114.427734375,113.208984375,INDIVIDUAL_ANNOTATOR_LOOP,with_mapper,100plus,461,3.73908462033462,124320
190,32,55,102,3.947250545024872,111.466796875,17.943022772669792,114.427734375,113.208984375,INDIVIDUAL_ANNOTATOR_LOOP,with_mapper,100plus,461,3.73908462033462,124320
191,32,57,128,4.228375852108002,111.6611328125,22.116128355264664,114.427734375,113.208984375,INDIVIDUAL_ANNOTATOR_LOOP,with_mapper,100plus,461,3.73908462033462,124320
192,32,48,118,3.9408374577760696,111.85546875,20.366327837109566,114.427734375,113.208984375,INDIVIDUAL_ANNOTATOR_LOOP,with_mapper,100plus,461,3.73908462033462,124320
193,32,60,140,3.9093848317861557,112.0498046875,23.875297978520393,114.42822265625,113.20947265625,INDIVIDUAL_ANNOTATOR_LOOP,with_mapper,100plus,461,3.73908462033462,124320
194,32,66,102,4.003752022981644,112.24462890625,18.08006875216961,114.427734375,113.208984375,INDIVIDUAL_ANNOTATOR_LOOP,with_mapper,100plus,461,3.73908462033462,124320
195,32,71,92,3.9882678538560867,112.43896484375,16.628803685307503,114.427734375,113.208984375,INDIVIDUAL_ANNOTATOR_LOOP,with_mapper,100plus,461,3.73908462033462,124320
196,32,59,139,4.000725224614143,112.63330078125,23.719636723399162,114.42822265625,113.20947265625,INDIVIDUAL_ANNOTATOR_LOOP,with_mapper,100plus,461,3.73908462033462,124320
197,32,86,129,3.939008340239525,112.828125,23.439768701791763,114.42822265625,113.20947265625,INDIVIDUAL_ANNOTATOR_LOOP,with_mapper,100plus,461,3.73908462033462,124320
198,32,65,114,3.971472382545471,113.02294921875,20.202774554491043,114.427734375,113.208984375,INDIVIDUAL_ANNOTATOR_LOOP,with_mapper,100plus,461,3.73908462033462,124320
199,32,76,129,3.8760583847761154,113.21728515625,22.623339667916298,114.42822265625,113.20947265625,INDIVIDUAL_ANNOTATOR_LOOP,with_mapper,100plus,461,3.73908462033462,124320
0,32,32,105,2.063058316707611,73.10546875,1.3362355530261993,112.3994140625,111.1806640625,BASELINE_AGGREGATE,without_mapper,1000plus,38,3.5792531219123127,84003
1,32,31,142,1.9700154662132263,73.296875,1.2986641377210617,112.3994140625,111.1806640625,BASELINE_AGGREGATE,without_mapper,1000plus,38,3.5792531219123127,84003
2,32,25,121,2.0019561052322388,73.48828125,1.387227326631546,112.3994140625,111.1806640625,BASELINE_AGGREGATE,without_mapper,1000plus,38,3.5792531219123127,84003
3,32,27,133,2.26559117436409,73.6796875,1.3023652136325836,112.3994140625,111.1806640625,BASELINE_AGGREGATE,without_mapper,1000plus,38,3.5792531219123127,84003
4,32,30,115,1.991836354136467,73.87109375,1.3104677200317383,112.3994140625,111.1806640625,BASELINE_AGGREGATE,without_mapper,1000plus,38,3.5792531219123127,84003
5,32,30,106,2.0724572241306305,74.0625,1.2950114905834198,112.3994140625,111.1806640625,BASELINE_AGGREGATE,without_mapper,1000plus,38,3.5792531219123127,84003
6,32,34,110,1.987246796488762,74.25390625,1.2941192835569382,112.3994140625,111.1806640625,BASELINE_AGGREGATE,without_mapper,1000plus,38,3.5792531219123127,84003
7,32,28,128,1.9511841237545013,74.4453125,1.3015158474445343,112.3994140625,111.1806640625,BASELINE_AGGREGATE,without_mapper,1000plus,38,3.5792531219123127,84003
8,32,29,125,1.9737575203180313,74.63671875,1.3052690774202347,112.3994140625,111.1806640625,BASELINE_AGGREGATE,without_mapper,1000plus,38,3.5792531219123127,84003
9,32,31,119,1.9835755228996277,74.828125,1.3062916696071625,112.3994140625,111.1806640625,BASELINE_AGGREGATE,without_mapper,1000plus,38,3.5792531219123127,84003
10,32,30,128,1.9323378801345825,75.01953125,1.3073738664388657,112.3994140625,111.1806640625,BASELINE_AGGREGATE,without_mapper,1000plus,38,3.5792531219123127,84003
11,32,34,117,1.9534751772880554,75.2109375,1.3031568378210068,112.3994140625,111.1806640625,BASELINE_AGGREGATE,without_mapper,1000plus,38,3.5792531219123127,84003
12,32,31,114,2.013619989156723,75.40234375,1.2963805347681046,112.3994140625,111.1806640625,BASELINE_AGGREGATE,without_mapper,1000plus,38,3.5792531219123127,84003
13,32,29,122,1.962350681424141,75.59375,1.297907903790474,112.3994140625,111.1806640625,BASELINE_AGGREGATE,without_mapper,1000plus,38,3.5792531219123127,84003
14,32,31,111,2.296173945069313,75.78515625,1.2978166341781616,112.3994140625,111.1806640625,BASELINE_AGGREGATE,without_mapper,1000plus,38,3.5792531219123127,84003
15,32,34,103,2.0453203469514847,75.9765625,1.309191808104515,112.3994140625,111.1806640625,BASELINE_AGGREGATE,without_mapper,1000plus,38,3.5792531219123127,84003
16,32,30,116,1.957012340426445,76.16796875,1.3095047324895859,112.3994140625,111.1806640625,BASELINE_AGGREGATE,without_mapper,1000plus,38,3.5792531219123127,84003
17,32,30,126,1.932164654135704,76.359375,1.2988653033971786,112.3994140625,111.1806640625,BASELINE_AGGREGATE,without_mapper,1000plus,38,3.5792531219123127,84003
18,32,28,103,2.045711502432823,76.55078125,1.306304708123207,112.3994140625,111.1806640625,BASELINE_AGGREGATE,without_mapper,1000plus,38,3.5792531219123127,84003
19,32,30,115,2.0028799772262573,76.7421875,1.3078171759843826,112.3994140625,111.1806640625,BASELINE_AGGREGATE,without_mapper,1000plus,38,3.5792531219123127,84003
20,32,31,121,2.0048320293426514,76.93359375,1.313643530011177,112.3994140625,111.1806640625,BASELINE_AGGREGATE,without_mapper,1000plus,38,3.5792531219123127,84003
21,32,33,114,1.992134377360344,77.125,1.3099107891321182,112.3994140625,111.1806640625,BASELINE_AGGREGATE,without_mapper,1000plus,38,3.5792531219123127,84003
22,32,30,113,1.9986443221569061,77.31640625,1.3061948120594025,112.3994140625,111.1806640625,BASELINE_AGGREGATE,without_mapper,1000plus,38,3.5792531219123127,84003
23,32,26,132,1.9937437027692795,77.5078125,1.3017430901527405,112.3994140625,111.1806640625,BASELINE_AGGREGATE,without_mapper,1000plus,38,3.5792531219123127,84003
24,32,29,99,2.315973863005638,77.69921875,1.3779830187559128,112.3994140625,111.1806640625,BASELINE_AGGREGATE,without_mapper,1000plus,38,3.5792531219123127,84003
25,32,32,111,1.990465447306633,77.890625,1.2906156480312347,112.3994140625,111.1806640625,BASELINE_AGGREGATE,without_mapper,1000plus,38,3.5792531219123127,84003
26,32,31,126,2.0143315196037292,78.08203125,1.3119764626026154,112.3994140625,111.1806640625,BASELINE_AGGREGATE,without_mapper,1000plus,38,3.5792531219123127,84003
27,32,32,123,1.9139107316732407,78.2734375,1.2919846922159195,112.3994140625,111.1806640625,BASELINE_AGGREGATE,without_mapper,1000plus,38,3.5792531219123127,84003
28,32,30,112,1.9720830023288727,78.46484375,1.3121068477630615,112.3994140625,111.1806640625,BASELINE_AGGREGATE,without_mapper,1000plus,38,3.5792531219123127,84003
29,32,26,121,1.9318684935569763,78.65625,1.3984199613332748,112.3994140625,111.1806640625,BASELINE_AGGREGATE,without_mapper,1000plus,38,3.5792531219123127,84003
30,32,29,111,2.0318757742643356,78.84765625,1.3048592954874039,112.3994140625,111.1806640625,BASELINE_AGGREGATE,without_mapper,1000plus,38,3.5792531219123127,84003
31,32,29,94,2.027524635195732,79.0390625,1.3068951666355133,112.3994140625,111.1806640625,BASELINE_AGGREGATE,without_mapper,1000plus,38,3.5792531219123127,84003
32,32,29,118,1.9286610186100006,79.23046875,1.299351453781128,112.3994140625,111.1806640625,BASELINE_AGGREGATE,without_mapper,1000plus,38,3.5792531219123127,84003
33,32,31,103,1.9923169165849686,79.421875,1.3061799108982086,112.3994140625,111.1806640625,BASELINE_AGGREGATE,without_mapper,1000plus,38,3.5792531219123127,84003
34,32,31,116,2.090059220790863,79.61328125,1.3148020952939987,112.3994140625,111.1806640625,BASELINE_AGGREGATE,without_mapper,1000plus,38,3.5792531219123127,84003
35,32,28,125,2.277182415127754,79.8046875,1.2998171150684357,112.3994140625,111.1806640625,BASELINE_AGGREGATE,without_mapper,1000plus,38,3.5792531219123127,84003
36,32,29,128,2.017732709646225,79.99609375,1.293012872338295,112.3994140625,111.1806640625,BASELINE_AGGREGATE,without_mapper,1000plus,38,3.5792531219123127,84003
37,32,29,124,1.9526723772287369,80.1875,1.3045594096183777,112.3994140625,111.1806640625,BASELINE_AGGREGATE,without_mapper,1000plus,38,3.5792531219123127,84003
38,32,32,110,2.0038504153490067,80.37890625,1.298367977142334,112.3994140625,111.1806640625,BASELINE_AGGREGATE,without_mapper,1000plus,38,3.5792531219123127,84003
39,32,26,103,2.0110197365283966,80.5703125,1.3040248304605484,112.3994140625,111.1806640625,BASELINE_AGGREGATE,without_mapper,1000plus,38,3.5792531219123127,84003
40,32,29,110,2.008190378546715,80.76171875,1.3077184557914734,112.3994140625,111.1806640625,BASELINE_AGGREGATE,without_mapper,1000plus,38,3.5792531219123127,84003
41,32,31,119,1.974521204829216,80.953125,1.3071056455373764,112.3994140625,111.1806640625,BASELINE_AGGREGATE,without_mapper,1000plus,38,3.5792531219123127,84003
42,32,32,123,1.9595623016357422,81.14453125,1.3011042028665543,112.3994140625,111.1806640625,BASELINE_AGGREGATE,without_mapper,1000plus,38,3.5792531219123127,84003
43,32,30,117,1.9867438822984695,81.3359375,1.3397447764873505,112.3994140625,111.1806640625,BASELINE_AGGREGATE,without_mapper,1000plus,38,3.5792531219123127,84003
44,32,30,130,1.9535403698682785,81.52734375,1.307506114244461,112.3994140625,111.1806640625,BASELINE_AGGREGATE,without_mapper,1000plus,38,3.5792531219123127,84003
45,32,28,119,2.242712303996086,81.71875,1.3078544288873672,112.3994140625,111.1806640625,BASELINE_AGGREGATE,without_mapper,1000plus,38,3.5792531219123127,84003
46,32,32,126,1.972513273358345,81.91015625,1.3444796204566956,112.3994140625,111.1806640625,BASELINE_AGGREGATE,without_mapper,1000plus,38,3.5792531219123127,84003
47,32,31,139,1.933624967932701,82.1015625,1.3098996132612228,112.3994140625,111.1806640625,BASELINE_AGGREGATE,without_mapper,1000plus,38,3.5792531219123127,84003
48,32,29,122,1.9931644201278687,82.29296875,1.314021646976471,112.3994140625,111.1806640625,BASELINE_AGGREGATE,without_mapper,1000plus,38,3.5792531219123127,84003
49,32,28,111,2.0858515053987503,82.484375,1.2957677245140076,112.3994140625,111.1806640625,BASELINE_AGGREGATE,without_mapper,1000plus,38,3.5792531219123127,84003
50,32,32,109,2.038216218352318,82.67578125,1.3121366500854492,112.3994140625,111.1806640625,BASELINE_AGGREGATE,without_mapper,1000plus,38,3.5792531219123127,84003
51,32,31,120,1.9827689975500107,82.8671875,1.543492078781128,112.3994140625,111.1806640625,BASELINE_AGGREGATE,without_mapper,1000plus,38,3.5792531219123127,84003
52,32,32,106,2.0263437181711197,83.05859375,1.310175284743309,112.3994140625,111.1806640625,BASELINE_AGGREGATE,without_mapper,1000plus,38,3.5792531219123127,84003
53,32,33,93,2.0935609936714172,83.25,1.3100076466798782,112.3994140625,111.1806640625,BASELINE_AGGREGATE,without_mapper,1000plus,38,3.5792531219123127,84003
54,32,30,116,1.9749775528907776,83.44140625,1.3062600046396255,112.3994140625,111.1806640625,BASELINE_AGGREGATE,without_mapper,1000plus,38,3.5792531219123127,84003
55,32,32,127,2.23512202501297,83.6328125,1.291133463382721,112.3994140625,111.1806640625,BASELINE_AGGREGATE,without_mapper,1000plus,38,3.5792531219123127,84003
56,32,30,130,1.9902251660823822,83.82421875,1.2997016310691833,112.3994140625,111.1806640625,BASELINE_AGGREGATE,without_mapper,1000plus,38,3.5792531219123127,84003
57,32,31,111,1.992885023355484,84.015625,1.309642568230629,112.3994140625,111.1806640625,BASELINE_AGGREGATE,without_mapper,1000plus,38,3.5792531219123127,84003
58,32,33,111,2.072049304842949,84.20703125,1.3217311352491379,112.3994140625,111.1806640625,BASELINE_AGGREGATE,without_mapper,1000plus,38,3.5792531219123127,84003
59,32,26,101,2.0462889224290848,84.3984375,1.2981574982404709,112.3994140625,111.1806640625,BASELINE_AGGREGATE,without_mapper,1000plus,38,3.5792531219123127,84003
60,32,26,104,2.0279567688703537,84.58984375,1.3107042759656906,112.3994140625,111.1806640625,BASELINE_AGGREGATE,without_mapper,1000plus,38,3.5792531219123127,84003
61,32,28,95,2.0237937569618225,84.78125,1.3057943433523178,112.3994140625,111.1806640625,BASELINE_AGGREGATE,without_mapper,1000plus,38,3.5792531219123127,84003
62,32,29,112,2.0032376050949097,84.97265625,1.3094805181026459,112.3994140625,111.1806640625,BASELINE_AGGREGATE,without_mapper,1000plus,38,3.5792531219123127,84003
63,32,31,91,2.0460467785596848,85.1640625,1.314796507358551,112.3994140625,111.1806640625,BASELINE_AGGREGATE,without_mapper,1000plus,38,3.5792531219123127,84003
64,32,31,112,2.0015817135572433,85.35546875,1.317853108048439,112.3994140625,111.1806640625,BASELINE_AGGREGATE,without_mapper,1000plus,38,3.5792531219123127,84003
65,32,29,125,1.9791405647993088,85.546875,1.315223053097725,112.3994140625,111.1806640625,BASELINE_AGGREGATE,without_mapper,1000plus,38,3.5792531219123127,84003
66,32,27,115,2.256171777844429,85.73828125,1.400308683514595,112.3994140625,111.1806640625,BASELINE_AGGREGATE,without_mapper,1000plus,38,3.5792531219123127,84003
67,32,29,110,1.9813477993011475,85.9296875,1.4118477702140808,112.3994140625,111.1806640625,BASELINE_AGGREGATE,without_mapper,1000plus,38,3.5792531219123127,84003
68,32,31,109,2.1076444536447525,86.12109375,1.3057459145784378,112.3994140625,111.1806640625,BASELINE_AGGREGATE,without_mapper,1000plus,38,3.5792531219123127,84003
69,32,29,117,2.0357761532068253,86.3125,1.3292841613292694,112.3994140625,111.1806640625,BASELINE_AGGREGATE,without_mapper,1000plus,38,3.5792531219123127,84003
70,32,33,116,1.9949432462453842,86.50390625,1.3010334223508835,112.3994140625,111.1806640625,BASELINE_AGGREGATE,without_mapper,1000plus,38,3.5792531219123127,84003
71,32,30,118,2.0096246153116226,86.6953125,1.2993402779102325,112.3994140625,111.1806640625,BASELINE_AGGREGATE,without_mapper,1000plus,38,3.5792531219123127,84003
72,32,30,108,2.0231306552886963,86.88671875,1.3865772634744644,112.3994140625,111.1806640625,BASELINE_AGGREGATE,without_mapper,1000plus,38,3.5792531219123127,84003
73,32,30,129,1.9915737211704254,87.078125,1.3077408075332642,112.3994140625,111.1806640625,BASELINE_AGGREGATE,without_mapper,1000plus,38,3.5792531219123127,84003
74,32,28,117,2.0326897501945496,87.26953125,1.3122707605361938,112.3994140625,111.1806640625,BASELINE_AGGREGATE,without_mapper,1000plus,38,3.5792531219123127,84003
75,32,31,115,2.078728750348091,87.4609375,1.2958068400621414,112.3994140625,111.1806640625,BASELINE_AGGREGATE,without_mapper,1000plus,38,3.5792531219123127,84003
76,32,32,128,2.365812659263611,87.65234375,1.314772292971611,112.3994140625,111.1806640625,BASELINE_AGGREGATE,without_mapper,1000plus,38,3.5792531219123127,84003
77,32,30,99,2.161109820008278,87.84375,1.3722013682127,112.3994140625,111.1806640625,BASELINE_AGGREGATE,without_mapper,1000plus,38,3.5792531219123127,84003
78,32,32,111,2.005072310566902,88.03515625,1.3023093342781067,112.3994140625,111.1806640625,BASELINE_AGGREGATE,without_mapper,1000plus,38,3.5792531219123127,84003
79,32,31,126,1.9933711737394333,88.2265625,1.3112518936395645,112.3994140625,111.1806640625,BASELINE_AGGREGATE,without_mapper,1000plus,38,3.5792531219123127,84003
80,32,29,129,1.9842814654111862,88.41796875,1.3021118938922882,112.3994140625,111.1806640625,BASELINE_AGGREGATE,without_mapper,1000plus,38,3.5792531219123127,84003
81,32,29,110,2.019396051764488,88.609375,1.309763640165329,112.3994140625,111.1806640625,BASELINE_AGGREGATE,without_mapper,1000plus,38,3.5792531219123127,84003
82,32,33,129,1.9148439168930054,88.80078125,1.318095251917839,112.3994140625,111.1806640625,BASELINE_AGGREGATE,without_mapper,1000plus,38,3.5792531219123127,84003
83,32,32,113,2.0154528319835663,88.9921875,1.2987814843654633,112.3994140625,111.1806640625,BASELINE_AGGREGATE,without_mapper,1000plus,38,3.5792531219123127,84003
84,32,30,119,2.0317286252975464,89.18359375,1.3039764016866684,112.3994140625,111.1806640625,BASELINE_AGGREGATE,without_mapper,1000plus,38,3.5792531219123127,84003
85,32,32,101,1.9914545118808746,89.375,1.2921486049890518,112.3994140625,111.1806640625,BASELINE_AGGREGATE,without_mapper,1000plus,38,3.5792531219123127,84003
86,32,30,124,2.003675326704979,89.56640625,1.2997183948755264,112.3994140625,111.1806640625,BASELINE_AGGREGATE,without_mapper,1000plus,38,3.5792531219123127,84003
87,32,30,108,2.2910460829734802,89.7578125,1.3145264238119125,112.3994140625,111.1806640625,BASELINE_AGGREGATE,without_mapper,1000plus,38,3.5792531219123127,84003
88,32,29,113,2.037910744547844,89.94921875,1.3099722564220428,112.3994140625,111.1806640625,BASELINE_AGGREGATE,without_mapper,1000plus,38,3.5792531219123127,84003
89,32,32,102,1.983441412448883,90.140625,1.301359385251999,112.3994140625,111.1806640625,BASELINE_AGGREGATE,without_mapper,1000plus,38,3.5792531219123127,84003
90,32,30,116,2.0309314131736755,90.33203125,1.3021472841501236,112.3994140625,111.1806640625,BASELINE_AGGREGATE,without_mapper,1000plus,38,3.5792531219123127,84003
91,32,32,130,1.8597692251205444,90.5234375,1.426374539732933,112.3994140625,111.1806640625,BASELINE_AGGREGATE,without_mapper,1000plus,38,3.5792531219123127,84003
92,32,31,115,2.0295679569244385,90.71484375,1.3325158506631851,112.3994140625,111.1806640625,BASELINE_AGGREGATE,without_mapper,1000plus,38,3.5792531219123127,84003
93,32,26,123,1.9479244947433472,90.90625,1.3050995767116547,112.3994140625,111.1806640625,BASELINE_AGGREGATE,without_mapper,1000plus,38,3.5792531219123127,84003
94,32,34,120,1.94629468023777,91.09765625,1.3006236404180527,112.3994140625,111.1806640625,BASELINE_AGGREGATE,without_mapper,1000plus,38,3.5792531219123127,84003
95,32,29,105,2.0579975098371506,91.2890625,1.3061873614788055,112.3994140625,111.1806640625,BASELINE_AGGREGATE,without_mapper,1000plus,38,3.5792531219123127,84003
96,32,32,123,1.9691307097673416,91.48046875,1.3074390590190887,112.3994140625,111.1806640625,BASELINE_AGGREGATE,without_mapper,1000plus,38,3.5792531219123127,84003
97,32,30,106,2.3524463176727295,91.671875,1.3069398701190948,112.3994140625,111.1806640625,BASELINE_AGGREGATE,without_mapper,1000plus,38,3.5792531219123127,84003
98,32,29,111,2.013489603996277,91.86328125,1.3057012110948563,112.3994140625,111.1806640625,BASELINE_AGGREGATE,without_mapper,1000plus,38,3.5792531219123127,84003
99,32,30,120,1.9774436950683594,92.0546875,1.2960433959960938,112.3994140625,111.1806640625,BASELINE_AGGREGATE,without_mapper,1000plus,38,3.5792531219123127,84003
100,32,31,125,1.9504521042108536,92.24609375,1.3292711228132248,112.3994140625,111.1806640625,BASELINE_AGGREGATE,without_mapper,1000plus,38,3.5792531219123127,84003
101,32,29,103,2.0752698183059692,92.4375,1.2979134917259216,112.3994140625,111.1806640625,BASELINE_AGGREGATE,without_mapper,1000plus,38,3.5792531219123127,84003
102,32,28,133,1.963101327419281,92.62890625,1.3085715472698212,112.3994140625,111.1806640625,BASELINE_AGGREGATE,without_mapper,1000plus,38,3.5792531219123127,84003
103,32,30,111,2.1115802228450775,92.8203125,1.298578456044197,112.3994140625,111.1806640625,BASELINE_AGGREGATE,without_mapper,1000plus,38,3.5792531219123127,84003
104,32,34,115,2.032436430454254,93.01171875,1.3217590749263763,112.3994140625,111.1806640625,BASELINE_AGGREGATE,without_mapper,1000plus,38,3.5792531219123127,84003
105,32,30,140,1.9801147282123566,93.203125,1.2993831187486649,112.3994140625,111.1806640625,BASELINE_AGGREGATE,without_mapper,1000plus,38,3.5792531219123127,84003
106,32,28,111,2.0101554691791534,93.39453125,1.29704549908638,112.3994140625,111.1806640625,BASELINE_AGGREGATE,without_mapper,1000plus,38,3.5792531219123127,84003
107,32,30,110,1.9986703991889954,93.5859375,1.3029910624027252,112.3994140625,111.1806640625,BASELINE_AGGREGATE,without_mapper,1000plus,38,3.5792531219123127,84003
108,32,29,119,2.2297203540802,93.77734375,1.3096090406179428,112.3994140625,111.1806640625,BASELINE_AGGREGATE,without_mapper,1000plus,38,3.5792531219123127,84003
109,32,29,108,1.987110823392868,93.96875,1.3006869703531265,112.3994140625,111.1806640625,BASELINE_AGGREGATE,without_mapper,1000plus,38,3.5792531219123127,84003
110,32,33,117,1.9757114350795746,94.16015625,1.3111308217048645,112.3994140625,111.1806640625,BASELINE_AGGREGATE,without_mapper,1000plus,38,3.5792531219123127,84003
111,32,28,114,2.031860873103142,94.3515625,1.3085119426250458,112.3994140625,111.1806640625,BASELINE_AGGREGATE,without_mapper,1000plus,38,3.5792531219123127,84003
112,32,31,104,2.0823944360017776,94.54296875,1.3064239174127579,112.3994140625,111.1806640625,BASELINE_AGGREGATE,without_mapper,1000plus,38,3.5792531219123127,84003
113,32,31,103,2.1262336522340775,94.734375,1.338459551334381,112.3994140625,111.1806640625,BASELINE_AGGREGATE,without_mapper,1000plus,38,3.5792531219123127,84003
114,32,27,134,1.9528362900018692,94.92578125,1.3220924884080887,112.3994140625,111.1806640625,BASELINE_AGGREGATE,without_mapper,1000plus,38,3.5792531219123127,84003
115,32,29,106,2.0432397723197937,95.1171875,1.306142657995224,112.3994140625,111.1806640625,BASELINE_AGGREGATE,without_mapper,1000plus,38,3.5792531219123127,84003
116,32,31,115,2.001658082008362,95.30859375,1.3055335730314255,112.3994140625,111.1806640625,BASELINE_AGGREGATE,without_mapper,1000plus,38,3.5792531219123127,84003
117,32,30,125,1.9812602549791336,95.5,1.3022404164075851,112.3994140625,111.1806640625,BASELINE_AGGREGATE,without_mapper,1000plus,38,3.5792531219123127,84003
118,32,31,108,2.455787733197212,95.69140625,1.3006329536437988,112.3994140625,111.1806640625,BASELINE_AGGREGATE,without_mapper,1000plus,38,3.5792531219123127,84003
119,32,27,130,1.9591264426708221,95.8828125,1.3125091791152954,112.3994140625,111.1806640625,BASELINE_AGGREGATE,without_mapper,1000plus,38,3.5792531219123127,84003
120,32,29,122,1.9566398113965988,96.07421875,1.3131052255630493,112.3994140625,111.1806640625,BASELINE_AGGREGATE,without_mapper,1000plus,38,3.5792531219123127,84003
121,32,30,128,1.9321292638778687,96.265625,1.3156365603208542,112.3994140625,111.1806640625,BASELINE_AGGREGATE,without_mapper,1000plus,38,3.5792531219123127,84003
122,32,29,135,1.9461531192064285,96.45703125,1.3120193034410477,112.3994140625,111.1806640625,BASELINE_AGGREGATE,without_mapper,1000plus,38,3.5792531219123127,84003
123,32,33,109,2.022014930844307,96.6484375,1.413421705365181,112.3994140625,111.1806640625,BASELINE_AGGREGATE,without_mapper,1000plus,38,3.5792531219123127,84003
124,32,32,113,1.9962918013334274,96.83984375,1.3100970536470413,112.3994140625,111.1806640625,BASELINE_AGGREGATE,without_mapper,1000plus,38,3.5792531219123127,84003
125,32,30,106,2.0086728036403656,97.03125,1.3061556965112686,112.3994140625,111.1806640625,BASELINE_AGGREGATE,without_mapper,1000plus,38,3.5792531219123127,84003
126,32,28,123,1.9441135227680206,97.22265625,1.3022329658269882,112.3994140625,111.1806640625,BASELINE_AGGREGATE,without_mapper,1000plus,38,3.5792531219123127,84003
127,32,29,125,1.9619707018136978,97.4140625,1.3029184192419052,112.3994140625,111.1806640625,BASELINE_AGGREGATE,without_mapper,1000plus,38,3.5792531219123127,84003
128,32,31,100,2.0318496972322464,97.60546875,1.301223412156105,112.3994140625,111.1806640625,BASELINE_AGGREGATE,without_mapper,1000plus,38,3.5792531219123127,84003
129,32,30,109,2.2633131593465805,97.796875,1.3078618794679642,112.3994140625,111.1806640625,BASELINE_AGGREGATE,without_mapper,1000plus,38,3.5792531219123127,84003
130,32,31,117,1.9919425249099731,97.98828125,1.310480758547783,112.3994140625,111.1806640625,BASELINE_AGGREGATE,without_mapper,1000plus,38,3.5792531219123127,84003
131,32,34,110,2.0112842321395874,98.1796875,1.3909582048654556,112.3994140625,111.1806640625,BASELINE_AGGREGATE,without_mapper,1000plus,38,3.5792531219123127,84003
132,32,29,121,2.0058751106262207,98.37109375,1.2970790266990662,112.3994140625,111.1806640625,BASELINE_AGGREGATE,without_mapper,1000plus,38,3.5792531219123127,84003
133,32,30,119,1.9754841923713684,98.5625,1.3044904917478561,112.3994140625,111.1806640625,BASELINE_AGGREGATE,without_mapper,1000plus,38,3.5792531219123127,84003
134,32,28,122,1.9987039268016815,98.75390625,1.308174803853035,112.3994140625,111.1806640625,BASELINE_AGGREGATE,without_mapper,1000plus,38,3.5792531219123127,84003
135,32,29,109,2.0384006202220917,98.9453125,1.3041049242019653,112.3994140625,111.1806640625,BASELINE_AGGREGATE,without_mapper,1000plus,38,3.5792531219123127,84003
136,32,29,117,2.01207771897316,99.13671875,1.3307109475135803,112.3994140625,111.1806640625,BASELINE_AGGREGATE,without_mapper,1000plus,38,3.5792531219123127,84003
137,32,30,119,1.9773375242948532,99.328125,1.3075117021799088,112.3994140625,111.1806640625,BASELINE_AGGREGATE,without_mapper,1000plus,38,3.5792531219123127,84003
138,32,32,91,2.0807720720767975,99.51953125,1.298610121011734,112.3994140625,111.1806640625,BASELINE_AGGREGATE,without_mapper,1000plus,38,3.5792531219123127,84003
139,32,32,118,2.2339317947626114,99.7109375,1.2905821204185486,112.3994140625,111.1806640625,BASELINE_AGGREGATE,without_mapper,1000plus,38,3.5792531219123127,84003
140,32,27,123,1.9925031810998917,99.90234375,1.3100486248731613,112.3994140625,111.1806640625,BASELINE_AGGREGATE,without_mapper,1000plus,38,3.5792531219123127,84003
141,32,28,123,1.9828807562589645,100.09375,1.34953111410141,112.3994140625,111.1806640625,BASELINE_AGGREGATE,without_mapper,1000plus,38,3.5792531219123127,84003
142,32,29,114,1.9856393337249756,100.28515625,1.3122223317623138,112.3994140625,111.1806640625,BASELINE_AGGREGATE,without_mapper,1000plus,38,3.5792531219123127,84003
143,32,30,105,2.0215604454278946,100.4765625,1.3120286166667938,112.3994140625,111.1806640625,BASELINE_AGGREGATE,without_mapper,1000plus,38,3.5792531219123127,84003
144,32,30,124,1.9429195672273636,100.66796875,1.3083834201097488,112.3994140625,111.1806640625,BASELINE_AGGREGATE,without_mapper,1000plus,38,3.5792531219123127,84003
145,32,30,97,2.062411978840828,100.859375,1.2938957661390305,112.3994140625,111.1806640625,BASELINE_AGGREGATE,without_mapper,1000plus,38,3.5792531219123127,84003
146,32,31,111,1.982094720005989,101.05078125,1.311497762799263,112.3994140625,111.1806640625,BASELINE_AGGREGATE,without_mapper,1000plus,38,3.5792531219123127,84003
147,32,29,95,2.0257122814655304,101.2421875,1.3986844569444656,112.3994140625,111.1806640625,BASELINE_AGGREGATE,without_mapper,1000plus,38,3.5792531219123127,84003
148,32,30,111,1.9951928406953812,101.43359375,1.301553100347519,112.3994140625,111.1806640625,BASELINE_AGGREGATE,without_mapper,1000plus,38,3.5792531219123127,84003
149,32,33,111,2.003312110900879,101.625,1.3035926967859268,112.3994140625,111.1806640625,BASELINE_AGGREGATE,without_mapper,1000plus,38,3.5792531219123127,84003
150,32,31,112,2.2447481751441956,101.81640625,1.3022981584072113,112.3994140625,111.1806640625,BASELINE_AGGREGATE,without_mapper,1000plus,38,3.5792531219123127,84003
151,32,32,102,2.099432051181793,102.0078125,1.3101939111948013,112.3994140625,111.1806640625,BASELINE_AGGREGATE,without_mapper,1000plus,38,3.5792531219123127,84003
152,32,31,123,1.9323714077472687,102.19921875,1.3074502348899841,112.3994140625,111.1806640625,BASELINE_AGGREGATE,without_mapper,1000plus,38,3.5792531219123127,84003
153,32,31,121,1.9706375896930695,102.390625,1.3024639338254929,112.3994140625,111.1806640625,BASELINE_AGGREGATE,without_mapper,1000plus,38,3.5792531219123127,84003
154,32,30,126,1.9640401005744934,102.58203125,1.3297218829393387,112.3994140625,111.1806640625,BASELINE_AGGREGATE,without_mapper,1000plus,38,3.5792531219123127,84003
155,32,35,113,2.0116083323955536,102.7734375,1.302335411310196,112.3994140625,111.1806640625,BASELINE_AGGREGATE,without_mapper,1000plus,38,3.5792531219123127,84003
156,32,30,115,2.016184851527214,102.96484375,1.3013612478971481,112.3994140625,111.1806640625,BASELINE_AGGREGATE,without_mapper,1000plus,38,3.5792531219123127,84003
157,32,34,113,1.9770432263612747,103.15625,1.3035349547863007,112.3994140625,111.1806640625,BASELINE_AGGREGATE,without_mapper,1000plus,38,3.5792531219123127,84003
158,32,33,119,1.950286328792572,103.34765625,1.2937039136886597,112.3994140625,111.1806640625,BASELINE_AGGREGATE,without_mapper,1000plus,38,3.5792531219123127,84003
159,32,27,124,1.9734706729650497,103.5390625,1.3047140091657639,112.3994140625,111.1806640625,BASELINE_AGGREGATE,without_mapper,1000plus,38,3.5792531219123127,84003
160,32,29,121,2.227485179901123,103.73046875,1.3133883476257324,112.3994140625,111.1806640625,BASELINE_AGGREGATE,without_mapper,1000plus,38,3.5792531219123127,84003
161,32,31,122,1.9982177764177322,103.921875,1.310650259256363,112.3994140625,111.1806640625,BASELINE_AGGREGATE,without_mapper,1000plus,38,3.5792531219123127,84003
162,32,32,115,1.999828964471817,104.11328125,1.381581649184227,112.3994140625,111.1806640625,BASELINE_AGGREGATE,without_mapper,1000plus,38,3.5792531219123127,84003
163,32,30,107,2.048145979642868,104.3046875,1.3088583946228027,112.3994140625,111.1806640625,BASELINE_AGGREGATE,without_mapper,1000plus,38,3.5792531219123127,84003
164,32,29,119,1.9791815429925919,104.49609375,1.3089664280414581,112.3994140625,111.1806640625,BASELINE_AGGREGATE,without_mapper,1000plus,38,3.5792531219123127,84003
165,32,27,123,1.9730105996131897,104.6875,1.3078153133392334,112.3994140625,111.1806640625,BASELINE_AGGREGATE,without_mapper,1000plus,38,3.5792531219123127,84003
166,32,32,130,1.9113626331090927,104.87890625,1.2957323342561722,112.3994140625,111.1806640625,BASELINE_AGGREGATE,without_mapper,1000plus,38,3.5792531219123127,84003
167,32,31,112,1.979263499379158,105.0703125,1.3137422502040863,112.3994140625,111.1806640625,BASELINE_AGGREGATE,without_mapper,1000plus,38,3.5792531219123127,84003
168,32,29,97,2.0480547100305557,105.26171875,1.313207671046257,112.3994140625,111.1806640625,BASELINE_AGGREGATE,without_mapper,1000plus,38,3.5792531219123127,84003
169,32,31,122,1.9784234464168549,105.453125,1.3102907687425613,112.3994140625,111.1806640625,BASELINE_AGGREGATE,without_mapper,1000plus,38,3.5792531219123127,84003
170,32,29,100,2.348627895116806,105.64453125,1.318134367465973,112.3994140625,111.1806640625,BASELINE_AGGREGATE,without_mapper,1000plus,38,3.5792531219123127,84003
171,32,28,103,2.092616632580757,105.8359375,1.3063177466392517,112.3994140625,111.1806640625,BASELINE_AGGREGATE,without_mapper,1000plus,38,3.5792531219123127,84003
172,32,35,113,1.9857976585626602,106.02734375,1.31174735724926,112.3994140625,111.1806640625,BASELINE_AGGREGATE,without_mapper,1000plus,38,3.5792531219123127,84003
173,32,31,110,1.939753070473671,106.21875,1.306651160120964,112.3994140625,111.1806640625,BASELINE_AGGREGATE,without_mapper,1000plus,38,3.5792531219123127,84003
174,32,30,114,1.9785929471254349,106.41015625,1.2977737933397293,112.3994140625,111.1806640625,BASELINE_AGGREGATE,without_mapper,1000plus,38,3.5792531219123127,84003
175,32,28,114,1.9830036908388138,106.6015625,1.3067517429590225,112.3994140625,111.1806640625,BASELINE_AGGREGATE,without_mapper,1000plus,38,3.5792531219123127,84003
176,32,29,104,2.0049773156642914,106.79296875,1.2984778732061386,112.3994140625,111.1806640625,BASELINE_AGGREGATE,without_mapper,1000plus,38,3.5792531219123127,84003
177,32,33,104,2.0299647003412247,106.984375,1.351185142993927,112.3994140625,111.1806640625,BASELINE_AGGREGATE,without_mapper,1000plus,38,3.5792531219123127,84003
178,32,31,133,1.9005611538887024,107.17578125,1.3100393116474152,112.3994140625,111.1806640625,BASELINE_AGGREGATE,without_mapper,1000plus,38,3.5792531219123127,84003
179,32,27,132,1.8772520124912262,107.3671875,1.404251903295517,112.3994140625,111.1806640625,BASELINE_AGGREGATE,without_mapper,1000plus,38,3.5792531219123127,84003
180,32,29,133,1.9558966159820557,107.55859375,1.3181362301111221,112.3994140625,111.1806640625,BASELINE_AGGREGATE,without_mapper,1000plus,38,3.5792531219123127,84003
181,32,27,111,2.4624988436698914,107.75,1.2994520366191864,112.3994140625,111.1806640625,BASELINE_AGGREGATE,without_mapper,1000plus,38,3.5792531219123127,84003
182,32,29,110,2.0263511687517166,107.94140625,1.300998032093048,112.3994140625,111.1806640625,BASELINE_AGGREGATE,without_mapper,1000plus,38,3.5792531219123127,84003
183,32,28,129,1.9407253712415695,108.1328125,1.2945514172315598,112.3994140625,111.1806640625,BASELINE_AGGREGATE,without_mapper,1000plus,38,3.5792531219123127,84003
184,32,30,124,1.9472558051347733,108.32421875,1.2973397970199585,112.3994140625,111.1806640625,BASELINE_AGGREGATE,without_mapper,1000plus,38,3.5792531219123127,84003
185,32,28,107,2.025926485657692,108.515625,1.2984517961740494,112.3994140625,111.1806640625,BASELINE_AGGREGATE,without_mapper,1000plus,38,3.5792531219123127,84003
186,32,26,92,2.0255595445632935,108.70703125,1.3145357370376587,112.3994140625,111.1806640625,BASELINE_AGGREGATE,without_mapper,1000plus,38,3.5792531219123127,84003
187,32,30,109,2.015409991145134,108.8984375,1.307627186179161,112.3994140625,111.1806640625,BASELINE_AGGREGATE,without_mapper,1000plus,38,3.5792531219123127,84003
188,32,31,116,1.9230619072914124,109.08984375,1.4377608895301819,112.3994140625,111.1806640625,BASELINE_AGGREGATE,without_mapper,1000plus,38,3.5792531219123127,84003
189,32,32,115,1.958625391125679,109.28125,1.3001896440982819,112.3994140625,111.1806640625,BASELINE_AGGREGATE,without_mapper,1000plus,38,3.5792531219123127,84003
190,32,29,103,2.0128004252910614,109.47265625,1.3042185455560684,112.3994140625,111.1806640625,BASELINE_AGGREGATE,without_mapper,1000plus,38,3.5792531219123127,84003
191,32,25,121,2.2476129233837128,109.6640625,1.2954026460647583,112.3994140625,111.1806640625,BASELINE_AGGREGATE,without_mapper,1000plus,38,3.5792531219123127,84003
192,32,30,106,2.2468790411949158,109.85546875,1.4492273330688477,112.3994140625,111.1806640625,BASELINE_AGGREGATE,without_mapper,1000plus,38,3.5792531219123127,84003
193,32,29,147,1.8602441996335983,110.046875,1.314723864197731,112.3994140625,111.1806640625,BASELINE_AGGREGATE,without_mapper,1000plus,38,3.5792531219123127,84003
194,32,26,121,1.9506942480802536,110.23828125,1.3098157942295074,112.3994140625,111.1806640625,BASELINE_AGGREGATE,without_mapper,1000plus,38,3.5792531219123127,84003
195,32,30,117,1.9846111536026,110.4296875,1.3687517493963242,112.3994140625,111.1806640625,BASELINE_AGGREGATE,without_mapper,1000plus,38,3.5792531219123127,84003
196,32,31,120,1.9634049385786057,110.62109375,1.362549141049385,112.3994140625,111.1806640625,BASELINE_AGGREGATE,without_mapper,1000plus,38,3.5792531219123127,84003
197,32,34,110,1.9885525107383728,110.8125,1.3777092099189758,112.3994140625,111.1806640625,BASELINE_AGGREGATE,without_mapper,1000plus,38,3.5792531219123127,84003
198,32,28,102,2.056412398815155,111.00390625,1.335136592388153,112.3994140625,111.1806640625,BASELINE_AGGREGATE,without_mapper,1000plus,38,3.5792531219123127,84003
199,32,28,105,1.995321363210678,111.1953125,1.3832710683345795,112.3994140625,111.1806640625,BASELINE_AGGREGATE,without_mapper,1000plus,38,3.5792531219123127,84003
0,32,32,105,4.141520708799362,73.240234375,1.92156620323658,113.13330078125,111.91455078125,INDIVIDUAL_ANNOTATOR,with_mapper,1000plus,38,3.5792531219123127,84003
1,32,31,142,3.929920494556427,73.4345703125,1.9485000520944595,113.1337890625,111.9150390625,INDIVIDUAL_ANNOTATOR,with_mapper,1000plus,38,3.5792531219123127,84003
2,32,25,121,4.415722563862801,73.62939453125,1.938704401254654,113.13330078125,111.91455078125,INDIVIDUAL_ANNOTATOR,with_mapper,1000plus,38,3.5792531219123127,84003
3,32,27,133,4.010939970612526,73.82373046875,1.9436199218034744,113.1337890625,111.9150390625,INDIVIDUAL_ANNOTATOR,with_mapper,1000plus,38,3.5792531219123127,84003
4,32,30,115,4.0043555200099945,74.0185546875,1.9264444708824158,113.13330078125,111.91455078125,INDIVIDUAL_ANNOTATOR,with_mapper,1000plus,38,3.5792531219123127,84003
5,32,30,106,4.134099930524826,74.212890625,1.9349437206983566,113.13330078125,111.91455078125,INDIVIDUAL_ANNOTATOR,with_mapper,1000plus,38,3.5792531219123127,84003
6,32,34,110,3.9973538368940353,74.4072265625,1.9974038004875183,113.13330078125,111.91455078125,INDIVIDUAL_ANNOTATOR,with_mapper,1000plus,38,3.5792531219123127,84003
7,32,28,128,3.9889495819807053,74.6015625,1.9500628113746643,113.13330078125,111.91455078125,INDIVIDUAL_ANNOTATOR,with_mapper,1000plus,38,3.5792531219123127,84003
8,32,29,125,4.022698849439621,74.7958984375,1.9420459866523743,113.13330078125,111.91455078125,INDIVIDUAL_ANNOTATOR,with_mapper,1000plus,38,3.5792531219123127,84003
9,32,31,119,4.007767885923386,74.990234375,1.9443444907665253,113.13330078125,111.91455078125,INDIVIDUAL_ANNOTATOR,with_mapper,1000plus,38,3.5792531219123127,84003
10,32,30,128,3.9411578327417374,75.1845703125,1.9341688603162766,113.13330078125,111.91455078125,INDIVIDUAL_ANNOTATOR,with_mapper,1000plus,38,3.5792531219123127,84003
11,32,34,117,3.982115536928177,75.37890625,1.9436627626419067,113.13330078125,111.91455078125,INDIVIDUAL_ANNOTATOR,with_mapper,1000plus,38,3.5792531219123127,84003
12,32,31,114,4.02539037168026,75.5732421875,1.924050971865654,113.13330078125,111.91455078125,INDIVIDUAL_ANNOTATOR,with_mapper,1000plus,38,3.5792531219123127,84003
13,32,29,122,4.266601055860519,75.767578125,2.060016617178917,113.13330078125,111.91455078125,INDIVIDUAL_ANNOTATOR,with_mapper,1000plus,38,3.5792531219123127,84003
14,32,31,111,3.9873886853456497,75.9619140625,1.9427407532930374,113.13330078125,111.91455078125,INDIVIDUAL_ANNOTATOR,with_mapper,1000plus,38,3.5792531219123127,84003
15,32,34,103,4.068037495017052,76.15625,1.9401423633098602,113.13330078125,111.91455078125,INDIVIDUAL_ANNOTATOR,with_mapper,1000plus,38,3.5792531219123127,84003
16,32,30,116,4.162875935435295,76.3505859375,1.9389484077692032,113.13330078125,111.91455078125,INDIVIDUAL_ANNOTATOR,with_mapper,1000plus,38,3.5792531219123127,84003
17,32,30,126,3.972018137574196,76.544921875,1.9510947167873383,113.13330078125,111.91455078125,INDIVIDUAL_ANNOTATOR,with_mapper,1000plus,38,3.5792531219123127,84003
18,32,28,103,4.036137834191322,76.7392578125,1.9611958414316177,113.13330078125,111.91455078125,INDIVIDUAL_ANNOTATOR,with_mapper,1000plus,38,3.5792531219123127,84003
19,32,30,115,4.306428134441376,76.93359375,1.9421782344579697,113.13330078125,111.91455078125,INDIVIDUAL_ANNOTATOR,with_mapper,1000plus,38,3.5792531219123127,84003
20,32,31,121,4.014253616333008,77.1279296875,1.9273553043603897,113.13330078125,111.91455078125,INDIVIDUAL_ANNOTATOR,with_mapper,1000plus,38,3.5792531219123127,84003
21,32,33,114,4.121428355574608,77.322265625,1.9421111792325974,113.13330078125,111.91455078125,INDIVIDUAL_ANNOTATOR,with_mapper,1000plus,38,3.5792531219123127,84003
22,32,30,113,3.9860308170318604,77.5166015625,1.971723511815071,113.13330078125,111.91455078125,INDIVIDUAL_ANNOTATOR,with_mapper,1000plus,38,3.5792531219123127,84003
23,32,26,132,4.293235018849373,77.7109375,1.9353106617927551,113.1337890625,111.9150390625,INDIVIDUAL_ANNOTATOR,with_mapper,1000plus,38,3.5792531219123127,84003
24,32,29,99,4.034766927361488,77.90576171875,1.957850530743599,113.13330078125,111.91455078125,INDIVIDUAL_ANNOTATOR,with_mapper,1000plus,38,3.5792531219123127,84003
25,32,32,111,4.007706418633461,78.10009765625,2.0463280379772186,113.13330078125,111.91455078125,INDIVIDUAL_ANNOTATOR,with_mapper,1000plus,38,3.5792531219123127,84003
26,32,31,126,4.002567380666733,78.29443359375,1.9259117543697357,113.13330078125,111.91455078125,INDIVIDUAL_ANNOTATOR,with_mapper,1000plus,38,3.5792531219123127,84003
27,32,32,123,3.954194486141205,78.48876953125,1.93791463971138,113.13330078125,111.91455078125,INDIVIDUAL_ANNOTATOR,with_mapper,1000plus,38,3.5792531219123127,84003
28,32,30,112,3.9768945425748825,78.68310546875,2.161635085940361,113.13330078125,111.91455078125,INDIVIDUAL_ANNOTATOR,with_mapper,1000plus,38,3.5792531219123127,84003
29,32,26,121,3.9690062403678894,78.87744140625,1.9755195826292038,113.13330078125,111.91455078125,INDIVIDUAL_ANNOTATOR,with_mapper,1000plus,38,3.5792531219123127,84003
30,32,29,111,4.175892099738121,79.07177734375,1.9433442503213882,113.13330078125,111.91455078125,INDIVIDUAL_ANNOTATOR,with_mapper,1000plus,38,3.5792531219123127,84003
31,32,29,94,4.059292376041412,79.26611328125,2.0548198372125626,113.13330078125,111.91455078125,INDIVIDUAL_ANNOTATOR,with_mapper,1000plus,38,3.5792531219123127,84003
32,32,29,118,3.985421732068062,79.46044921875,1.956472173333168,113.13330078125,111.91455078125,INDIVIDUAL_ANNOTATOR,with_mapper,1000plus,38,3.5792531219123127,84003
33,32,31,103,4.3221525847911835,79.65478515625,1.9293855875730515,113.13330078125,111.91455078125,INDIVIDUAL_ANNOTATOR,with_mapper,1000plus,38,3.5792531219123127,84003
34,32,31,116,4.005979746580124,79.84912109375,1.963270828127861,113.13330078125,111.91455078125,INDIVIDUAL_ANNOTATOR,with_mapper,1000plus,38,3.5792531219123127,84003
35,32,28,125,3.967106342315674,80.04345703125,1.941012218594551,113.13330078125,111.91455078125,INDIVIDUAL_ANNOTATOR,with_mapper,1000plus,38,3.5792531219123127,84003
36,32,29,128,4.010206088423729,80.23779296875,2.0708907395601273,113.13330078125,111.91455078125,INDIVIDUAL_ANNOTATOR,with_mapper,1000plus,38,3.5792531219123127,84003
37,32,29,124,3.9933156222105026,80.43212890625,1.9386298954486847,113.13330078125,111.91455078125,INDIVIDUAL_ANNOTATOR,with_mapper,1000plus,38,3.5792531219123127,84003
38,32,32,110,4.103941842913628,80.62646484375,1.976044848561287,113.13330078125,111.91455078125,INDIVIDUAL_ANNOTATOR,with_mapper,1000plus,38,3.5792531219123127,84003
39,32,26,103,3.9930827915668488,80.82080078125,1.9309017807245255,113.13330078125,111.91455078125,INDIVIDUAL_ANNOTATOR,with_mapper,1000plus,38,3.5792531219123127,84003
40,32,29,110,4.043785855174065,81.01513671875,1.9374918192625046,113.13330078125,111.91455078125,INDIVIDUAL_ANNOTATOR,with_mapper,1000plus,38,3.5792531219123127,84003
41,32,31,119,3.9986595511436462,81.20947265625,1.9353628158569336,113.13330078125,111.91455078125,INDIVIDUAL_ANNOTATOR,with_mapper,1000plus,38,3.5792531219123127,84003
42,32,32,123,3.9755571633577347,81.40380859375,1.9335635006427765,113.13330078125,111.91455078125,INDIVIDUAL_ANNOTATOR,with_mapper,1000plus,38,3.5792531219123127,84003
43,32,30,117,4.002422094345093,81.59814453125,1.9486825913190842,113.13330078125,111.91455078125,INDIVIDUAL_ANNOTATOR,with_mapper,1000plus,38,3.5792531219123127,84003
44,32,30,130,4.252417013049126,81.79248046875,1.947503536939621,113.1337890625,111.9150390625,INDIVIDUAL_ANNOTATOR,with_mapper,1000plus,38,3.5792531219123127,84003
45,32,28,119,3.976883366703987,81.9873046875,2.065565437078476,113.13330078125,111.91455078125,INDIVIDUAL_ANNOTATOR,with_mapper,1000plus,38,3.5792531219123127,84003
46,32,32,126,3.9938371628522873,82.181640625,1.9409991800785065,113.13330078125,111.91455078125,INDIVIDUAL_ANNOTATOR,with_mapper,1000plus,38,3.5792531219123127,84003
47,32,31,139,3.9636418223381042,82.3759765625,1.9450094550848007,113.1337890625,111.9150390625,INDIVIDUAL_ANNOTATOR,with_mapper,1000plus,38,3.5792531219123127,84003
48,32,29,122,3.979872912168503,82.57080078125,1.9367150962352753,113.13330078125,111.91455078125,INDIVIDUAL_ANNOTATOR,with_mapper,1000plus,38,3.5792531219123127,84003
49,32,28,111,4.111329093575478,82.76513671875,1.9604414701461792,113.13330078125,111.91455078125,INDIVIDUAL_ANNOTATOR,with_mapper,1000plus,38,3.5792531219123127,84003
50,32,32,109,4.017569124698639,82.95947265625,1.9402354955673218,113.13330078125,111.91455078125,INDIVIDUAL_ANNOTATOR,with_mapper,1000plus,38,3.5792531219123127,84003
51,32,31,120,4.026263952255249,83.15380859375,1.9582714885473251,113.13330078125,111.91455078125,INDIVIDUAL_ANNOTATOR,with_mapper,1000plus,38,3.5792531219123127,84003
52,32,32,106,4.008568823337555,83.34814453125,1.980666071176529,113.13330078125,111.91455078125,INDIVIDUAL_ANNOTATOR,with_mapper,1000plus,38,3.5792531219123127,84003
53,32,33,93,4.082007333636284,83.54248046875,1.963762566447258,113.13330078125,111.91455078125,INDIVIDUAL_ANNOTATOR,with_mapper,1000plus,38,3.5792531219123127,84003
54,32,30,116,4.294147714972496,83.73681640625,1.946302130818367,113.13330078125,111.91455078125,INDIVIDUAL_ANNOTATOR,with_mapper,1000plus,38,3.5792531219123127,84003
55,32,32,127,4.078259691596031,83.93115234375,2.0333100110292435,113.13330078125,111.91455078125,INDIVIDUAL_ANNOTATOR,with_mapper,1000plus,38,3.5792531219123127,84003
56,32,30,130,4.010260105133057,84.12548828125,1.9343383610248566,113.1337890625,111.9150390625,INDIVIDUAL_ANNOTATOR,with_mapper,1000plus,38,3.5792531219123127,84003
57,32,31,111,4.002859815955162,84.3203125,1.9374210387468338,113.13330078125,111.91455078125,INDIVIDUAL_ANNOTATOR,with_mapper,1000plus,38,3.5792531219123127,84003
58,32,33,111,4.018425941467285,84.5146484375,1.9397158175706863,113.13330078125,111.91455078125,INDIVIDUAL_ANNOTATOR,with_mapper,1000plus,38,3.5792531219123127,84003
59,32,26,101,4.062525928020477,84.708984375,1.9424017518758774,113.13330078125,111.91455078125,INDIVIDUAL_ANNOTATOR,with_mapper,1000plus,38,3.5792531219123127,84003
60,32,26,104,4.061101004481316,84.9033203125,1.9300039857625961,113.13330078125,111.91455078125,INDIVIDUAL_ANNOTATOR,with_mapper,1000plus,38,3.5792531219123127,84003
61,32,28,95,4.333436489105225,85.09765625,1.9754450768232346,113.13330078125,111.91455078125,INDIVIDUAL_ANNOTATOR,with_mapper,1000plus,38,3.5792531219123127,84003
62,32,29,112,4.008840769529343,85.2919921875,1.935100182890892,113.13330078125,111.91455078125,INDIVIDUAL_ANNOTATOR,with_mapper,1000plus,38,3.5792531219123127,84003
63,32,31,91,4.051096737384796,85.486328125,1.9637420773506165,113.13330078125,111.91455078125,INDIVIDUAL_ANNOTATOR,with_mapper,1000plus,38,3.5792531219123127,84003
64,32,31,112,4.276324063539505,85.6806640625,1.9214190542697906,113.13330078125,111.91455078125,INDIVIDUAL_ANNOTATOR,with_mapper,1000plus,38,3.5792531219123127,84003
65,32,29,125,4.007527604699135,85.875,1.9573196768760681,113.13330078125,111.91455078125,INDIVIDUAL_ANNOTATOR,with_mapper,1000plus,38,3.5792531219123127,84003
66,32,27,115,3.9871111512184143,86.0693359375,2.0588841289281845,113.13330078125,111.91455078125,INDIVIDUAL_ANNOTATOR,with_mapper,1000plus,38,3.5792531219123127,84003
67,32,29,110,3.9804447442293167,86.263671875,2.004595473408699,113.13330078125,111.91455078125,INDIVIDUAL_ANNOTATOR,with_mapper,1000plus,38,3.5792531219123127,84003
68,32,31,109,3.9803124964237213,86.4580078125,2.0215846598148346,113.13330078125,111.91455078125,INDIVIDUAL_ANNOTATOR,with_mapper,1000plus,38,3.5792531219123127,84003
69,32,29,117,4.031628370285034,86.65234375,1.939084380865097,113.13330078125,111.91455078125,INDIVIDUAL_ANNOTATOR,with_mapper,1000plus,38,3.5792531219123127,84003
70,32,33,116,4.036260768771172,86.8466796875,1.945003867149353,113.13330078125,111.91455078125,INDIVIDUAL_ANNOTATOR,with_mapper,1000plus,38,3.5792531219123127,84003
71,32,30,118,3.986852243542671,87.041015625,1.9394699484109879,113.13330078125,111.91455078125,INDIVIDUAL_ANNOTATOR,with_mapper,1000plus,38,3.5792531219123127,84003
72,32,30,108,4.008835181593895,87.2353515625,2.134900540113449,113.13330078125,111.91455078125,INDIVIDUAL_ANNOTATOR,with_mapper,1000plus,38,3.5792531219123127,84003
73,32,30,129,4.037078469991684,87.4296875,1.9257273524999619,113.1337890625,111.9150390625,INDIVIDUAL_ANNOTATOR,with_mapper,1000plus,38,3.5792531219123127,84003
74,32,28,117,4.021061584353447,87.62451171875,1.940784975886345,113.13330078125,111.91455078125,INDIVIDUAL_ANNOTATOR,with_mapper,1000plus,38,3.5792531219123127,84003
75,32,31,115,4.303866997361183,87.81884765625,1.934632658958435,113.13330078125,111.91455078125,INDIVIDUAL_ANNOTATOR,with_mapper,1000plus,38,3.5792531219123127,84003
76,32,32,128,4.01647575199604,88.01318359375,1.9444506615400314,113.13330078125,111.91455078125,INDIVIDUAL_ANNOTATOR,with_mapper,1000plus,38,3.5792531219123127,84003
77,32,30,99,4.0208082646131516,88.20751953125,1.9454117864370346,113.13330078125,111.91455078125,INDIVIDUAL_ANNOTATOR,with_mapper,1000plus,38,3.5792531219123127,84003
78,32,32,111,3.9578191936016083,88.40185546875,1.9453763961791992,113.13330078125,111.91455078125,INDIVIDUAL_ANNOTATOR,with_mapper,1000plus,38,3.5792531219123127,84003
79,32,31,126,4.050295799970627,88.59619140625,1.9265469163656235,113.13330078125,111.91455078125,INDIVIDUAL_ANNOTATOR,with_mapper,1000plus,38,3.5792531219123127,84003
80,32,29,129,3.985930234193802,88.79052734375,2.0035263150930405,113.1337890625,111.9150390625,INDIVIDUAL_ANNOTATOR,with_mapper,1000plus,38,3.5792531219123127,84003
81,32,29,110,4.004025831818581,88.9853515625,1.9335988909006119,113.13330078125,111.91455078125,INDIVIDUAL_ANNOTATOR,with_mapper,1000plus,38,3.5792531219123127,84003
82,32,33,129,3.9528273046016693,89.1796875,1.9347593188285828,113.1337890625,111.9150390625,INDIVIDUAL_ANNOTATOR,with_mapper,1000plus,38,3.5792531219123127,84003
83,32,32,113,3.9876624941825867,89.37451171875,1.949947327375412,113.13330078125,111.91455078125,INDIVIDUAL_ANNOTATOR,with_mapper,1000plus,38,3.5792531219123127,84003
84,32,30,119,4.0447041392326355,89.56884765625,1.9263681024312973,113.13330078125,111.91455078125,INDIVIDUAL_ANNOTATOR,with_mapper,1000plus,38,3.5792531219123127,84003
85,32,32,101,4.325564950704575,89.76318359375,1.9274093210697174,113.13330078125,111.91455078125,INDIVIDUAL_ANNOTATOR,with_mapper,1000plus,38,3.5792531219123127,84003
86,32,30,124,3.9942413568496704,89.95751953125,1.939237117767334,113.13330078125,111.91455078125,INDIVIDUAL_ANNOTATOR,with_mapper,1000plus,38,3.5792531219123127,84003
87,32,30,108,4.001632332801819,90.15185546875,1.9209180027246475,113.13330078125,111.91455078125,INDIVIDUAL_ANNOTATOR,with_mapper,1000plus,38,3.5792531219123127,84003
88,32,29,113,4.023298621177673,90.34619140625,1.9243955612182617,113.13330078125,111.91455078125,INDIVIDUAL_ANNOTATOR,with_mapper,1000plus,38,3.5792531219123127,84003
89,32,32,102,3.9743073284626007,90.54052734375,1.9543599337339401,113.13330078125,111.91455078125,INDIVIDUAL_ANNOTATOR,with_mapper,1000plus,38,3.5792531219123127,84003
90,32,30,116,4.038708284497261,90.73486328125,2.02036090195179,113.13330078125,111.91455078125,INDIVIDUAL_ANNOTATOR,with_mapper,1000plus,38,3.5792531219123127,84003
91,32,32,130,3.9899758994579315,90.92919921875,2.008216455578804,113.1337890625,111.9150390625,INDIVIDUAL_ANNOTATOR,with_mapper,1000plus,38,3.5792531219123127,84003
92,32,31,115,4.01526503264904,91.1240234375,1.9891876727342606,113.13330078125,111.91455078125,INDIVIDUAL_ANNOTATOR,with_mapper,1000plus,38,3.5792531219123127,84003
93,32,26,123,3.9998944848775864,91.318359375,1.9973479211330414,113.13330078125,111.91455078125,INDIVIDUAL_ANNOTATOR,with_mapper,1000plus,38,3.5792531219123127,84003
94,32,34,120,3.9712749421596527,91.5126953125,2.0426660776138306,113.13330078125,111.91455078125,INDIVIDUAL_ANNOTATOR,with_mapper,1000plus,38,3.5792531219123127,84003
95,32,29,105,4.302220419049263,91.70703125,1.9504092633724213,113.13330078125,111.91455078125,INDIVIDUAL_ANNOTATOR,with_mapper,1000plus,38,3.5792531219123127,84003
96,32,32,123,3.9878375828266144,91.9013671875,2.0465850830078125,113.13330078125,111.91455078125,INDIVIDUAL_ANNOTATOR,with_mapper,1000plus,38,3.5792531219123127,84003
97,32,30,106,4.035726189613342,92.095703125,1.918042078614235,113.13330078125,111.91455078125,INDIVIDUAL_ANNOTATOR,with_mapper,1000plus,38,3.5792531219123127,84003
98,32,29,111,4.077892750501633,92.2900390625,2.0530764013528824,113.13330078125,111.91455078125,INDIVIDUAL_ANNOTATOR,with_mapper,1000plus,38,3.5792531219123127,84003
99,32,30,120,3.9516445249319077,92.484375,1.9356012344360352,113.13330078125,111.91455078125,INDIVIDUAL_ANNOTATOR,with_mapper,1000plus,38,3.5792531219123127,84003
100,32,31,125,3.941800445318222,92.6787109375,1.9339099526405334,113.13330078125,111.91455078125,INDIVIDUAL_ANNOTATOR,with_mapper,1000plus,38,3.5792531219123127,84003
101,32,29,103,4.017854109406471,92.873046875,1.9406192004680634,113.13330078125,111.91455078125,INDIVIDUAL_ANNOTATOR,with_mapper,1000plus,38,3.5792531219123127,84003
102,32,28,133,3.96139919757843,93.0673828125,2.0281635224819183,113.1337890625,111.9150390625,INDIVIDUAL_ANNOTATOR,with_mapper,1000plus,38,3.5792531219123127,84003
103,32,30,111,4.09647636115551,93.26220703125,1.9371379166841507,113.13330078125,111.91455078125,INDIVIDUAL_ANNOTATOR,with_mapper,1000plus,38,3.5792531219123127,84003
104,32,34,115,3.9776694029569626,93.45654296875,2.0118076354265213,113.13330078125,111.91455078125,INDIVIDUAL_ANNOTATOR,with_mapper,1000plus,38,3.5792531219123127,84003
105,32,30,140,4.224088042974472,93.65087890625,2.007771283388138,113.1337890625,111.9150390625,INDIVIDUAL_ANNOTATOR,with_mapper,1000plus,38,3.5792531219123127,84003
106,32,28,111,4.014024510979652,93.845703125,1.9511524587869644,113.13330078125,111.91455078125,INDIVIDUAL_ANNOTATOR,with_mapper,1000plus,38,3.5792531219123127,84003
107,32,30,110,4.011020064353943,94.0400390625,1.951875165104866,113.13330078125,111.91455078125,INDIVIDUAL_ANNOTATOR,with_mapper,1000plus,38,3.5792531219123127,84003
108,32,29,119,3.984721377491951,94.234375,1.974109560251236,113.13330078125,111.91455078125,INDIVIDUAL_ANNOTATOR,with_mapper,1000plus,38,3.5792531219123127,84003
109,32,29,108,4.031077027320862,94.4287109375,1.9660983234643936,113.13330078125,111.91455078125,INDIVIDUAL_ANNOTATOR,with_mapper,1000plus,38,3.5792531219123127,84003
110,32,33,117,4.187891259789467,94.623046875,1.964876428246498,113.13330078125,111.91455078125,INDIVIDUAL_ANNOTATOR,with_mapper,1000plus,38,3.5792531219123127,84003
111,32,28,114,3.9905719459056854,94.8173828125,1.969616860151291,113.13330078125,111.91455078125,INDIVIDUAL_ANNOTATOR,with_mapper,1000plus,38,3.5792531219123127,84003
112,32,31,104,4.015255719423294,95.01171875,1.9356533885002136,113.13330078125,111.91455078125,INDIVIDUAL_ANNOTATOR,with_mapper,1000plus,38,3.5792531219123127,84003
113,32,31,103,4.034396260976791,95.2060546875,1.9528288394212723,113.13330078125,111.91455078125,INDIVIDUAL_ANNOTATOR,with_mapper,1000plus,38,3.5792531219123127,84003
114,32,27,134,3.9443429559469223,95.400390625,1.9489414989948273,113.1337890625,111.9150390625,INDIVIDUAL_ANNOTATOR,with_mapper,1000plus,38,3.5792531219123127,84003
115,32,29,106,4.053512588143349,95.59521484375,1.9454974681138992,113.13330078125,111.91455078125,INDIVIDUAL_ANNOTATOR,with_mapper,1000plus,38,3.5792531219123127,84003
116,32,31,115,4.279084503650665,95.78955078125,1.9457954913377762,113.13330078125,111.91455078125,INDIVIDUAL_ANNOTATOR,with_mapper,1000plus,38,3.5792531219123127,84003
117,32,30,125,3.9436854422092438,95.98388671875,1.942140981554985,113.13330078125,111.91455078125,INDIVIDUAL_ANNOTATOR,with_mapper,1000plus,38,3.5792531219123127,84003
118,32,31,108,3.9739012718200684,96.17822265625,2.0298976451158524,113.13330078125,111.91455078125,INDIVIDUAL_ANNOTATOR,with_mapper,1000plus,38,3.5792531219123127,84003
119,32,27,130,4.219327121973038,96.37255859375,1.9520353525877,113.1337890625,111.9150390625,INDIVIDUAL_ANNOTATOR,with_mapper,1000plus,38,3.5792531219123127,84003
120,32,29,122,3.9469636976718903,96.5673828125,2.0142514258623123,113.13330078125,111.91455078125,INDIVIDUAL_ANNOTATOR,with_mapper,1000plus,38,3.5792531219123127,84003
121,32,30,128,3.924034535884857,96.76171875,1.9363556057214737,113.13330078125,111.91455078125,INDIVIDUAL_ANNOTATOR,with_mapper,1000plus,38,3.5792531219123127,84003
122,32,29,135,4.0252115577459335,96.9560546875,1.9468888640403748,113.1337890625,111.9150390625,INDIVIDUAL_ANNOTATOR,with_mapper,1000plus,38,3.5792531219123127,84003
123,32,33,109,3.993706777691841,97.15087890625,1.9600577652454376,113.13330078125,111.91455078125,INDIVIDUAL_ANNOTATOR,with_mapper,1000plus,38,3.5792531219123127,84003
124,32,32,113,3.921370953321457,97.34521484375,1.9250381737947464,113.13330078125,111.91455078125,INDIVIDUAL_ANNOTATOR,with_mapper,1000plus,38,3.5792531219123127,84003
125,32,30,106,3.997528925538063,97.53955078125,1.9472837448120117,113.13330078125,111.91455078125,INDIVIDUAL_ANNOTATOR,with_mapper,1000plus,38,3.5792531219123127,84003
126,32,28,123,4.203643649816513,97.73388671875,1.985417678952217,113.13330078125,111.91455078125,INDIVIDUAL_ANNOTATOR,with_mapper,1000plus,38,3.5792531219123127,84003
127,32,29,125,3.9484798908233643,97.92822265625,1.95370614528656,113.13330078125,111.91455078125,INDIVIDUAL_ANNOTATOR,with_mapper,1000plus,38,3.5792531219123127,84003
128,32,31,100,3.995876759290695,98.12255859375,1.9422955811023712,113.13330078125,111.91455078125,INDIVIDUAL_ANNOTATOR,with_mapper,1000plus,38,3.5792531219123127,84003
129,32,30,109,3.941833972930908,98.31689453125,1.9448194652795792,113.13330078125,111.91455078125,INDIVIDUAL_ANNOTATOR,with_mapper,1000plus,38,3.5792531219123127,84003
130,32,31,117,3.9539840072393417,98.51123046875,1.9230898469686508,113.13330078125,111.91455078125,INDIVIDUAL_ANNOTATOR,with_mapper,1000plus,38,3.5792531219123127,84003
131,32,34,110,3.985099494457245,98.70556640625,1.9221827387809753,113.13330078125,111.91455078125,INDIVIDUAL_ANNOTATOR,with_mapper,1000plus,38,3.5792531219123127,84003
132,32,29,121,3.923822194337845,98.89990234375,2.004483714699745,113.13330078125,111.91455078125,INDIVIDUAL_ANNOTATOR,with_mapper,1000plus,38,3.5792531219123127,84003
133,32,30,119,3.951815888285637,99.09423828125,1.9298270344734192,113.13330078125,111.91455078125,INDIVIDUAL_ANNOTATOR,with_mapper,1000plus,38,3.5792531219123127,84003
134,32,28,122,3.9835814386606216,99.28857421875,1.9376333802938461,113.13330078125,111.91455078125,INDIVIDUAL_ANNOTATOR,with_mapper,1000plus,38,3.5792531219123127,84003
135,32,29,109,4.068102687597275,99.48291015625,1.9515324383974075,113.13330078125,111.91455078125,INDIVIDUAL_ANNOTATOR,with_mapper,1000plus,38,3.5792531219123127,84003
136,32,29,117,4.255622625350952,99.67724609375,1.9332170486450195,113.13330078125,111.91455078125,INDIVIDUAL_ANNOTATOR,with_mapper,1000plus,38,3.5792531219123127,84003
137,32,30,119,3.986576572060585,99.87158203125,1.9382890313863754,113.13330078125,111.91455078125,INDIVIDUAL_ANNOTATOR,with_mapper,1000plus,38,3.5792531219123127,84003
138,32,32,91,4.007300361990929,100.06591796875,1.9710920751094818,113.13330078125,111.91455078125,INDIVIDUAL_ANNOTATOR,with_mapper,1000plus,38,3.5792531219123127,84003
139,32,32,118,4.186300560832024,100.26025390625,1.940406858921051,113.13330078125,111.91455078125,INDIVIDUAL_ANNOTATOR,with_mapper,1000plus,38,3.5792531219123127,84003
140,32,27,123,3.9694514125585556,100.45458984375,1.9361227750778198,113.13330078125,111.91455078125,INDIVIDUAL_ANNOTATOR,with_mapper,1000plus,38,3.5792531219123127,84003
141,32,28,123,3.978688269853592,100.64892578125,1.927318051457405,113.13330078125,111.91455078125,INDIVIDUAL_ANNOTATOR,with_mapper,1000plus,38,3.5792531219123127,84003
142,32,29,114,4.018427804112434,100.84326171875,1.9344035536050797,113.13330078125,111.91455078125,INDIVIDUAL_ANNOTATOR,with_mapper,1000plus,38,3.5792531219123127,84003
143,32,30,105,3.9867833256721497,101.03759765625,1.932729035615921,113.13330078125,111.91455078125,INDIVIDUAL_ANNOTATOR,with_mapper,1000plus,38,3.5792531219123127,84003
144,32,30,124,3.9608459919691086,101.23193359375,1.9601769745349884,113.13330078125,111.91455078125,INDIVIDUAL_ANNOTATOR,with_mapper,1000plus,38,3.5792531219123127,84003
145,32,30,97,4.049068316817284,101.42626953125,2.1039247512817383,113.13330078125,111.91455078125,INDIVIDUAL_ANNOTATOR,with_mapper,1000plus,38,3.5792531219123127,84003
146,32,31,111,3.969060257077217,101.62060546875,1.931043341755867,113.13330078125,111.91455078125,INDIVIDUAL_ANNOTATOR,with_mapper,1000plus,38,3.5792531219123127,84003
147,32,29,95,4.252642393112183,101.81494140625,2.165393903851509,113.13330078125,111.91455078125,INDIVIDUAL_ANNOTATOR,with_mapper,1000plus,38,3.5792531219123127,84003
148,32,30,111,3.9570126682519913,102.00927734375,1.9390732049942017,113.13330078125,111.91455078125,INDIVIDUAL_ANNOTATOR,with_mapper,1000plus,38,3.5792531219123127,84003
149,32,33,111,3.98312509059906,102.20361328125,1.955261453986168,113.13330078125,111.91455078125,INDIVIDUAL_ANNOTATOR,with_mapper,1000plus,38,3.5792531219123127,84003
150,32,31,112,4.139183089137077,102.39794921875,1.9572693854570389,113.13330078125,111.91455078125,INDIVIDUAL_ANNOTATOR,with_mapper,1000plus,38,3.5792531219123127,84003
151,32,32,102,3.9934292435646057,102.59228515625,1.96736678481102,113.13330078125,111.91455078125,INDIVIDUAL_ANNOTATOR,with_mapper,1000plus,38,3.5792531219123127,84003
152,32,31,123,3.9240065962076187,102.78662109375,1.9498728215694427,113.13330078125,111.91455078125,INDIVIDUAL_ANNOTATOR,with_mapper,1000plus,38,3.5792531219123127,84003
153,32,31,121,3.9393994957208633,102.98095703125,2.065179869532585,113.13330078125,111.91455078125,INDIVIDUAL_ANNOTATOR,with_mapper,1000plus,38,3.5792531219123127,84003
154,32,30,126,3.9230231195688248,103.17529296875,1.9500348716974258,113.13330078125,111.91455078125,INDIVIDUAL_ANNOTATOR,with_mapper,1000plus,38,3.5792531219123127,84003
155,32,35,113,4.033075645565987,103.36962890625,1.9431915134191513,113.13330078125,111.91455078125,INDIVIDUAL_ANNOTATOR,with_mapper,1000plus,38,3.5792531219123127,84003
156,32,30,115,3.993544727563858,103.56396484375,1.9592996686697006,113.13330078125,111.91455078125,INDIVIDUAL_ANNOTATOR,with_mapper,1000plus,38,3.5792531219123127,84003
157,32,34,113,4.265973344445229,103.75830078125,1.9197650253772736,113.13330078125,111.91455078125,INDIVIDUAL_ANNOTATOR,with_mapper,1000plus,38,3.5792531219123127,84003
158,32,33,119,3.913870081305504,103.95263671875,1.994466409087181,113.13330078125,111.91455078125,INDIVIDUAL_ANNOTATOR,with_mapper,1000plus,38,3.5792531219123127,84003
159,32,27,124,4.111556336283684,104.14697265625,1.952826976776123,113.13330078125,111.91455078125,INDIVIDUAL_ANNOTATOR,with_mapper,1000plus,38,3.5792531219123127,84003
160,32,29,121,3.921773284673691,104.34130859375,1.9734427332878113,113.13330078125,111.91455078125,INDIVIDUAL_ANNOTATOR,with_mapper,1000plus,38,3.5792531219123127,84003
161,32,31,122,3.9557404816150665,104.53564453125,1.9419193267822266,113.13330078125,111.91455078125,INDIVIDUAL_ANNOTATOR,with_mapper,1000plus,38,3.5792531219123127,84003
162,32,32,115,3.961615264415741,104.72998046875,2.1572113037109375,113.13330078125,111.91455078125,INDIVIDUAL_ANNOTATOR,with_mapper,1000plus,38,3.5792531219123127,84003
163,32,30,107,4.072878509759903,104.92431640625,1.9370261579751968,113.13330078125,111.91455078125,INDIVIDUAL_ANNOTATOR,with_mapper,1000plus,38,3.5792531219123127,84003
164,32,29,119,3.9683468639850616,105.11865234375,2.0958110690116882,113.13330078125,111.91455078125,INDIVIDUAL_ANNOTATOR,with_mapper,1000plus,38,3.5792531219123127,84003
165,32,27,123,3.960173577070236,105.31298828125,1.961100846529007,113.13330078125,111.91455078125,INDIVIDUAL_ANNOTATOR,with_mapper,1000plus,38,3.5792531219123127,84003
166,32,32,130,3.903595730662346,105.50732421875,1.944107934832573,113.1337890625,111.9150390625,INDIVIDUAL_ANNOTATOR,with_mapper,1000plus,38,3.5792531219123127,84003
167,32,31,112,4.1967518627643585,105.7021484375,1.96085125207901,113.13330078125,111.91455078125,INDIVIDUAL_ANNOTATOR,with_mapper,1000plus,38,3.5792531219123127,84003
168,32,29,97,3.977682441473007,105.896484375,1.9614417105913162,113.13330078125,111.91455078125,INDIVIDUAL_ANNOTATOR,with_mapper,1000plus,38,3.5792531219123127,84003
169,32,31,122,3.9723236113786697,106.0908203125,1.948835328221321,113.13330078125,111.91455078125,INDIVIDUAL_ANNOTATOR,with_mapper,1000plus,38,3.5792531219123127,84003
170,32,29,100,4.0091462433338165,106.28515625,1.941721886396408,113.13330078125,111.91455078125,INDIVIDUAL_ANNOTATOR,with_mapper,1000plus,38,3.5792531219123127,84003
171,32,28,103,3.930564969778061,106.4794921875,1.9585080444812775,113.13330078125,111.91455078125,INDIVIDUAL_ANNOTATOR,with_mapper,1000plus,38,3.5792531219123127,84003
172,32,35,113,3.925461322069168,106.673828125,1.9341018050909042,113.13330078125,111.91455078125,INDIVIDUAL_ANNOTATOR,with_mapper,1000plus,38,3.5792531219123127,84003
173,32,31,110,3.9224252104759216,106.8681640625,1.9350554794073105,113.13330078125,111.91455078125,INDIVIDUAL_ANNOTATOR,with_mapper,1000plus,38,3.5792531219123127,84003
174,32,30,114,3.946872428059578,107.0625,1.9414052367210388,113.13330078125,111.91455078125,INDIVIDUAL_ANNOTATOR,with_mapper,1000plus,38,3.5792531219123127,84003
175,32,28,114,3.942064940929413,107.2568359375,1.923881471157074,113.13330078125,111.91455078125,INDIVIDUAL_ANNOTATOR,with_mapper,1000plus,38,3.5792531219123127,84003
176,32,29,104,4.0651243180036545,107.451171875,1.9309315830469131,113.13330078125,111.91455078125,INDIVIDUAL_ANNOTATOR,with_mapper,1000plus,38,3.5792531219123127,84003
177,32,33,104,4.276644438505173,107.6455078125,2.0152758806943893,113.13330078125,111.91455078125,INDIVIDUAL_ANNOTATOR,with_mapper,1000plus,38,3.5792531219123127,84003
178,32,31,133,3.895103931427002,107.83984375,1.9418057054281235,113.1337890625,111.9150390625,INDIVIDUAL_ANNOTATOR,with_mapper,1000plus,38,3.5792531219123127,84003
179,32,27,132,3.863546997308731,108.03466796875,1.9426997750997543,113.1337890625,111.9150390625,INDIVIDUAL_ANNOTATOR,with_mapper,1000plus,38,3.5792531219123127,84003
180,32,29,133,3.9322488009929657,108.2294921875,1.9281525164842606,113.1337890625,111.9150390625,INDIVIDUAL_ANNOTATOR,with_mapper,1000plus,38,3.5792531219123127,84003
181,32,27,111,3.9522238075733185,108.42431640625,1.9922293722629547,113.13330078125,111.91455078125,INDIVIDUAL_ANNOTATOR,with_mapper,1000plus,38,3.5792531219123127,84003
182,32,29,110,3.9415527135133743,108.61865234375,1.9377637654542923,113.13330078125,111.91455078125,INDIVIDUAL_ANNOTATOR,with_mapper,1000plus,38,3.5792531219123127,84003
183,32,28,129,4.026107490062714,108.81298828125,2.0117759704589844,113.1337890625,111.9150390625,INDIVIDUAL_ANNOTATOR,with_mapper,1000plus,38,3.5792531219123127,84003
184,32,30,124,4.000920802354813,109.0078125,2.0654480904340744,113.13330078125,111.91455078125,INDIVIDUAL_ANNOTATOR,with_mapper,1000plus,38,3.5792531219123127,84003
185,32,28,107,3.911912441253662,109.2021484375,1.9219648092985153,113.13330078125,111.91455078125,INDIVIDUAL_ANNOTATOR,with_mapper,1000plus,38,3.5792531219123127,84003
186,32,26,92,3.969341516494751,109.396484375,1.9356012344360352,113.13330078125,111.91455078125,INDIVIDUAL_ANNOTATOR,with_mapper,1000plus,38,3.5792531219123127,84003
187,32,30,109,4.002826288342476,109.5908203125,1.9394680857658386,113.13330078125,111.91455078125,INDIVIDUAL_ANNOTATOR,with_mapper,1000plus,38,3.5792531219123127,84003
188,32,31,116,4.196673631668091,109.78515625,1.9412916153669357,113.13330078125,111.91455078125,INDIVIDUAL_ANNOTATOR,with_mapper,1000plus,38,3.5792531219123127,84003
189,32,32,115,4.100356251001358,109.9794921875,1.9311551004648209,113.13330078125,111.91455078125,INDIVIDUAL_ANNOTATOR,with_mapper,1000plus,38,3.5792531219123127,84003
190,32,29,103,3.9720311760902405,110.173828125,1.941656693816185,113.13330078125,111.91455078125,INDIVIDUAL_ANNOTATOR,with_mapper,1000plus,38,3.5792531219123127,84003
191,32,25,121,3.954123705625534,110.3681640625,1.9461922347545624,113.13330078125,111.91455078125,INDIVIDUAL_ANNOTATOR,with_mapper,1000plus,38,3.5792531219123127,84003
192,32,30,106,3.9784908294677734,110.5625,1.93011574447155,113.13330078125,111.91455078125,INDIVIDUAL_ANNOTATOR,with_mapper,1000plus,38,3.5792531219123127,84003
193,32,29,147,3.8700811564922333,110.7568359375,2.0775645971298218,113.1337890625,111.9150390625,INDIVIDUAL_ANNOTATOR,with_mapper,1000plus,38,3.5792531219123127,84003
194,32,26,121,4.015067592263222,110.95166015625,1.944633200764656,113.13330078125,111.91455078125,INDIVIDUAL_ANNOTATOR,with_mapper,1000plus,38,3.5792531219123127,84003
195,32,30,117,3.9806626737117767,111.14599609375,1.9295550882816315,113.13330078125,111.91455078125,INDIVIDUAL_ANNOTATOR,with_mapper,1000plus,38,3.5792531219123127,84003
196,32,31,120,3.940470516681671,111.34033203125,1.928083598613739,113.13330078125,111.91455078125,INDIVIDUAL_ANNOTATOR,with_mapper,1000plus,38,3.5792531219123127,84003
197,32,34,110,4.201332107186317,111.53466796875,1.93779356777668,113.13330078125,111.91455078125,INDIVIDUAL_ANNOTATOR,with_mapper,1000plus,38,3.5792531219123127,84003
198,32,28,102,4.318766295909882,111.72900390625,1.9457731395959854,113.13330078125,111.91455078125,INDIVIDUAL_ANNOTATOR,with_mapper,1000plus,38,3.5792531219123127,84003
199,32,28,105,3.991255536675453,111.92333984375,1.9401777535676956,113.13330078125,111.91455078125,INDIVIDUAL_ANNOTATOR,with_mapper,1000plus,38,3.5792531219123127,84003
0,32,32,105,4.013156518340111,73.2763671875,18.500158563256264,113.16943359375,111.95068359375,INDIVIDUAL_ANNOTATOR_LOOP,with_mapper,1000plus,38,3.5792531219123127,84003
1,32,31,142,3.911975771188736,73.470703125,23.933840915560722,113.169921875,111.951171875,INDIVIDUAL_ANNOTATOR_LOOP,with_mapper,1000plus,38,3.5792531219123127,84003
2,32,25,121,4.333635792136192,73.66552734375,20.287273451685905,113.16943359375,111.95068359375,INDIVIDUAL_ANNOTATOR_LOOP,with_mapper,1000plus,38,3.5792531219123127,84003
3,32,27,133,3.9695240557193756,73.85986328125,22.644683718681335,113.169921875,111.951171875,INDIVIDUAL_ANNOTATOR_LOOP,with_mapper,1000plus,38,3.5792531219123127,84003
4,32,30,115,4.001462832093239,74.0546875,19.66467685997486,113.16943359375,111.95068359375,INDIVIDUAL_ANNOTATOR_LOOP,with_mapper,1000plus,38,3.5792531219123127,84003
5,32,30,106,4.028504714369774,74.2490234375,18.274184316396713,113.16943359375,111.95068359375,INDIVIDUAL_ANNOTATOR_LOOP,with_mapper,1000plus,38,3.5792531219123127,84003
6,32,34,110,4.137009382247925,74.443359375,18.73849146068096,113.16943359375,111.95068359375,INDIVIDUAL_ANNOTATOR_LOOP,with_mapper,1000plus,38,3.5792531219123127,84003
7,32,28,128,4.037840291857719,74.6376953125,21.666569635272026,113.16943359375,111.95068359375,INDIVIDUAL_ANNOTATOR_LOOP,with_mapper,1000plus,38,3.5792531219123127,84003
8,32,29,125,4.30385023355484,74.83203125,21.400241181254387,113.16943359375,111.95068359375,INDIVIDUAL_ANNOTATOR_LOOP,with_mapper,1000plus,38,3.5792531219123127,84003
9,32,31,119,4.051290452480316,75.0263671875,20.244089886546135,113.16943359375,111.95068359375,INDIVIDUAL_ANNOTATOR_LOOP,with_mapper,1000plus,38,3.5792531219123127,84003
10,32,30,128,3.988957032561302,75.220703125,21.51184156537056,113.16943359375,111.95068359375,INDIVIDUAL_ANNOTATOR_LOOP,with_mapper,1000plus,38,3.5792531219123127,84003
11,32,34,117,4.017939791083336,75.4150390625,19.81338858604431,113.16943359375,111.95068359375,INDIVIDUAL_ANNOTATOR_LOOP,with_mapper,1000plus,38,3.5792531219123127,84003
12,32,31,114,4.028193652629852,75.609375,19.28883045911789,113.16943359375,111.95068359375,INDIVIDUAL_ANNOTATOR_LOOP,with_mapper,1000plus,38,3.5792531219123127,84003
13,32,29,122,4.287000745534897,75.8037109375,20.558569580316544,113.16943359375,111.95068359375,INDIVIDUAL_ANNOTATOR_LOOP,with_mapper,1000plus,38,3.5792531219123127,84003
14,32,31,111,4.024123772978783,75.998046875,19.024686887860298,113.16943359375,111.95068359375,INDIVIDUAL_ANNOTATOR_LOOP,with_mapper,1000plus,38,3.5792531219123127,84003
15,32,34,103,4.025744274258614,76.1923828125,17.840467393398285,113.16943359375,111.95068359375,INDIVIDUAL_ANNOTATOR_LOOP,with_mapper,1000plus,38,3.5792531219123127,84003
16,32,30,116,4.179287701845169,76.38671875,19.942225888371468,113.16943359375,111.95068359375,INDIVIDUAL_ANNOTATOR_LOOP,with_mapper,1000plus,38,3.5792531219123127,84003
17,32,30,126,3.9557162672281265,76.5810546875,21.18661068379879,113.16943359375,111.95068359375,INDIVIDUAL_ANNOTATOR_LOOP,with_mapper,1000plus,38,3.5792531219123127,84003
18,32,28,103,4.036186262965202,76.775390625,17.826681956648827,113.16943359375,111.95068359375,INDIVIDUAL_ANNOTATOR_LOOP,with_mapper,1000plus,38,3.5792531219123127,84003
19,32,30,115,4.214225336909294,76.9697265625,19.538771361112595,113.16943359375,111.95068359375,INDIVIDUAL_ANNOTATOR_LOOP,with_mapper,1000plus,38,3.5792531219123127,84003
20,32,31,121,4.095591604709625,77.1640625,20.476974546909332,113.16943359375,111.95068359375,INDIVIDUAL_ANNOTATOR_LOOP,with_mapper,1000plus,38,3.5792531219123127,84003
21,32,33,114,4.018168896436691,77.3583984375,19.353512674570084,113.16943359375,111.95068359375,INDIVIDUAL_ANNOTATOR_LOOP,with_mapper,1000plus,38,3.5792531219123127,84003
22,32,30,113,3.9827320724725723,77.552734375,19.63534951210022,113.16943359375,111.95068359375,INDIVIDUAL_ANNOTATOR_LOOP,with_mapper,1000plus,38,3.5792531219123127,84003
23,32,26,132,4.283007234334946,77.7470703125,22.10450731217861,113.169921875,111.951171875,INDIVIDUAL_ANNOTATOR_LOOP,with_mapper,1000plus,38,3.5792531219123127,84003
24,32,29,99,4.0292888879776,77.94189453125,17.095958814024925,113.16943359375,111.95068359375,INDIVIDUAL_ANNOTATOR_LOOP,with_mapper,1000plus,38,3.5792531219123127,84003
25,32,32,111,3.984590992331505,78.13623046875,19.20652948319912,113.16943359375,111.95068359375,INDIVIDUAL_ANNOTATOR_LOOP,with_mapper,1000plus,38,3.5792531219123127,84003
26,32,31,126,3.9930902421474457,78.33056640625,21.290652453899384,113.16943359375,111.95068359375,INDIVIDUAL_ANNOTATOR_LOOP,with_mapper,1000plus,38,3.5792531219123127,84003
27,32,32,123,4.019511863589287,78.52490234375,20.706161856651306,113.16943359375,111.95068359375,INDIVIDUAL_ANNOTATOR_LOOP,with_mapper,1000plus,38,3.5792531219123127,84003
28,32,30,112,3.9779245853424072,78.71923828125,19.176047295331955,113.16943359375,111.95068359375,INDIVIDUAL_ANNOTATOR_LOOP,with_mapper,1000plus,38,3.5792531219123127,84003
29,32,26,121,3.972899168729782,78.91357421875,20.4628873616457,113.16943359375,111.95068359375,INDIVIDUAL_ANNOTATOR_LOOP,with_mapper,1000plus,38,3.5792531219123127,84003
30,32,29,111,4.003487527370453,79.10791015625,18.91639456152916,113.16943359375,111.95068359375,INDIVIDUAL_ANNOTATOR_LOOP,with_mapper,1000plus,38,3.5792531219123127,84003
31,32,29,94,4.025241360068321,79.30224609375,16.329707577824593,113.16943359375,111.95068359375,INDIVIDUAL_ANNOTATOR_LOOP,with_mapper,1000plus,38,3.5792531219123127,84003
32,32,29,118,3.959493711590767,79.49658203125,20.12696862220764,113.16943359375,111.95068359375,INDIVIDUAL_ANNOTATOR_LOOP,with_mapper,1000plus,38,3.5792531219123127,84003
33,32,31,103,4.3553076684474945,79.69091796875,17.86668784916401,113.16943359375,111.95068359375,INDIVIDUAL_ANNOTATOR_LOOP,with_mapper,1000plus,38,3.5792531219123127,84003
34,32,31,116,3.985583782196045,79.88525390625,19.64244246482849,113.16943359375,111.95068359375,INDIVIDUAL_ANNOTATOR_LOOP,with_mapper,1000plus,38,3.5792531219123127,84003
35,32,28,125,3.9556212723255157,80.07958984375,20.932186394929886,113.16943359375,111.95068359375,INDIVIDUAL_ANNOTATOR_LOOP,with_mapper,1000plus,38,3.5792531219123127,84003
36,32,29,128,3.9910823106765747,80.27392578125,21.4680265635252,113.16943359375,111.95068359375,INDIVIDUAL_ANNOTATOR_LOOP,with_mapper,1000plus,38,3.5792531219123127,84003
37,32,29,124,3.966333344578743,80.46826171875,23.121219128370285,113.16943359375,111.95068359375,INDIVIDUAL_ANNOTATOR_LOOP,with_mapper,1000plus,38,3.5792531219123127,84003
38,32,32,110,4.0113478899002075,80.66259765625,20.276326686143875,113.16943359375,111.95068359375,INDIVIDUAL_ANNOTATOR_LOOP,with_mapper,1000plus,38,3.5792531219123127,84003
39,32,26,103,3.9712581783533096,80.85693359375,18.113965168595314,113.16943359375,111.95068359375,INDIVIDUAL_ANNOTATOR_LOOP,with_mapper,1000plus,38,3.5792531219123127,84003
40,32,29,110,4.043243825435638,81.05126953125,19.012877717614174,113.16943359375,111.95068359375,INDIVIDUAL_ANNOTATOR_LOOP,with_mapper,1000plus,38,3.5792531219123127,84003
41,32,31,119,3.982037305831909,81.24560546875,20.46053111553192,113.16943359375,111.95068359375,INDIVIDUAL_ANNOTATOR_LOOP,with_mapper,1000plus,38,3.5792531219123127,84003
42,32,32,123,3.9600078016519547,81.43994140625,20.98069153726101,113.16943359375,111.95068359375,INDIVIDUAL_ANNOTATOR_LOOP,with_mapper,1000plus,38,3.5792531219123127,84003
43,32,30,117,4.258286207914352,81.63427734375,19.940387457609177,113.16943359375,111.95068359375,INDIVIDUAL_ANNOTATOR_LOOP,with_mapper,1000plus,38,3.5792531219123127,84003
44,32,30,130,4.015523940324783,81.82861328125,22.038571536540985,113.169921875,111.951171875,INDIVIDUAL_ANNOTATOR_LOOP,with_mapper,1000plus,38,3.5792531219123127,84003
45,32,28,119,4.107717424631119,82.0234375,20.690521225333214,113.16943359375,111.95068359375,INDIVIDUAL_ANNOTATOR_LOOP,with_mapper,1000plus,38,3.5792531219123127,84003
46,32,32,126,4.090458154678345,82.2177734375,21.559059619903564,113.16943359375,111.95068359375,INDIVIDUAL_ANNOTATOR_LOOP,with_mapper,1000plus,38,3.5792531219123127,84003
47,32,31,139,3.9541441947221756,82.412109375,23.357219994068146,113.169921875,111.951171875,INDIVIDUAL_ANNOTATOR_LOOP,with_mapper,1000plus,38,3.5792531219123127,84003
48,32,29,122,3.98227758705616,82.60693359375,20.653164014220238,113.16943359375,111.95068359375,INDIVIDUAL_ANNOTATOR_LOOP,with_mapper,1000plus,38,3.5792531219123127,84003
49,32,28,111,4.202950745820999,82.80126953125,19.393770024180412,113.16943359375,111.95068359375,INDIVIDUAL_ANNOTATOR_LOOP,with_mapper,1000plus,38,3.5792531219123127,84003
50,32,32,109,4.040464758872986,82.99560546875,18.776513636112213,113.16943359375,111.95068359375,INDIVIDUAL_ANNOTATOR_LOOP,with_mapper,1000plus,38,3.5792531219123127,84003
51,32,31,120,3.9752162992954254,83.18994140625,20.444706082344055,113.16943359375,111.95068359375,INDIVIDUAL_ANNOTATOR_LOOP,with_mapper,1000plus,38,3.5792531219123127,84003
52,32,32,106,4.018375650048256,83.38427734375,18.284307792782784,113.16943359375,111.95068359375,INDIVIDUAL_ANNOTATOR_LOOP,with_mapper,1000plus,38,3.5792531219123127,84003
53,32,33,93,4.060214385390282,83.57861328125,16.238532960414886,113.16943359375,111.95068359375,INDIVIDUAL_ANNOTATOR_LOOP,with_mapper,1000plus,38,3.5792531219123127,84003
54,32,30,116,4.257062450051308,83.77294921875,19.770583137869835,113.16943359375,111.95068359375,INDIVIDUAL_ANNOTATOR_LOOP,with_mapper,1000plus,38,3.5792531219123127,84003
55,32,32,127,3.9383117109537125,83.96728515625,21.601146087050438,113.16943359375,111.95068359375,INDIVIDUAL_ANNOTATOR_LOOP,with_mapper,1000plus,38,3.5792531219123127,84003
56,32,30,130,3.990788012742996,84.16162109375,22.08430878818035,113.169921875,111.951171875,INDIVIDUAL_ANNOTATOR_LOOP,with_mapper,1000plus,38,3.5792531219123127,84003
57,32,31,111,3.97595576941967,84.3564453125,18.95197108387947,113.16943359375,111.95068359375,INDIVIDUAL_ANNOTATOR_LOOP,with_mapper,1000plus,38,3.5792531219123127,84003
58,32,33,111,3.991648554801941,84.55078125,18.889635801315308,113.16943359375,111.95068359375,INDIVIDUAL_ANNOTATOR_LOOP,with_mapper,1000plus,38,3.5792531219123127,84003
59,32,26,101,4.044985398650169,84.7451171875,17.473824322223663,113.16943359375,111.95068359375,INDIVIDUAL_ANNOTATOR_LOOP,with_mapper,1000plus,38,3.5792531219123127,84003
60,32,26,104,4.293931648135185,84.939453125,17.93060265481472,113.16943359375,111.95068359375,INDIVIDUAL_ANNOTATOR_LOOP,with_mapper,1000plus,38,3.5792531219123127,84003
61,32,28,95,4.010992124676704,85.1337890625,16.715897247195244,113.16943359375,111.95068359375,INDIVIDUAL_ANNOTATOR_LOOP,with_mapper,1000plus,38,3.5792531219123127,84003
62,32,29,112,3.9964113384485245,85.328125,19.093796610832214,113.16943359375,111.95068359375,INDIVIDUAL_ANNOTATOR_LOOP,with_mapper,1000plus,38,3.5792531219123127,84003
63,32,31,91,4.033435136079788,85.5224609375,16.139743849635124,113.16943359375,111.95068359375,INDIVIDUAL_ANNOTATOR_LOOP,with_mapper,1000plus,38,3.5792531219123127,84003
64,32,31,112,4.296988248825073,85.716796875,19.175197929143906,113.16943359375,111.95068359375,INDIVIDUAL_ANNOTATOR_LOOP,with_mapper,1000plus,38,3.5792531219123127,84003
65,32,29,125,3.987448289990425,85.9111328125,21.269485354423523,113.16943359375,111.95068359375,INDIVIDUAL_ANNOTATOR_LOOP,with_mapper,1000plus,38,3.5792531219123127,84003
66,32,27,115,3.9812568575143814,86.10546875,19.608844071626663,113.16943359375,111.95068359375,INDIVIDUAL_ANNOTATOR_LOOP,with_mapper,1000plus,38,3.5792531219123127,84003
67,32,29,110,3.957904875278473,86.2998046875,18.911276012659073,113.16943359375,111.95068359375,INDIVIDUAL_ANNOTATOR_LOOP,with_mapper,1000plus,38,3.5792531219123127,84003
68,32,31,109,3.9878282696008682,86.494140625,18.693530932068825,113.16943359375,111.95068359375,INDIVIDUAL_ANNOTATOR_LOOP,with_mapper,1000plus,38,3.5792531219123127,84003
69,32,29,117,4.005786031484604,86.6884765625,19.84163001179695,113.16943359375,111.95068359375,INDIVIDUAL_ANNOTATOR_LOOP,with_mapper,1000plus,38,3.5792531219123127,84003
70,32,33,116,3.9858929812908173,86.8828125,19.793830811977386,113.16943359375,111.95068359375,INDIVIDUAL_ANNOTATOR_LOOP,with_mapper,1000plus,38,3.5792531219123127,84003
71,32,30,118,4.251847043633461,87.0771484375,20.048445090651512,113.16943359375,111.95068359375,INDIVIDUAL_ANNOTATOR_LOOP,with_mapper,1000plus,38,3.5792531219123127,84003
72,32,30,108,4.017287865281105,87.271484375,18.643956631422043,113.16943359375,111.95068359375,INDIVIDUAL_ANNOTATOR_LOOP,with_mapper,1000plus,38,3.5792531219123127,84003
73,32,30,129,3.997093066573143,87.4658203125,21.803438663482666,113.169921875,111.951171875,INDIVIDUAL_ANNOTATOR_LOOP,with_mapper,1000plus,38,3.5792531219123127,84003
74,32,28,117,4.3521542102098465,87.66064453125,19.882898777723312,113.16943359375,111.95068359375,INDIVIDUAL_ANNOTATOR_LOOP,with_mapper,1000plus,38,3.5792531219123127,84003
75,32,31,115,4.027523100376129,87.85498046875,19.66373436152935,113.16943359375,111.95068359375,INDIVIDUAL_ANNOTATOR_LOOP,with_mapper,1000plus,38,3.5792531219123127,84003
76,32,32,128,4.103671759366989,88.04931640625,21.667325869202614,113.16943359375,111.95068359375,INDIVIDUAL_ANNOTATOR_LOOP,with_mapper,1000plus,38,3.5792531219123127,84003
77,32,30,99,4.0455833077430725,88.24365234375,17.114590853452682,113.16943359375,111.95068359375,INDIVIDUAL_ANNOTATOR_LOOP,with_mapper,1000plus,38,3.5792531219123127,84003
78,32,32,111,3.953494131565094,88.43798828125,19.21396516263485,113.16943359375,111.95068359375,INDIVIDUAL_ANNOTATOR_LOOP,with_mapper,1000plus,38,3.5792531219123127,84003
79,32,31,126,4.149718210101128,88.63232421875,21.209927275776863,113.16943359375,111.95068359375,INDIVIDUAL_ANNOTATOR_LOOP,with_mapper,1000plus,38,3.5792531219123127,84003
80,32,29,129,3.9777513593435287,88.82666015625,22.0994483679533,113.169921875,111.951171875,INDIVIDUAL_ANNOTATOR_LOOP,with_mapper,1000plus,38,3.5792531219123127,84003
81,32,29,110,3.980351611971855,89.021484375,19.093316048383713,113.16943359375,111.95068359375,INDIVIDUAL_ANNOTATOR_LOOP,with_mapper,1000plus,38,3.5792531219123127,84003
82,32,33,129,4.009628668427467,89.2158203125,21.78366854786873,113.169921875,111.951171875,INDIVIDUAL_ANNOTATOR_LOOP,with_mapper,1000plus,38,3.5792531219123127,84003
83,32,32,113,3.980698063969612,89.41064453125,19.2146934568882,113.16943359375,111.95068359375,INDIVIDUAL_ANNOTATOR_LOOP,with_mapper,1000plus,38,3.5792531219123127,84003
84,32,30,119,3.985343500971794,89.60498046875,20.34870721399784,113.16943359375,111.95068359375,INDIVIDUAL_ANNOTATOR_LOOP,with_mapper,1000plus,38,3.5792531219123127,84003
85,32,32,101,4.250243306159973,89.79931640625,17.467092722654343,113.16943359375,111.95068359375,INDIVIDUAL_ANNOTATOR_LOOP,with_mapper,1000plus,38,3.5792531219123127,84003
86,32,30,124,3.984391689300537,89.99365234375,22.430293262004852,113.16943359375,111.95068359375,INDIVIDUAL_ANNOTATOR_LOOP,with_mapper,1000plus,38,3.5792531219123127,84003
87,32,30,108,3.970591351389885,90.18798828125,18.41842383146286,113.16943359375,111.95068359375,INDIVIDUAL_ANNOTATOR_LOOP,with_mapper,1000plus,38,3.5792531219123127,84003
88,32,29,113,3.985980525612831,90.38232421875,19.544780254364014,113.16943359375,111.95068359375,INDIVIDUAL_ANNOTATOR_LOOP,with_mapper,1000plus,38,3.5792531219123127,84003
89,32,32,102,4.048958420753479,90.57666015625,17.751257866621017,113.16943359375,111.95068359375,INDIVIDUAL_ANNOTATOR_LOOP,with_mapper,1000plus,38,3.5792531219123127,84003
90,32,30,116,4.005366936326027,90.77099609375,19.82623152434826,113.16943359375,111.95068359375,INDIVIDUAL_ANNOTATOR_LOOP,with_mapper,1000plus,38,3.5792531219123127,84003
91,32,32,130,3.8484353572130203,90.96533203125,21.977640688419342,113.169921875,111.951171875,INDIVIDUAL_ANNOTATOR_LOOP,with_mapper,1000plus,38,3.5792531219123127,84003
92,32,31,115,4.00133803486824,91.16015625,19.54963244497776,113.16943359375,111.95068359375,INDIVIDUAL_ANNOTATOR_LOOP,with_mapper,1000plus,38,3.5792531219123127,84003
93,32,26,123,3.9305873215198517,91.3544921875,20.957930013537407,113.16943359375,111.95068359375,INDIVIDUAL_ANNOTATOR_LOOP,with_mapper,1000plus,38,3.5792531219123127,84003
94,32,34,120,3.9393864572048187,91.548828125,20.79707756638527,113.16943359375,111.95068359375,INDIVIDUAL_ANNOTATOR_LOOP,with_mapper,1000plus,38,3.5792531219123127,84003
95,32,29,105,4.350088536739349,91.7431640625,18.082281574606895,113.16943359375,111.95068359375,INDIVIDUAL_ANNOTATOR_LOOP,with_mapper,1000plus,38,3.5792531219123127,84003
96,32,32,123,3.9731524884700775,91.9375,20.94186842441559,113.16943359375,111.95068359375,INDIVIDUAL_ANNOTATOR_LOOP,with_mapper,1000plus,38,3.5792531219123127,84003
97,32,30,106,4.052231088280678,92.1318359375,18.105752766132355,113.16943359375,111.95068359375,INDIVIDUAL_ANNOTATOR_LOOP,with_mapper,1000plus,38,3.5792531219123127,84003
98,32,29,111,3.973698243498802,92.326171875,19.019726663827896,113.16943359375,111.95068359375,INDIVIDUAL_ANNOTATOR_LOOP,with_mapper,1000plus,38,3.5792531219123127,84003
99,32,30,120,3.9658378809690475,92.5205078125,20.275209099054337,113.16943359375,111.95068359375,INDIVIDUAL_ANNOTATOR_LOOP,with_mapper,1000plus,38,3.5792531219123127,84003
100,32,31,125,3.9285682141780853,92.71484375,21.17958478629589,113.16943359375,111.95068359375,INDIVIDUAL_ANNOTATOR_LOOP,with_mapper,1000plus,38,3.5792531219123127,84003
101,32,29,103,4.032699391245842,92.9091796875,17.667563632130623,113.16943359375,111.95068359375,INDIVIDUAL_ANNOTATOR_LOOP,with_mapper,1000plus,38,3.5792531219123127,84003
102,32,28,133,3.98196280002594,93.103515625,22.56876230239868,113.169921875,111.951171875,INDIVIDUAL_ANNOTATOR_LOOP,with_mapper,1000plus,38,3.5792531219123127,84003
103,32,30,111,4.005741328001022,93.29833984375,19.038125872612,113.16943359375,111.95068359375,INDIVIDUAL_ANNOTATOR_LOOP,with_mapper,1000plus,38,3.5792531219123127,84003
104,32,34,115,3.9726272225379944,93.49267578125,19.643519073724747,113.16943359375,111.95068359375,INDIVIDUAL_ANNOTATOR_LOOP,with_mapper,1000plus,38,3.5792531219123127,84003
105,32,30,140,4.210075363516808,93.68701171875,23.303436115384102,113.169921875,111.951171875,INDIVIDUAL_ANNOTATOR_LOOP,with_mapper,1000plus,38,3.5792531219123127,84003
106,32,28,111,4.008160904049873,93.8818359375,19.21766996383667,113.16943359375,111.95068359375,INDIVIDUAL_ANNOTATOR_LOOP,with_mapper,1000plus,38,3.5792531219123127,84003
107,32,30,110,3.988374024629593,94.076171875,18.771370872855186,113.16943359375,111.95068359375,INDIVIDUAL_ANNOTATOR_LOOP,with_mapper,1000plus,38,3.5792531219123127,84003
108,32,29,119,3.992559388279915,94.2705078125,20.18588036298752,113.16943359375,111.95068359375,INDIVIDUAL_ANNOTATOR_LOOP,with_mapper,1000plus,38,3.5792531219123127,84003
109,32,29,108,3.9753858000040054,94.46484375,18.41771975159645,113.16943359375,111.95068359375,INDIVIDUAL_ANNOTATOR_LOOP,with_mapper,1000plus,38,3.5792531219123127,84003
110,32,33,117,3.9671044796705246,94.6591796875,19.82474885880947,113.16943359375,111.95068359375,INDIVIDUAL_ANNOTATOR_LOOP,with_mapper,1000plus,38,3.5792531219123127,84003
111,32,28,114,4.00807149708271,94.853515625,19.25850659608841,113.16943359375,111.95068359375,INDIVIDUAL_ANNOTATOR_LOOP,with_mapper,1000plus,38,3.5792531219123127,84003
112,32,31,104,4.028744995594025,95.0478515625,17.950423061847687,113.16943359375,111.95068359375,INDIVIDUAL_ANNOTATOR_LOOP,with_mapper,1000plus,38,3.5792531219123127,84003
113,32,31,103,4.012042656540871,95.2421875,17.753522843122482,113.16943359375,111.95068359375,INDIVIDUAL_ANNOTATOR_LOOP,with_mapper,1000plus,38,3.5792531219123127,84003
114,32,27,134,3.9445050060749054,95.4365234375,22.551311179995537,113.169921875,111.951171875,INDIVIDUAL_ANNOTATOR_LOOP,with_mapper,1000plus,38,3.5792531219123127,84003
115,32,29,106,4.575466737151146,95.63134765625,18.19014549255371,113.16943359375,111.95068359375,INDIVIDUAL_ANNOTATOR_LOOP,with_mapper,1000plus,38,3.5792531219123127,84003
116,32,31,115,3.9511844515800476,95.82568359375,19.470490515232086,113.16943359375,111.95068359375,INDIVIDUAL_ANNOTATOR_LOOP,with_mapper,1000plus,38,3.5792531219123127,84003
117,32,30,125,3.9412789046764374,96.02001953125,21.08444832265377,113.16943359375,111.95068359375,INDIVIDUAL_ANNOTATOR_LOOP,with_mapper,1000plus,38,3.5792531219123127,84003
118,32,31,108,3.9863642305135727,96.21435546875,18.491482362151146,113.16943359375,111.95068359375,INDIVIDUAL_ANNOTATOR_LOOP,with_mapper,1000plus,38,3.5792531219123127,84003
119,32,27,130,3.956396132707596,96.40869140625,21.69692888855934,113.169921875,111.951171875,INDIVIDUAL_ANNOTATOR_LOOP,with_mapper,1000plus,38,3.5792531219123127,84003
120,32,29,122,3.9371810853481293,96.603515625,20.558860152959824,113.16943359375,111.95068359375,INDIVIDUAL_ANNOTATOR_LOOP,with_mapper,1000plus,38,3.5792531219123127,84003
121,32,30,128,3.9137527346611023,96.7978515625,21.530581638216972,113.16943359375,111.95068359375,INDIVIDUAL_ANNOTATOR_LOOP,with_mapper,1000plus,38,3.5792531219123127,84003
122,32,29,135,3.9337817579507828,96.9921875,23.2122540473938,113.169921875,111.951171875,INDIVIDUAL_ANNOTATOR_LOOP,with_mapper,1000plus,38,3.5792531219123127,84003
123,32,33,109,3.989957273006439,97.18701171875,18.92455853521824,113.16943359375,111.95068359375,INDIVIDUAL_ANNOTATOR_LOOP,with_mapper,1000plus,38,3.5792531219123127,84003
124,32,32,113,3.97479347884655,97.38134765625,19.234448671340942,113.16943359375,111.95068359375,INDIVIDUAL_ANNOTATOR_LOOP,with_mapper,1000plus,38,3.5792531219123127,84003
125,32,30,106,3.974486142396927,97.57568359375,18.084989860653877,113.16943359375,111.95068359375,INDIVIDUAL_ANNOTATOR_LOOP,with_mapper,1000plus,38,3.5792531219123127,84003
126,32,28,123,4.2515285313129425,97.77001953125,20.955044776201248,113.16943359375,111.95068359375,INDIVIDUAL_ANNOTATOR_LOOP,with_mapper,1000plus,38,3.5792531219123127,84003
127,32,29,125,3.9722397923469543,97.96435546875,21.203745156526566,113.16943359375,111.95068359375,INDIVIDUAL_ANNOTATOR_LOOP,with_mapper,1000plus,38,3.5792531219123127,84003
128,32,31,100,3.9861518889665604,98.15869140625,17.287081107497215,113.16943359375,111.95068359375,INDIVIDUAL_ANNOTATOR_LOOP,with_mapper,1000plus,38,3.5792531219123127,84003
129,32,30,109,3.9681456983089447,98.35302734375,19.317349418997765,113.16943359375,111.95068359375,INDIVIDUAL_ANNOTATOR_LOOP,with_mapper,1000plus,38,3.5792531219123127,84003
130,32,31,117,3.9863809943199158,98.54736328125,19.868796691298485,113.16943359375,111.95068359375,INDIVIDUAL_ANNOTATOR_LOOP,with_mapper,1000plus,38,3.5792531219123127,84003
131,32,34,110,3.9874613285064697,98.74169921875,19.15203407406807,113.16943359375,111.95068359375,INDIVIDUAL_ANNOTATOR_LOOP,with_mapper,1000plus,38,3.5792531219123127,84003
132,32,29,121,3.937872126698494,98.93603515625,20.465027540922165,113.16943359375,111.95068359375,INDIVIDUAL_ANNOTATOR_LOOP,with_mapper,1000plus,38,3.5792531219123127,84003
133,32,30,119,3.965504467487335,99.13037109375,20.012497901916504,113.16943359375,111.95068359375,INDIVIDUAL_ANNOTATOR_LOOP,with_mapper,1000plus,38,3.5792531219123127,84003
134,32,28,122,3.970688208937645,99.32470703125,20.770208910107613,113.16943359375,111.95068359375,INDIVIDUAL_ANNOTATOR_LOOP,with_mapper,1000plus,38,3.5792531219123127,84003
135,32,29,109,4.06191311776638,99.51904296875,18.601568415760994,113.16943359375,111.95068359375,INDIVIDUAL_ANNOTATOR_LOOP,with_mapper,1000plus,38,3.5792531219123127,84003
136,32,29,117,4.249174147844315,99.71337890625,19.8972187936306,113.16943359375,111.95068359375,INDIVIDUAL_ANNOTATOR_LOOP,with_mapper,1000plus,38,3.5792531219123127,84003
137,32,30,119,4.176320508122444,99.90771484375,20.211191847920418,113.16943359375,111.95068359375,INDIVIDUAL_ANNOTATOR_LOOP,with_mapper,1000plus,38,3.5792531219123127,84003
138,32,32,91,4.006953909993172,100.10205078125,15.898745507001877,113.16943359375,111.95068359375,INDIVIDUAL_ANNOTATOR_LOOP,with_mapper,1000plus,38,3.5792531219123127,84003
139,32,32,118,3.92831489443779,100.29638671875,20.080825313925743,113.16943359375,111.95068359375,INDIVIDUAL_ANNOTATOR_LOOP,with_mapper,1000plus,38,3.5792531219123127,84003
140,32,27,123,3.9405561983585358,100.49072265625,20.601529628038406,113.16943359375,111.95068359375,INDIVIDUAL_ANNOTATOR_LOOP,with_mapper,1000plus,38,3.5792531219123127,84003
141,32,28,123,3.9650574326515198,100.68505859375,20.808881148695946,113.16943359375,111.95068359375,INDIVIDUAL_ANNOTATOR_LOOP,with_mapper,1000plus,38,3.5792531219123127,84003
142,32,29,114,4.02909517288208,100.87939453125,19.700808450579643,113.16943359375,111.95068359375,INDIVIDUAL_ANNOTATOR_LOOP,with_mapper,1000plus,38,3.5792531219123127,84003
143,32,30,105,3.986760973930359,101.07373046875,17.94295571744442,113.16943359375,111.95068359375,INDIVIDUAL_ANNOTATOR_LOOP,with_mapper,1000plus,38,3.5792531219123127,84003
144,32,30,124,3.88140045106411,101.26806640625,20.982246845960617,113.16943359375,111.95068359375,INDIVIDUAL_ANNOTATOR_LOOP,with_mapper,1000plus,38,3.5792531219123127,84003
145,32,30,97,4.040135070681572,101.46240234375,16.784844920039177,113.16943359375,111.95068359375,INDIVIDUAL_ANNOTATOR_LOOP,with_mapper,1000plus,38,3.5792531219123127,84003
146,32,31,111,4.169167950749397,101.65673828125,20.23952826857567,113.16943359375,111.95068359375,INDIVIDUAL_ANNOTATOR_LOOP,with_mapper,1000plus,38,3.5792531219123127,84003
147,32,29,95,3.9837397634983063,101.85107421875,16.535237431526184,113.16943359375,111.95068359375,INDIVIDUAL_ANNOTATOR_LOOP,with_mapper,1000plus,38,3.5792531219123127,84003
148,32,30,111,4.181472584605217,102.04541015625,18.95064488053322,113.16943359375,111.95068359375,INDIVIDUAL_ANNOTATOR_LOOP,with_mapper,1000plus,38,3.5792531219123127,84003
149,32,33,111,3.9671678096055984,102.23974609375,18.93938146531582,113.16943359375,111.95068359375,INDIVIDUAL_ANNOTATOR_LOOP,with_mapper,1000plus,38,3.5792531219123127,84003
150,32,31,112,4.002856090664864,102.43408203125,19.171524792909622,113.16943359375,111.95068359375,INDIVIDUAL_ANNOTATOR_LOOP,with_mapper,1000plus,38,3.5792531219123127,84003
151,32,32,102,3.9555318653583527,102.62841796875,17.601313069462776,113.16943359375,111.95068359375,INDIVIDUAL_ANNOTATOR_LOOP,with_mapper,1000plus,38,3.5792531219123127,84003
152,32,31,123,3.909667953848839,102.82275390625,20.741237327456474,113.16943359375,111.95068359375,INDIVIDUAL_ANNOTATOR_LOOP,with_mapper,1000plus,38,3.5792531219123127,84003
153,32,31,121,3.937404602766037,103.01708984375,20.561616867780685,113.16943359375,111.95068359375,INDIVIDUAL_ANNOTATOR_LOOP,with_mapper,1000plus,38,3.5792531219123127,84003
154,32,30,126,3.9435848593711853,103.21142578125,21.506864577531815,113.16943359375,111.95068359375,INDIVIDUAL_ANNOTATOR_LOOP,with_mapper,1000plus,38,3.5792531219123127,84003
155,32,35,113,4.065496847033501,103.40576171875,19.21791583299637,113.16943359375,111.95068359375,INDIVIDUAL_ANNOTATOR_LOOP,with_mapper,1000plus,38,3.5792531219123127,84003
156,32,30,115,3.983093425631523,103.60009765625,19.495436921715736,113.16943359375,111.95068359375,INDIVIDUAL_ANNOTATOR_LOOP,with_mapper,1000plus,38,3.5792531219123127,84003
157,32,34,113,4.23089973628521,103.79443359375,19.52986791729927,113.16943359375,111.95068359375,INDIVIDUAL_ANNOTATOR_LOOP,with_mapper,1000plus,38,3.5792531219123127,84003
158,32,33,119,3.9412714540958405,103.98876953125,20.305253565311432,113.16943359375,111.95068359375,INDIVIDUAL_ANNOTATOR_LOOP,with_mapper,1000plus,38,3.5792531219123127,84003
159,32,27,124,3.969835117459297,104.18310546875,20.903438329696655,113.16943359375,111.95068359375,INDIVIDUAL_ANNOTATOR_LOOP,with_mapper,1000plus,38,3.5792531219123127,84003
160,32,29,121,3.9385631680488586,104.37744140625,20.519519224762917,113.16943359375,111.95068359375,INDIVIDUAL_ANNOTATOR_LOOP,with_mapper,1000plus,38,3.5792531219123127,84003
161,32,31,122,3.942623734474182,104.57177734375,20.87121456861496,113.16943359375,111.95068359375,INDIVIDUAL_ANNOTATOR_LOOP,with_mapper,1000plus,38,3.5792531219123127,84003
162,32,32,115,3.9653871208429337,104.76611328125,19.478021189570427,113.16943359375,111.95068359375,INDIVIDUAL_ANNOTATOR_LOOP,with_mapper,1000plus,38,3.5792531219123127,84003
163,32,30,107,3.9972402155399323,104.96044921875,18.368501216173172,113.16943359375,111.95068359375,INDIVIDUAL_ANNOTATOR_LOOP,with_mapper,1000plus,38,3.5792531219123127,84003
164,32,29,119,4.126491025090218,105.15478515625,20.131492987275124,113.16943359375,111.95068359375,INDIVIDUAL_ANNOTATOR_LOOP,with_mapper,1000plus,38,3.5792531219123127,84003
165,32,27,123,3.9920806884765625,105.34912109375,20.687738433480263,113.16943359375,111.95068359375,INDIVIDUAL_ANNOTATOR_LOOP,with_mapper,1000plus,38,3.5792531219123127,84003
166,32,32,130,4.1237156838178635,105.54345703125,21.86330407857895,113.169921875,111.951171875,INDIVIDUAL_ANNOTATOR_LOOP,with_mapper,1000plus,38,3.5792531219123127,84003
167,32,31,112,4.294835031032562,105.73828125,19.07072402536869,113.16943359375,111.95068359375,INDIVIDUAL_ANNOTATOR_LOOP,with_mapper,1000plus,38,3.5792531219123127,84003
168,32,29,97,4.036948084831238,105.9326171875,17.000701278448105,113.16943359375,111.95068359375,INDIVIDUAL_ANNOTATOR_LOOP,with_mapper,1000plus,38,3.5792531219123127,84003
169,32,31,122,3.991520032286644,106.126953125,20.666765049099922,113.16943359375,111.95068359375,INDIVIDUAL_ANNOTATOR_LOOP,with_mapper,1000plus,38,3.5792531219123127,84003
170,32,29,100,4.003394395112991,106.3212890625,17.183199524879456,113.16943359375,111.95068359375,INDIVIDUAL_ANNOTATOR_LOOP,with_mapper,1000plus,38,3.5792531219123127,84003
171,32,28,103,3.9496757090091705,106.515625,17.677543684840202,113.16943359375,111.95068359375,INDIVIDUAL_ANNOTATOR_LOOP,with_mapper,1000plus,38,3.5792531219123127,84003
172,32,35,113,3.95173579454422,106.7099609375,19.478147849440575,113.16943359375,111.95068359375,INDIVIDUAL_ANNOTATOR_LOOP,with_mapper,1000plus,38,3.5792531219123127,84003
173,32,31,110,3.955001011490822,106.904296875,18.87841895222664,113.16943359375,111.95068359375,INDIVIDUAL_ANNOTATOR_LOOP,with_mapper,1000plus,38,3.5792531219123127,84003
174,32,30,114,3.9749257266521454,107.0986328125,19.482331350445747,113.16943359375,111.95068359375,INDIVIDUAL_ANNOTATOR_LOOP,with_mapper,1000plus,38,3.5792531219123127,84003
175,32,28,114,4.0635839104652405,107.29296875,19.531125202775,113.16943359375,111.95068359375,INDIVIDUAL_ANNOTATOR_LOOP,with_mapper,1000plus,38,3.5792531219123127,84003
176,32,29,104,3.9599649608135223,107.4873046875,17.925262451171875,113.16943359375,111.95068359375,INDIVIDUAL_ANNOTATOR_LOOP,with_mapper,1000plus,38,3.5792531219123127,84003
177,32,33,104,4.308564588427544,107.681640625,17.770228907465935,113.16943359375,111.95068359375,INDIVIDUAL_ANNOTATOR_LOOP,with_mapper,1000plus,38,3.5792531219123127,84003
178,32,31,133,3.930017352104187,107.8759765625,22.45856262743473,113.169921875,111.951171875,INDIVIDUAL_ANNOTATOR_LOOP,with_mapper,1000plus,38,3.5792531219123127,84003
179,32,27,132,3.8754884153604507,108.07080078125,22.188125178217888,113.169921875,111.951171875,INDIVIDUAL_ANNOTATOR_LOOP,with_mapper,1000plus,38,3.5792531219123127,84003
180,32,29,133,3.9462577551603317,108.265625,22.557800635695457,113.169921875,111.951171875,INDIVIDUAL_ANNOTATOR_LOOP,with_mapper,1000plus,38,3.5792531219123127,84003
181,32,27,111,3.9818398654460907,108.46044921875,19.291844218969345,113.16943359375,111.95068359375,INDIVIDUAL_ANNOTATOR_LOOP,with_mapper,1000plus,38,3.5792531219123127,84003
182,32,29,110,4.053162410855293,108.65478515625,18.79957877099514,113.16943359375,111.95068359375,INDIVIDUAL_ANNOTATOR_LOOP,with_mapper,1000plus,38,3.5792531219123127,84003
183,32,28,129,3.9453934878110886,108.84912109375,21.69296145439148,113.169921875,111.951171875,INDIVIDUAL_ANNOTATOR_LOOP,with_mapper,1000plus,38,3.5792531219123127,84003
184,32,30,124,3.9352253079414368,109.0439453125,20.83718590438366,113.16943359375,111.95068359375,INDIVIDUAL_ANNOTATOR_LOOP,with_mapper,1000plus,38,3.5792531219123127,84003
185,32,28,107,3.9637796580791473,109.23828125,18.260611221194267,113.16943359375,111.95068359375,INDIVIDUAL_ANNOTATOR_LOOP,with_mapper,1000plus,38,3.5792531219123127,84003
186,32,26,92,4.095546901226044,109.4326171875,16.068344935774803,113.16943359375,111.95068359375,INDIVIDUAL_ANNOTATOR_LOOP,with_mapper,1000plus,38,3.5792531219123127,84003
187,32,30,109,4.347395151853561,109.626953125,18.563468009233475,113.16943359375,111.95068359375,INDIVIDUAL_ANNOTATOR_LOOP,with_mapper,1000plus,38,3.5792531219123127,84003
188,32,31,116,3.9535686373710632,109.8212890625,19.844209775328636,113.16943359375,111.95068359375,INDIVIDUAL_ANNOTATOR_LOOP,with_mapper,1000plus,38,3.5792531219123127,84003
189,32,32,115,3.948809579014778,110.015625,19.520187750458717,113.16943359375,111.95068359375,INDIVIDUAL_ANNOTATOR_LOOP,with_mapper,1000plus,38,3.5792531219123127,84003
190,32,29,103,3.985712304711342,110.2099609375,17.613189294934273,113.16943359375,111.95068359375,INDIVIDUAL_ANNOTATOR_LOOP,with_mapper,1000plus,38,3.5792531219123127,84003
191,32,25,121,3.9672143757343292,110.404296875,20.606404170393944,113.16943359375,111.95068359375,INDIVIDUAL_ANNOTATOR_LOOP,with_mapper,1000plus,38,3.5792531219123127,84003
192,32,30,106,3.9719808846712112,110.5986328125,18.13485473394394,113.16943359375,111.95068359375,INDIVIDUAL_ANNOTATOR_LOOP,with_mapper,1000plus,38,3.5792531219123127,84003
193,32,29,147,3.8463156670331955,110.79296875,24.432286620140076,113.169921875,111.951171875,INDIVIDUAL_ANNOTATOR_LOOP,with_mapper,1000plus,38,3.5792531219123127,84003
194,32,26,121,3.9429720491170883,110.98779296875,20.44866792857647,113.16943359375,111.95068359375,INDIVIDUAL_ANNOTATOR_LOOP,with_mapper,1000plus,38,3.5792531219123127,84003
195,32,30,117,3.9824191480875015,111.18212890625,19.81453038752079,113.16943359375,111.95068359375,INDIVIDUAL_ANNOTATOR_LOOP,with_mapper,1000plus,38,3.5792531219123127,84003
196,32,31,120,3.937382251024246,111.37646484375,20.293205976486206,113.16943359375,111.95068359375,INDIVIDUAL_ANNOTATOR_LOOP,with_mapper,1000plus,38,3.5792531219123127,84003
197,32,34,110,3.9478037506341934,111.57080078125,19.16799135506153,113.16943359375,111.95068359375,INDIVIDUAL_ANNOTATOR_LOOP,with_mapper,1000plus,38,3.5792531219123127,84003
198,32,28,102,4.297278821468353,111.76513671875,17.506232485175133,113.16943359375,111.95068359375,INDIVIDUAL_ANNOTATOR_LOOP,with_mapper,1000plus,38,3.5792531219123127,84003
199,32,28,105,4.106605425477028,111.95947265625,18.68177019059658,113.16943359375,111.95068359375,INDIVIDUAL_ANNOTATOR_LOOP,with_mapper,1000plus,38,3.5792531219123127,84003
