batch_idx,batch_size,unique_annotators,total_annotators,collation_time_ms,collation_memory_peak_mb,forward_time_ms,forward_memory_peak_mb,forward_memory_current_mb,model_type,collator_type,config_name,dataset_total_annotators,dataset_avg_annotations_per_sample,dataset_size
0,32,59,78,1.5782024711370468,64.98046875,1.117883250117302,112.3994140625,111.1806640625,BASELINE_AGGREGATE,without_mapper,subsample_5000,5000,2.4919239066483625,127475
1,32,39,78,1.4797206968069077,65.171875,1.112407073378563,112.3994140625,111.1806640625,BASELINE_AGGREGATE,without_mapper,subsample_5000,5000,2.4919239066483625,127475
2,32,67,84,1.431407406926155,65.36328125,1.1105593293905258,112.3994140625,111.1806640625,BASELINE_AGGREGATE,without_mapper,subsample_5000,5000,2.4919239066483625,127475
3,32,50,79,1.7122551798820496,65.5546875,1.3244971632957458,112.3994140625,111.1806640625,BASELINE_AGGREGATE,without_mapper,subsample_5000,5000,2.4919239066483625,127475
4,32,56,74,1.4659538865089417,65.74609375,1.1687017977237701,112.3994140625,111.1806640625,BASELINE_AGGREGATE,without_mapper,subsample_5000,5000,2.4919239066483625,127475
5,32,47,82,1.4753323048353195,65.9375,1.1082477867603302,112.3994140625,111.1806640625,BASELINE_AGGREGATE,without_mapper,subsample_5000,5000,2.4919239066483625,127475
6,32,56,83,1.4983396977186203,66.12890625,1.133706420660019,112.3994140625,111.1806640625,BASELINE_AGGREGATE,without_mapper,subsample_5000,5000,2.4919239066483625,127475
7,32,67,84,1.4713797718286514,66.3203125,1.0939203202724457,112.3994140625,111.1806640625,BASELINE_AGGREGATE,without_mapper,subsample_5000,5000,2.4919239066483625,127475
8,32,60,74,1.5281159430742264,66.51171875,1.1212360113859177,112.3994140625,111.1806640625,BASELINE_AGGREGATE,without_mapper,subsample_5000,5000,2.4919239066483625,127475
9,32,50,81,1.4831777662038803,66.703125,1.1118464171886444,112.3994140625,111.1806640625,BASELINE_AGGREGATE,without_mapper,subsample_5000,5000,2.4919239066483625,127475
10,32,51,73,1.7243493348360062,66.89453125,1.1048167943954468,112.3994140625,111.1806640625,BASELINE_AGGREGATE,without_mapper,subsample_5000,5000,2.4919239066483625,127475
11,32,53,72,1.574687659740448,67.0859375,1.1100377887487411,112.3994140625,111.1806640625,BASELINE_AGGREGATE,without_mapper,subsample_5000,5000,2.4919239066483625,127475
12,32,60,87,1.5864316374063492,67.27734375,1.111537218093872,112.3994140625,111.1806640625,BASELINE_AGGREGATE,without_mapper,subsample_5000,5000,2.4919239066483625,127475
13,32,41,74,1.5556514263153076,67.46875,1.116689294576645,112.3994140625,111.1806640625,BASELINE_AGGREGATE,without_mapper,subsample_5000,5000,2.4919239066483625,127475
14,32,72,92,1.8235184252262115,67.66015625,1.112964004278183,112.3994140625,111.1806640625,BASELINE_AGGREGATE,without_mapper,subsample_5000,5000,2.4919239066483625,127475
15,32,54,77,1.532508060336113,67.8515625,1.1114757508039474,112.3994140625,111.1806640625,BASELINE_AGGREGATE,without_mapper,subsample_5000,5000,2.4919239066483625,127475
16,32,67,86,1.5320796519517899,68.04296875,1.1094938963651657,112.3994140625,111.1806640625,BASELINE_AGGREGATE,without_mapper,subsample_5000,5000,2.4919239066483625,127475
17,32,43,64,1.5801787376403809,68.234375,1.1123977601528168,112.3994140625,111.1806640625,BASELINE_AGGREGATE,without_mapper,subsample_5000,5000,2.4919239066483625,127475
18,32,47,71,1.5774741768836975,68.42578125,1.1043250560760498,112.3994140625,111.1806640625,BASELINE_AGGREGATE,without_mapper,subsample_5000,5000,2.4919239066483625,127475
19,32,75,90,1.4954209327697754,68.6171875,1.1139549314975739,112.3994140625,111.1806640625,BASELINE_AGGREGATE,without_mapper,subsample_5000,5000,2.4919239066483625,127475
20,32,42,73,1.5253238379955292,68.80859375,1.1113043874502182,112.3994140625,111.1806640625,BASELINE_AGGREGATE,without_mapper,subsample_5000,5000,2.4919239066483625,127475
21,32,43,59,1.6013327986001968,69.0,1.145828515291214,112.3994140625,111.1806640625,BASELINE_AGGREGATE,without_mapper,subsample_5000,5000,2.4919239066483625,127475
22,32,44,79,1.553194597363472,69.19140625,1.1079385876655579,112.3994140625,111.1806640625,BASELINE_AGGREGATE,without_mapper,subsample_5000,5000,2.4919239066483625,127475
23,32,47,72,1.53297558426857,69.3828125,1.1023357510566711,112.3994140625,111.1806640625,BASELINE_AGGREGATE,without_mapper,subsample_5000,5000,2.4919239066483625,127475
24,32,55,75,1.7794109880924225,69.57421875,1.116584986448288,112.3994140625,111.1806640625,BASELINE_AGGREGATE,without_mapper,subsample_5000,5000,2.4919239066483625,127475
25,32,70,91,1.4569051563739777,69.765625,1.1123381555080414,112.3994140625,111.1806640625,BASELINE_AGGREGATE,without_mapper,subsample_5000,5000,2.4919239066483625,127475
26,32,55,84,1.537822186946869,69.95703125,1.2749210000038147,112.3994140625,111.1806640625,BASELINE_AGGREGATE,without_mapper,subsample_5000,5000,2.4919239066483625,127475
27,32,68,90,1.4976151287555695,70.1484375,1.1703986674547195,112.3994140625,111.1806640625,BASELINE_AGGREGATE,without_mapper,subsample_5000,5000,2.4919239066483625,127475
28,32,56,76,1.5071723610162735,70.33984375,1.157611608505249,112.3994140625,111.1806640625,BASELINE_AGGREGATE,without_mapper,subsample_5000,5000,2.4919239066483625,127475
29,32,68,92,1.465117558836937,70.53125,1.1097174137830734,112.3994140625,111.1806640625,BASELINE_AGGREGATE,without_mapper,subsample_5000,5000,2.4919239066483625,127475
30,32,54,83,1.501563936471939,70.72265625,1.1301953345537186,112.3994140625,111.1806640625,BASELINE_AGGREGATE,without_mapper,subsample_5000,5000,2.4919239066483625,127475
31,32,59,80,1.5482660382986069,70.9140625,1.1054184287786484,112.3994140625,111.1806640625,BASELINE_AGGREGATE,without_mapper,subsample_5000,5000,2.4919239066483625,127475
32,32,49,71,1.5471149235963821,71.10546875,1.1141039431095123,112.3994140625,111.1806640625,BASELINE_AGGREGATE,without_mapper,subsample_5000,5000,2.4919239066483625,127475
33,32,66,90,1.5092603862285614,71.296875,1.1162273585796356,112.3994140625,111.1806640625,BASELINE_AGGREGATE,without_mapper,subsample_5000,5000,2.4919239066483625,127475
34,32,55,82,1.527879387140274,71.48828125,1.1093579232692719,112.3994140625,111.1806640625,BASELINE_AGGREGATE,without_mapper,subsample_5000,5000,2.4919239066483625,127475
35,32,46,72,1.8551982939243317,71.6796875,1.1230111122131348,112.3994140625,111.1806640625,BASELINE_AGGREGATE,without_mapper,subsample_5000,5000,2.4919239066483625,127475
36,32,54,79,1.5167482197284698,71.87109375,1.1156946420669556,112.3994140625,111.1806640625,BASELINE_AGGREGATE,without_mapper,subsample_5000,5000,2.4919239066483625,127475
37,32,69,90,1.5427730977535248,72.0625,1.1134669184684753,112.3994140625,111.1806640625,BASELINE_AGGREGATE,without_mapper,subsample_5000,5000,2.4919239066483625,127475
38,32,55,83,1.4732889831066132,72.25390625,1.1080242693424225,112.3994140625,111.1806640625,BASELINE_AGGREGATE,without_mapper,subsample_5000,5000,2.4919239066483625,127475
39,32,63,90,1.6243085265159607,72.4453125,1.133255660533905,112.3994140625,111.1806640625,BASELINE_AGGREGATE,without_mapper,subsample_5000,5000,2.4919239066483625,127475
40,32,68,79,1.5451908111572266,72.63671875,1.1202041059732437,112.3994140625,111.1806640625,BASELINE_AGGREGATE,without_mapper,subsample_5000,5000,2.4919239066483625,127475
41,32,62,89,1.4962758868932724,72.828125,1.1100061237812042,112.3994140625,111.1806640625,BASELINE_AGGREGATE,without_mapper,subsample_5000,5000,2.4919239066483625,127475
42,32,45,71,1.5100426971912384,73.01953125,1.1045616120100021,112.3994140625,111.1806640625,BASELINE_AGGREGATE,without_mapper,subsample_5000,5000,2.4919239066483625,127475
43,32,52,79,1.5227589756250381,73.2109375,1.1085309088230133,112.3994140625,111.1806640625,BASELINE_AGGREGATE,without_mapper,subsample_5000,5000,2.4919239066483625,127475
44,32,48,80,1.516999676823616,73.40234375,1.1109765619039536,112.3994140625,111.1806640625,BASELINE_AGGREGATE,without_mapper,subsample_5000,5000,2.4919239066483625,127475
45,32,50,77,1.7775651067495346,73.59375,1.108294352889061,112.3994140625,111.1806640625,BASELINE_AGGREGATE,without_mapper,subsample_5000,5000,2.4919239066483625,127475
46,32,53,72,1.5188250690698624,73.78515625,1.105302944779396,112.3994140625,111.1806640625,BASELINE_AGGREGATE,without_mapper,subsample_5000,5000,2.4919239066483625,127475
47,32,68,92,1.51076540350914,73.9765625,1.1266674846410751,112.3994140625,111.1806640625,BASELINE_AGGREGATE,without_mapper,subsample_5000,5000,2.4919239066483625,127475
48,32,64,88,1.4399141073226929,74.16796875,1.1073090136051178,112.3994140625,111.1806640625,BASELINE_AGGREGATE,without_mapper,subsample_5000,5000,2.4919239066483625,127475
49,32,58,80,1.5343241393566132,74.359375,1.1022351682186127,112.3994140625,111.1806640625,BASELINE_AGGREGATE,without_mapper,subsample_5000,5000,2.4919239066483625,127475
50,32,55,78,1.5388578176498413,74.55078125,1.1167209595441818,112.3994140625,111.1806640625,BASELINE_AGGREGATE,without_mapper,subsample_5000,5000,2.4919239066483625,127475
51,32,47,78,1.4848001301288605,74.7421875,1.1076629161834717,112.3994140625,111.1806640625,BASELINE_AGGREGATE,without_mapper,subsample_5000,5000,2.4919239066483625,127475
52,32,42,68,1.5614107251167297,74.93359375,1.1556316167116165,112.3994140625,111.1806640625,BASELINE_AGGREGATE,without_mapper,subsample_5000,5000,2.4919239066483625,127475
53,32,52,76,1.5416890382766724,75.125,1.1094901710748672,112.3994140625,111.1806640625,BASELINE_AGGREGATE,without_mapper,subsample_5000,5000,2.4919239066483625,127475
54,32,64,75,1.5702880918979645,75.31640625,1.13661028444767,112.3994140625,111.1806640625,BASELINE_AGGREGATE,without_mapper,subsample_5000,5000,2.4919239066483625,127475
55,32,47,63,1.8952637910842896,75.5078125,1.1258479207754135,112.3994140625,111.1806640625,BASELINE_AGGREGATE,without_mapper,subsample_5000,5000,2.4919239066483625,127475
56,32,66,89,1.4552362263202667,75.69921875,1.120246946811676,112.3994140625,111.1806640625,BASELINE_AGGREGATE,without_mapper,subsample_5000,5000,2.4919239066483625,127475
57,32,64,82,1.550646498799324,75.890625,1.1073816567659378,112.3994140625,111.1806640625,BASELINE_AGGREGATE,without_mapper,subsample_5000,5000,2.4919239066483625,127475
58,32,59,97,1.5009045600891113,76.08203125,1.1155307292938232,112.3994140625,111.1806640625,BASELINE_AGGREGATE,without_mapper,subsample_5000,5000,2.4919239066483625,127475
59,32,48,69,1.4896467328071594,76.2734375,1.1146366596221924,112.3994140625,111.1806640625,BASELINE_AGGREGATE,without_mapper,subsample_5000,5000,2.4919239066483625,127475
60,32,65,86,1.485329121351242,76.46484375,1.1087656021118164,112.3994140625,111.1806640625,BASELINE_AGGREGATE,without_mapper,subsample_5000,5000,2.4919239066483625,127475
61,32,59,82,1.4955662190914154,76.65625,1.1895820498466492,112.3994140625,111.1806640625,BASELINE_AGGREGATE,without_mapper,subsample_5000,5000,2.4919239066483625,127475
62,32,59,73,1.4965608716011047,76.84765625,1.1390745639801025,112.3994140625,111.1806640625,BASELINE_AGGREGATE,without_mapper,subsample_5000,5000,2.4919239066483625,127475
63,32,58,80,1.4849621802568436,77.0390625,1.1128876358270645,112.3994140625,111.1806640625,BASELINE_AGGREGATE,without_mapper,subsample_5000,5000,2.4919239066483625,127475
64,32,51,79,1.531105488538742,77.23046875,1.1148042976856232,112.3994140625,111.1806640625,BASELINE_AGGREGATE,without_mapper,subsample_5000,5000,2.4919239066483625,127475
65,32,58,82,1.51863694190979,77.421875,1.1199470609426498,112.3994140625,111.1806640625,BASELINE_AGGREGATE,without_mapper,subsample_5000,5000,2.4919239066483625,127475
66,32,49,75,1.814207062125206,77.61328125,1.116989180445671,112.3994140625,111.1806640625,BASELINE_AGGREGATE,without_mapper,subsample_5000,5000,2.4919239066483625,127475
67,32,60,81,1.4598555862903595,77.8046875,1.1003278195858002,112.3994140625,111.1806640625,BASELINE_AGGREGATE,without_mapper,subsample_5000,5000,2.4919239066483625,127475
68,32,58,73,1.4560800045728683,77.99609375,1.1084619909524918,112.3994140625,111.1806640625,BASELINE_AGGREGATE,without_mapper,subsample_5000,5000,2.4919239066483625,127475
69,32,57,82,1.5077237039804459,78.1875,1.1521298438310623,112.3994140625,111.1806640625,BASELINE_AGGREGATE,without_mapper,subsample_5000,5000,2.4919239066483625,127475
70,32,45,66,1.5497244894504547,78.37890625,1.108543947339058,112.3994140625,111.1806640625,BASELINE_AGGREGATE,without_mapper,subsample_5000,5000,2.4919239066483625,127475
71,32,53,74,1.5029795467853546,78.5703125,1.1046454310417175,112.3994140625,111.1806640625,BASELINE_AGGREGATE,without_mapper,subsample_5000,5000,2.4919239066483625,127475
72,32,58,91,1.5043355524539948,78.76171875,1.1134147644042969,112.3994140625,111.1806640625,BASELINE_AGGREGATE,without_mapper,subsample_5000,5000,2.4919239066483625,127475
73,32,52,73,1.6212742775678635,78.953125,1.1097528040409088,112.3994140625,111.1806640625,BASELINE_AGGREGATE,without_mapper,subsample_5000,5000,2.4919239066483625,127475
74,32,63,77,1.507829874753952,79.14453125,1.1164583265781403,112.3994140625,111.1806640625,BASELINE_AGGREGATE,without_mapper,subsample_5000,5000,2.4919239066483625,127475
75,32,55,86,1.486683264374733,79.3359375,1.2612994760274887,112.3994140625,111.1806640625,BASELINE_AGGREGATE,without_mapper,subsample_5000,5000,2.4919239066483625,127475
76,32,60,89,1.8083453178405762,79.52734375,1.161111518740654,112.3994140625,111.1806640625,BASELINE_AGGREGATE,without_mapper,subsample_5000,5000,2.4919239066483625,127475
77,32,58,85,1.4556795358657837,79.71875,1.1106468737125397,112.3994140625,111.1806640625,BASELINE_AGGREGATE,without_mapper,subsample_5000,5000,2.4919239066483625,127475
78,32,57,83,1.4571771025657654,79.91015625,1.1058561503887177,112.3994140625,111.1806640625,BASELINE_AGGREGATE,without_mapper,subsample_5000,5000,2.4919239066483625,127475
79,32,58,87,1.4924239367246628,80.1015625,1.1151637881994247,112.3994140625,111.1806640625,BASELINE_AGGREGATE,without_mapper,subsample_5000,5000,2.4919239066483625,127475
80,32,55,80,1.505836844444275,80.29296875,1.1240020394325256,112.3994140625,111.1806640625,BASELINE_AGGREGATE,without_mapper,subsample_5000,5000,2.4919239066483625,127475
81,32,60,78,1.5109088271856308,80.484375,1.1116303503513336,112.3994140625,111.1806640625,BASELINE_AGGREGATE,without_mapper,subsample_5000,5000,2.4919239066483625,127475
82,32,49,72,1.5161391347646713,80.67578125,1.1037681251764297,112.3994140625,111.1806640625,BASELINE_AGGREGATE,without_mapper,subsample_5000,5000,2.4919239066483625,127475
83,32,65,88,1.4589149504899979,80.8671875,1.0970570147037506,112.3994140625,111.1806640625,BASELINE_AGGREGATE,without_mapper,subsample_5000,5000,2.4919239066483625,127475
84,32,52,73,1.5156250447034836,81.05859375,1.1116359382867813,112.3994140625,111.1806640625,BASELINE_AGGREGATE,without_mapper,subsample_5000,5000,2.4919239066483625,127475
85,32,58,81,1.5293359756469727,81.25,1.1133961379528046,112.3994140625,111.1806640625,BASELINE_AGGREGATE,without_mapper,subsample_5000,5000,2.4919239066483625,127475
86,32,44,62,1.5260949730873108,81.44140625,1.1153928935527802,112.3994140625,111.1806640625,BASELINE_AGGREGATE,without_mapper,subsample_5000,5000,2.4919239066483625,127475
87,32,49,83,1.8123630434274673,81.6328125,1.1132527142763138,112.3994140625,111.1806640625,BASELINE_AGGREGATE,without_mapper,subsample_5000,5000,2.4919239066483625,127475
88,32,67,87,1.474093645811081,81.82421875,1.111537218093872,112.3994140625,111.1806640625,BASELINE_AGGREGATE,without_mapper,subsample_5000,5000,2.4919239066483625,127475
89,32,60,75,1.5629809349775314,82.015625,1.1166371405124664,112.3994140625,111.1806640625,BASELINE_AGGREGATE,without_mapper,subsample_5000,5000,2.4919239066483625,127475
90,32,55,73,1.5272051095962524,82.20703125,1.112561672925949,112.3994140625,111.1806640625,BASELINE_AGGREGATE,without_mapper,subsample_5000,5000,2.4919239066483625,127475
91,32,79,110,1.4203302562236786,82.3984375,1.1174008250236511,112.3994140625,111.1806640625,BASELINE_AGGREGATE,without_mapper,subsample_5000,5000,2.4919239066483625,127475
92,32,54,72,1.531444489955902,82.58984375,1.1110547930002213,112.3994140625,111.1806640625,BASELINE_AGGREGATE,without_mapper,subsample_5000,5000,2.4919239066483625,127475
93,32,73,94,1.4447905123233795,82.78125,1.115158200263977,112.3994140625,111.1806640625,BASELINE_AGGREGATE,without_mapper,subsample_5000,5000,2.4919239066483625,127475
94,32,53,85,1.4638770371675491,82.97265625,1.1085756123065948,112.3994140625,111.1806640625,BASELINE_AGGREGATE,without_mapper,subsample_5000,5000,2.4919239066483625,127475
95,32,61,76,1.6205310821533203,83.1640625,1.1131707578897476,112.3994140625,111.1806640625,BASELINE_AGGREGATE,without_mapper,subsample_5000,5000,2.4919239066483625,127475
96,32,52,80,1.5737023204565048,83.35546875,1.1102668941020966,112.3994140625,111.1806640625,BASELINE_AGGREGATE,without_mapper,subsample_5000,5000,2.4919239066483625,127475
97,32,40,70,1.8138401210308075,83.546875,1.1129528284072876,112.3994140625,111.1806640625,BASELINE_AGGREGATE,without_mapper,subsample_5000,5000,2.4919239066483625,127475
98,32,43,70,1.5657451003789902,83.73828125,1.1088158935308456,112.3994140625,111.1806640625,BASELINE_AGGREGATE,without_mapper,subsample_5000,5000,2.4919239066483625,127475
99,32,50,79,1.5543363988399506,83.9296875,1.1130403727293015,112.3994140625,111.1806640625,BASELINE_AGGREGATE,without_mapper,subsample_5000,5000,2.4919239066483625,127475
100,32,47,67,1.579195261001587,84.12109375,1.1083036661148071,112.3994140625,111.1806640625,BASELINE_AGGREGATE,without_mapper,subsample_5000,5000,2.4919239066483625,127475
101,32,51,80,1.5176385641098022,84.3125,1.109004020690918,112.3994140625,111.1806640625,BASELINE_AGGREGATE,without_mapper,subsample_5000,5000,2.4919239066483625,127475
102,32,69,90,1.4661774039268494,84.50390625,1.1185836046934128,112.3994140625,111.1806640625,BASELINE_AGGREGATE,without_mapper,subsample_5000,5000,2.4919239066483625,127475
103,32,54,76,1.5453509986400604,84.6953125,1.1005904525518417,112.3994140625,111.1806640625,BASELINE_AGGREGATE,without_mapper,subsample_5000,5000,2.4919239066483625,127475
104,32,52,74,1.5251990407705307,84.88671875,1.1121854186058044,112.3994140625,111.1806640625,BASELINE_AGGREGATE,without_mapper,subsample_5000,5000,2.4919239066483625,127475
105,32,55,90,1.4689546078443527,85.078125,1.103399321436882,112.3994140625,111.1806640625,BASELINE_AGGREGATE,without_mapper,subsample_5000,5000,2.4919239066483625,127475
106,32,52,70,1.5963856130838394,85.26953125,1.1091995984315872,112.3994140625,111.1806640625,BASELINE_AGGREGATE,without_mapper,subsample_5000,5000,2.4919239066483625,127475
107,32,54,72,1.5411842614412308,85.4609375,1.1520814150571823,112.3994140625,111.1806640625,BASELINE_AGGREGATE,without_mapper,subsample_5000,5000,2.4919239066483625,127475
108,32,55,79,1.7993636429309845,85.65234375,1.107543706893921,112.3994140625,111.1806640625,BASELINE_AGGREGATE,without_mapper,subsample_5000,5000,2.4919239066483625,127475
109,32,66,92,1.5386343002319336,85.84375,1.1142399162054062,112.3994140625,111.1806640625,BASELINE_AGGREGATE,without_mapper,subsample_5000,5000,2.4919239066483625,127475
110,32,63,81,1.541653648018837,86.03515625,1.1081546545028687,112.3994140625,111.1806640625,BASELINE_AGGREGATE,without_mapper,subsample_5000,5000,2.4919239066483625,127475
111,32,60,80,1.4881156384944916,86.2265625,1.1061187833547592,112.3994140625,111.1806640625,BASELINE_AGGREGATE,without_mapper,subsample_5000,5000,2.4919239066483625,127475
112,32,47,77,1.494305208325386,86.41796875,1.1165104806423187,112.3994140625,111.1806640625,BASELINE_AGGREGATE,without_mapper,subsample_5000,5000,2.4919239066483625,127475
113,32,64,93,1.4841873198747635,86.609375,1.1156722903251648,112.3994140625,111.1806640625,BASELINE_AGGREGATE,without_mapper,subsample_5000,5000,2.4919239066483625,127475
114,32,58,73,1.5560705214738846,86.80078125,1.1137034744024277,112.3994140625,111.1806640625,BASELINE_AGGREGATE,without_mapper,subsample_5000,5000,2.4919239066483625,127475
115,32,68,96,1.4811959117650986,86.9921875,1.1126212775707245,112.3994140625,111.1806640625,BASELINE_AGGREGATE,without_mapper,subsample_5000,5000,2.4919239066483625,127475
116,32,63,83,1.4419890940189362,87.18359375,1.1029113084077835,112.3994140625,111.1806640625,BASELINE_AGGREGATE,without_mapper,subsample_5000,5000,2.4919239066483625,127475
117,32,62,87,1.4954935759305954,87.375,1.1140238493680954,112.3994140625,111.1806640625,BASELINE_AGGREGATE,without_mapper,subsample_5000,5000,2.4919239066483625,127475
118,32,63,80,1.803634688258171,87.56640625,1.1175889521837234,112.3994140625,111.1806640625,BASELINE_AGGREGATE,without_mapper,subsample_5000,5000,2.4919239066483625,127475
119,32,54,81,1.508135348558426,87.7578125,1.1132881045341492,112.3994140625,111.1806640625,BASELINE_AGGREGATE,without_mapper,subsample_5000,5000,2.4919239066483625,127475
120,32,52,73,1.5598684549331665,87.94921875,1.1113118380308151,112.3994140625,111.1806640625,BASELINE_AGGREGATE,without_mapper,subsample_5000,5000,2.4919239066483625,127475
121,32,54,70,1.493087038397789,88.140625,1.1135097593069077,112.3994140625,111.1806640625,BASELINE_AGGREGATE,without_mapper,subsample_5000,5000,2.4919239066483625,127475
122,32,53,76,1.5525929629802704,88.33203125,1.1545754969120026,112.3994140625,111.1806640625,BASELINE_AGGREGATE,without_mapper,subsample_5000,5000,2.4919239066483625,127475
123,32,67,85,1.5180371701717377,88.5234375,1.1022146791219711,112.3994140625,111.1806640625,BASELINE_AGGREGATE,without_mapper,subsample_5000,5000,2.4919239066483625,127475
124,32,54,90,1.4862194657325745,88.71484375,1.106906682252884,112.3994140625,111.1806640625,BASELINE_AGGREGATE,without_mapper,subsample_5000,5000,2.4919239066483625,127475
125,32,44,76,1.529281958937645,88.90625,1.1130832135677338,112.3994140625,111.1806640625,BASELINE_AGGREGATE,without_mapper,subsample_5000,5000,2.4919239066483625,127475
126,32,63,78,1.4606881886720657,89.09765625,1.1069756001234055,112.3994140625,111.1806640625,BASELINE_AGGREGATE,without_mapper,subsample_5000,5000,2.4919239066483625,127475
127,32,47,75,1.5315357595682144,89.2890625,1.1078771203756332,112.3994140625,111.1806640625,BASELINE_AGGREGATE,without_mapper,subsample_5000,5000,2.4919239066483625,127475
128,32,46,71,1.5601441264152527,89.48046875,1.1125430464744568,112.3994140625,111.1806640625,BASELINE_AGGREGATE,without_mapper,subsample_5000,5000,2.4919239066483625,127475
129,32,59,78,1.7080381512641907,89.671875,1.1025480926036835,112.3994140625,111.1806640625,BASELINE_AGGREGATE,without_mapper,subsample_5000,5000,2.4919239066483625,127475
130,32,66,80,1.5771277248859406,89.86328125,1.1107046157121658,112.3994140625,111.1806640625,BASELINE_AGGREGATE,without_mapper,subsample_5000,5000,2.4919239066483625,127475
131,32,64,77,1.5212446451187134,90.0546875,1.157127320766449,112.3994140625,111.1806640625,BASELINE_AGGREGATE,without_mapper,subsample_5000,5000,2.4919239066483625,127475
132,32,46,73,1.4678370207548141,90.24609375,1.097584143280983,112.3994140625,111.1806640625,BASELINE_AGGREGATE,without_mapper,subsample_5000,5000,2.4919239066483625,127475
133,32,62,81,1.5282314270734787,90.4375,1.1186040937900543,112.3994140625,111.1806640625,BASELINE_AGGREGATE,without_mapper,subsample_5000,5000,2.4919239066483625,127475
134,32,48,81,1.49434432387352,90.62890625,1.1098403483629227,112.3994140625,111.1806640625,BASELINE_AGGREGATE,without_mapper,subsample_5000,5000,2.4919239066483625,127475
135,32,56,81,1.4542397111654282,90.8203125,1.1171046644449234,112.3994140625,111.1806640625,BASELINE_AGGREGATE,without_mapper,subsample_5000,5000,2.4919239066483625,127475
136,32,52,81,1.4627594500780106,91.01171875,1.167861744761467,112.3994140625,111.1806640625,BASELINE_AGGREGATE,without_mapper,subsample_5000,5000,2.4919239066483625,127475
137,32,57,83,1.5176422894001007,91.203125,1.183515414595604,112.3994140625,111.1806640625,BASELINE_AGGREGATE,without_mapper,subsample_5000,5000,2.4919239066483625,127475
138,32,57,80,1.4894325286149979,91.39453125,1.115657389163971,112.3994140625,111.1806640625,BASELINE_AGGREGATE,without_mapper,subsample_5000,5000,2.4919239066483625,127475
139,32,57,80,1.74776092171669,91.5859375,1.1019092053174973,112.3994140625,111.1806640625,BASELINE_AGGREGATE,without_mapper,subsample_5000,5000,2.4919239066483625,127475
140,32,45,75,1.494837924838066,91.77734375,1.10592320561409,112.3994140625,111.1806640625,BASELINE_AGGREGATE,without_mapper,subsample_5000,5000,2.4919239066483625,127475
141,32,51,70,1.4815982431173325,91.96875,1.1062826961278915,112.3994140625,111.1806640625,BASELINE_AGGREGATE,without_mapper,subsample_5000,5000,2.4919239066483625,127475
142,32,46,71,1.5160124748945236,92.16015625,1.110069453716278,112.3994140625,111.1806640625,BASELINE_AGGREGATE,without_mapper,subsample_5000,5000,2.4919239066483625,127475
143,32,65,80,1.5035681426525116,92.3515625,1.109858974814415,112.3994140625,111.1806640625,BASELINE_AGGREGATE,without_mapper,subsample_5000,5000,2.4919239066483625,127475
144,32,59,79,1.5075765550136566,92.54296875,1.112472265958786,112.3994140625,111.1806640625,BASELINE_AGGREGATE,without_mapper,subsample_5000,5000,2.4919239066483625,127475
145,32,52,87,1.4659855514764786,92.734375,1.1044759303331375,112.3994140625,111.1806640625,BASELINE_AGGREGATE,without_mapper,subsample_5000,5000,2.4919239066483625,127475
146,32,54,79,1.496555283665657,92.92578125,1.1071618646383286,112.3994140625,111.1806640625,BASELINE_AGGREGATE,without_mapper,subsample_5000,5000,2.4919239066483625,127475
147,32,54,78,1.5318859368562698,93.1171875,1.1127032339572906,112.3994140625,111.1806640625,BASELINE_AGGREGATE,without_mapper,subsample_5000,5000,2.4919239066483625,127475
148,32,76,92,1.4866571873426437,93.30859375,1.1086948215961456,112.3994140625,111.1806640625,BASELINE_AGGREGATE,without_mapper,subsample_5000,5000,2.4919239066483625,127475
149,32,54,78,1.552436500787735,93.5,1.1152159422636032,112.3994140625,111.1806640625,BASELINE_AGGREGATE,without_mapper,subsample_5000,5000,2.4919239066483625,127475
150,32,60,81,1.77697092294693,93.69140625,1.1119302362203598,112.3994140625,111.1806640625,BASELINE_AGGREGATE,without_mapper,subsample_5000,5000,2.4919239066483625,127475
151,32,60,85,1.4848839491605759,93.8828125,1.09916552901268,112.3994140625,111.1806640625,BASELINE_AGGREGATE,without_mapper,subsample_5000,5000,2.4919239066483625,127475
152,32,55,77,1.5140902251005173,94.07421875,1.1121761053800583,112.3994140625,111.1806640625,BASELINE_AGGREGATE,without_mapper,subsample_5000,5000,2.4919239066483625,127475
153,32,62,81,1.5009976923465729,94.265625,1.1061988770961761,112.3994140625,111.1806640625,BASELINE_AGGREGATE,without_mapper,subsample_5000,5000,2.4919239066483625,127475
154,32,61,82,1.4764443039894104,94.45703125,1.1098328977823257,112.3994140625,111.1806640625,BASELINE_AGGREGATE,without_mapper,subsample_5000,5000,2.4919239066483625,127475
155,32,57,75,1.5266630798578262,94.6484375,1.1188723146915436,112.3994140625,111.1806640625,BASELINE_AGGREGATE,without_mapper,subsample_5000,5000,2.4919239066483625,127475
156,32,57,78,1.4845840632915497,94.83984375,1.1146478354930878,112.3994140625,111.1806640625,BASELINE_AGGREGATE,without_mapper,subsample_5000,5000,2.4919239066483625,127475
157,32,66,95,1.4330651611089706,95.03125,1.1032260954380035,112.3994140625,111.1806640625,BASELINE_AGGREGATE,without_mapper,subsample_5000,5000,2.4919239066483625,127475
158,32,62,85,1.4682784676551819,95.22265625,1.150103285908699,112.3994140625,111.1806640625,BASELINE_AGGREGATE,without_mapper,subsample_5000,5000,2.4919239066483625,127475
159,32,54,71,1.5393588691949844,95.4140625,1.1073648929595947,112.3994140625,111.1806640625,BASELINE_AGGREGATE,without_mapper,subsample_5000,5000,2.4919239066483625,127475
160,32,61,84,1.7921403050422668,95.60546875,1.1078640818595886,112.3994140625,111.1806640625,BASELINE_AGGREGATE,without_mapper,subsample_5000,5000,2.4919239066483625,127475
161,32,50,69,1.5001818537712097,95.796875,1.1081453412771225,112.3994140625,111.1806640625,BASELINE_AGGREGATE,without_mapper,subsample_5000,5000,2.4919239066483625,127475
162,32,85,104,1.439712941646576,95.98828125,1.1103767901659012,112.3994140625,111.1806640625,BASELINE_AGGREGATE,without_mapper,subsample_5000,5000,2.4919239066483625,127475
163,32,65,83,1.4814157038927078,96.1796875,1.0990239679813385,112.3994140625,111.1806640625,BASELINE_AGGREGATE,without_mapper,subsample_5000,5000,2.4919239066483625,127475
164,32,36,61,1.807384192943573,96.37109375,1.108737662434578,112.3994140625,111.1806640625,BASELINE_AGGREGATE,without_mapper,subsample_5000,5000,2.4919239066483625,127475
165,32,58,89,1.5062056481838226,96.5625,1.1124853044748306,112.3994140625,111.1806640625,BASELINE_AGGREGATE,without_mapper,subsample_5000,5000,2.4919239066483625,127475
166,32,55,76,1.5628095716238022,96.75390625,1.1129658669233322,112.3994140625,111.1806640625,BASELINE_AGGREGATE,without_mapper,subsample_5000,5000,2.4919239066483625,127475
167,32,52,75,1.4313645660877228,96.9453125,1.1096838861703873,112.3994140625,111.1806640625,BASELINE_AGGREGATE,without_mapper,subsample_5000,5000,2.4919239066483625,127475
168,32,52,73,1.5354212373495102,97.13671875,1.1092610657215118,112.3994140625,111.1806640625,BASELINE_AGGREGATE,without_mapper,subsample_5000,5000,2.4919239066483625,127475
169,32,53,81,1.4788471162319183,97.328125,1.1111143976449966,112.3994140625,111.1806640625,BASELINE_AGGREGATE,without_mapper,subsample_5000,5000,2.4919239066483625,127475
170,32,55,73,1.8069371581077576,97.51953125,1.1045392602682114,112.3994140625,111.1806640625,BASELINE_AGGREGATE,without_mapper,subsample_5000,5000,2.4919239066483625,127475
171,32,47,94,1.4403462409973145,97.7109375,1.1097323149442673,112.3994140625,111.1806640625,BASELINE_AGGREGATE,without_mapper,subsample_5000,5000,2.4919239066483625,127475
172,32,52,77,1.459820196032524,97.90234375,1.13588385283947,112.3994140625,111.1806640625,BASELINE_AGGREGATE,without_mapper,subsample_5000,5000,2.4919239066483625,127475
173,32,51,73,1.5270709991455078,98.09375,1.1086296290159225,112.3994140625,111.1806640625,BASELINE_AGGREGATE,without_mapper,subsample_5000,5000,2.4919239066483625,127475
174,32,53,71,1.4906395226716995,98.28515625,1.107705757021904,112.3994140625,111.1806640625,BASELINE_AGGREGATE,without_mapper,subsample_5000,5000,2.4919239066483625,127475
175,32,55,78,1.5327651053667068,98.4765625,1.1090058833360672,112.3994140625,111.1806640625,BASELINE_AGGREGATE,without_mapper,subsample_5000,5000,2.4919239066483625,127475
176,32,56,79,1.5234015882015228,98.66796875,1.1176224797964096,112.3994140625,111.1806640625,BASELINE_AGGREGATE,without_mapper,subsample_5000,5000,2.4919239066483625,127475
177,32,53,80,1.4949440956115723,98.859375,1.1476464569568634,112.3994140625,111.1806640625,BASELINE_AGGREGATE,without_mapper,subsample_5000,5000,2.4919239066483625,127475
178,32,56,81,1.5046540647745132,99.05078125,1.1060778051614761,112.3994140625,111.1806640625,BASELINE_AGGREGATE,without_mapper,subsample_5000,5000,2.4919239066483625,127475
179,32,59,79,1.4947056770324707,99.2421875,1.1054929345846176,112.3994140625,111.1806640625,BASELINE_AGGREGATE,without_mapper,subsample_5000,5000,2.4919239066483625,127475
180,32,44,87,1.425107941031456,99.43359375,1.1100154370069504,112.3994140625,111.1806640625,BASELINE_AGGREGATE,without_mapper,subsample_5000,5000,2.4919239066483625,127475
181,32,51,74,1.8400289118289948,99.625,1.110229641199112,112.3994140625,111.1806640625,BASELINE_AGGREGATE,without_mapper,subsample_5000,5000,2.4919239066483625,127475
182,32,64,84,1.4851819723844528,99.81640625,1.1154692620038986,112.3994140625,111.1806640625,BASELINE_AGGREGATE,without_mapper,subsample_5000,5000,2.4919239066483625,127475
183,32,61,80,1.4441180974245071,100.0078125,1.1264123022556305,112.3994140625,111.1806640625,BASELINE_AGGREGATE,without_mapper,subsample_5000,5000,2.4919239066483625,127475
184,32,54,82,1.4490783214569092,100.19921875,1.151055097579956,112.3994140625,111.1806640625,BASELINE_AGGREGATE,without_mapper,subsample_5000,5000,2.4919239066483625,127475
185,32,48,76,1.4971289783716202,100.390625,1.1074021458625793,112.3994140625,111.1806640625,BASELINE_AGGREGATE,without_mapper,subsample_5000,5000,2.4919239066483625,127475
186,32,64,86,1.4289915561676025,100.58203125,1.1060740798711777,112.3994140625,111.1806640625,BASELINE_AGGREGATE,without_mapper,subsample_5000,5000,2.4919239066483625,127475
187,32,48,69,1.5465617179870605,100.7734375,1.1517442762851715,112.3994140625,111.1806640625,BASELINE_AGGREGATE,without_mapper,subsample_5000,5000,2.4919239066483625,127475
188,32,48,72,1.516507938504219,100.96484375,1.1098533868789673,112.3994140625,111.1806640625,BASELINE_AGGREGATE,without_mapper,subsample_5000,5000,2.4919239066483625,127475
189,32,48,73,1.479320228099823,101.15625,1.1112168431282043,112.3994140625,111.1806640625,BASELINE_AGGREGATE,without_mapper,subsample_5000,5000,2.4919239066483625,127475
190,32,59,83,1.4841742813587189,101.34765625,1.1059734970331192,112.3994140625,111.1806640625,BASELINE_AGGREGATE,without_mapper,subsample_5000,5000,2.4919239066483625,127475
191,32,51,71,1.789124682545662,101.5390625,1.1054836213588715,112.3994140625,111.1806640625,BASELINE_AGGREGATE,without_mapper,subsample_5000,5000,2.4919239066483625,127475
192,32,64,79,1.513032242655754,101.73046875,1.120641827583313,112.3994140625,111.1806640625,BASELINE_AGGREGATE,without_mapper,subsample_5000,5000,2.4919239066483625,127475
193,32,53,80,1.4711730182170868,101.921875,1.1866018176078796,112.3994140625,111.1806640625,BASELINE_AGGREGATE,without_mapper,subsample_5000,5000,2.4919239066483625,127475
194,32,47,68,1.5339050441980362,102.11328125,1.1039134114980698,112.3994140625,111.1806640625,BASELINE_AGGREGATE,without_mapper,subsample_5000,5000,2.4919239066483625,127475
195,32,63,80,1.466311514377594,102.3046875,1.117851585149765,112.3994140625,111.1806640625,BASELINE_AGGREGATE,without_mapper,subsample_5000,5000,2.4919239066483625,127475
196,32,63,97,1.4772415161132812,102.49609375,1.1086054146289825,112.3994140625,111.1806640625,BASELINE_AGGREGATE,without_mapper,subsample_5000,5000,2.4919239066483625,127475
197,32,82,89,1.4861393719911575,102.6875,1.1142753064632416,112.3994140625,111.1806640625,BASELINE_AGGREGATE,without_mapper,subsample_5000,5000,2.4919239066483625,127475
198,32,46,68,1.5296675264835358,102.87890625,1.1090748012065887,112.3994140625,111.1806640625,BASELINE_AGGREGATE,without_mapper,subsample_5000,5000,2.4919239066483625,127475
199,32,64,81,1.49441696703434,103.0703125,1.108383759856224,112.3994140625,111.1806640625,BASELINE_AGGREGATE,without_mapper,subsample_5000,5000,2.4919239066483625,127475
0,32,59,78,2.881506457924843,83.578125,1.7636027187108994,123.46728515625,122.24951171875,INDIVIDUAL_ANNOTATOR,with_mapper,subsample_5000,5000,2.4919239066483625,127475
1,32,39,78,2.8240475803613663,83.7724609375,1.6216803342103958,123.46826171875,122.24951171875,INDIVIDUAL_ANNOTATOR,with_mapper,subsample_5000,5000,2.4919239066483625,127475
2,32,67,84,2.8186701238155365,83.966796875,1.737622544169426,123.46826171875,122.24951171875,INDIVIDUAL_ANNOTATOR,with_mapper,subsample_5000,5000,2.4919239066483625,127475
3,32,50,79,3.0606836080551147,84.1611328125,1.6272198408842087,123.46826171875,122.24853515625,INDIVIDUAL_ANNOTATOR,with_mapper,subsample_5000,5000,2.4919239066483625,127475
4,32,56,74,2.8223078697919846,84.3544921875,1.640981063246727,123.46728515625,122.24951171875,INDIVIDUAL_ANNOTATOR,with_mapper,subsample_5000,5000,2.4919239066483625,127475
5,32,47,82,2.819545567035675,84.548828125,1.6153864562511444,123.46826171875,122.24951171875,INDIVIDUAL_ANNOTATOR,with_mapper,subsample_5000,5000,2.4919239066483625,127475
6,32,56,83,2.862444147467613,84.7431640625,1.626860350370407,123.46826171875,122.24951171875,INDIVIDUAL_ANNOTATOR,with_mapper,subsample_5000,5000,2.4919239066483625,127475
7,32,67,84,2.8699077665805817,84.9375,1.626117154955864,123.46826171875,122.25048828125,INDIVIDUAL_ANNOTATOR,with_mapper,subsample_5000,5000,2.4919239066483625,127475
8,32,60,74,2.8380136936903,85.1328125,1.612100750207901,123.46923828125,122.24853515625,INDIVIDUAL_ANNOTATOR,with_mapper,subsample_5000,5000,2.4919239066483625,127475
9,32,50,81,2.8403233736753464,85.326171875,1.628004014492035,123.46728515625,122.24951171875,INDIVIDUAL_ANNOTATOR,with_mapper,subsample_5000,5000,2.4919239066483625,127475
10,32,51,73,2.8752554208040237,85.5205078125,1.6389749944210052,123.46826171875,122.24951171875,INDIVIDUAL_ANNOTATOR,with_mapper,subsample_5000,5000,2.4919239066483625,127475
11,32,53,72,2.850860357284546,85.71484375,1.6275309026241302,123.46826171875,122.24951171875,INDIVIDUAL_ANNOTATOR,with_mapper,subsample_5000,5000,2.4919239066483625,127475
12,32,60,87,2.990810200572014,85.9091796875,1.6316045075654984,123.46826171875,122.24951171875,INDIVIDUAL_ANNOTATOR,with_mapper,subsample_5000,5000,2.4919239066483625,127475
13,32,41,74,3.102928400039673,86.103515625,1.6300119459629059,123.46826171875,122.24951171875,INDIVIDUAL_ANNOTATOR,with_mapper,subsample_5000,5000,2.4919239066483625,127475
14,32,72,92,2.836892381310463,86.2978515625,1.6988087445497513,123.46826171875,122.25048828125,INDIVIDUAL_ANNOTATOR,with_mapper,subsample_5000,5000,2.4919239066483625,127475
15,32,54,77,2.8377994894981384,86.4931640625,1.6228631138801575,123.46923828125,122.25048828125,INDIVIDUAL_ANNOTATOR,with_mapper,subsample_5000,5000,2.4919239066483625,127475
16,32,67,86,2.8430912643671036,86.6884765625,1.6394108533859253,123.46923828125,122.24951171875,INDIVIDUAL_ANNOTATOR,with_mapper,subsample_5000,5000,2.4919239066483625,127475
17,32,43,64,2.876894548535347,86.8828125,1.6353335231542587,123.4677734375,122.248046875,INDIVIDUAL_ANNOTATOR,with_mapper,subsample_5000,5000,2.4919239066483625,127475
18,32,47,71,2.846701070666313,87.07568359375,1.6325321048498154,123.46728515625,122.24951171875,INDIVIDUAL_ANNOTATOR,with_mapper,subsample_5000,5000,2.4919239066483625,127475
19,32,75,90,2.813519909977913,87.27001953125,1.630004495382309,123.46826171875,122.24951171875,INDIVIDUAL_ANNOTATOR,with_mapper,subsample_5000,5000,2.4919239066483625,127475
20,32,42,73,2.843128517270088,87.46435546875,1.605907455086708,123.46826171875,122.24853515625,INDIVIDUAL_ANNOTATOR,with_mapper,subsample_5000,5000,2.4919239066483625,127475
21,32,43,59,2.9069241136312485,87.65771484375,1.6179420053958893,123.466796875,122.248046875,INDIVIDUAL_ANNOTATOR,with_mapper,subsample_5000,5000,2.4919239066483625,127475
22,32,44,79,2.838367596268654,87.8505859375,1.6153603792190552,123.46728515625,122.24951171875,INDIVIDUAL_ANNOTATOR,with_mapper,subsample_5000,5000,2.4919239066483625,127475
23,32,47,72,3.089889883995056,88.044921875,1.6652140766382217,123.46826171875,122.24853515625,INDIVIDUAL_ANNOTATOR,with_mapper,subsample_5000,5000,2.4919239066483625,127475
24,32,55,75,2.8158817440271378,88.23828125,1.613149419426918,123.46728515625,122.24951171875,INDIVIDUAL_ANNOTATOR,with_mapper,subsample_5000,5000,2.4919239066483625,127475
25,32,70,91,2.7929898351430893,88.4326171875,1.646740362048149,123.46826171875,122.24951171875,INDIVIDUAL_ANNOTATOR,with_mapper,subsample_5000,5000,2.4919239066483625,127475
26,32,55,84,2.837086096405983,88.626953125,1.6251150518655777,123.46826171875,122.24951171875,INDIVIDUAL_ANNOTATOR,with_mapper,subsample_5000,5000,2.4919239066483625,127475
27,32,68,90,2.9646288603544235,88.8212890625,1.607116311788559,123.46826171875,122.24951171875,INDIVIDUAL_ANNOTATOR,with_mapper,subsample_5000,5000,2.4919239066483625,127475
28,32,56,76,2.8601139783859253,89.015625,1.613641157746315,123.46826171875,122.24951171875,INDIVIDUAL_ANNOTATOR,with_mapper,subsample_5000,5000,2.4919239066483625,127475
29,32,68,92,2.8414037078619003,89.2099609375,1.6224365681409836,123.46826171875,122.24951171875,INDIVIDUAL_ANNOTATOR,with_mapper,subsample_5000,5000,2.4919239066483625,127475
30,32,54,83,2.7915723621845245,89.404296875,1.6414448618888855,123.46826171875,122.24951171875,INDIVIDUAL_ANNOTATOR,with_mapper,subsample_5000,5000,2.4919239066483625,127475
31,32,59,80,2.8666574507951736,89.5986328125,1.884492114186287,123.46826171875,122.25048828125,INDIVIDUAL_ANNOTATOR,with_mapper,subsample_5000,5000,2.4919239066483625,127475
32,32,49,71,2.8470270335674286,89.7939453125,1.6208160668611526,123.46923828125,122.24853515625,INDIVIDUAL_ANNOTATOR,with_mapper,subsample_5000,5000,2.4919239066483625,127475
33,32,66,90,2.8319992125034332,89.9873046875,1.6348976641893387,123.46728515625,122.25048828125,INDIVIDUAL_ANNOTATOR,with_mapper,subsample_5000,5000,2.4919239066483625,127475
34,32,55,82,3.109212964773178,90.1826171875,1.6230251640081406,123.46923828125,122.24951171875,INDIVIDUAL_ANNOTATOR,with_mapper,subsample_5000,5000,2.4919239066483625,127475
35,32,46,72,2.9263123869895935,90.376953125,1.6253460198640823,123.46826171875,122.24951171875,INDIVIDUAL_ANNOTATOR,with_mapper,subsample_5000,5000,2.4919239066483625,127475
36,32,54,79,2.817712724208832,90.5712890625,1.6460269689559937,123.46826171875,122.25048828125,INDIVIDUAL_ANNOTATOR,with_mapper,subsample_5000,5000,2.4919239066483625,127475
37,32,69,90,2.8159040957689285,90.7666015625,1.6219615936279297,123.46923828125,122.24951171875,INDIVIDUAL_ANNOTATOR,with_mapper,subsample_5000,5000,2.4919239066483625,127475
38,32,55,83,2.8052330017089844,90.9609375,1.6113314777612686,123.46826171875,122.24951171875,INDIVIDUAL_ANNOTATOR,with_mapper,subsample_5000,5000,2.4919239066483625,127475
39,32,63,90,2.854513004422188,91.1552734375,1.6052480787038803,123.46826171875,122.25048828125,INDIVIDUAL_ANNOTATOR,with_mapper,subsample_5000,5000,2.4919239066483625,127475
40,32,68,79,2.8813593089580536,91.3505859375,1.6130749136209488,123.46923828125,122.24951171875,INDIVIDUAL_ANNOTATOR,with_mapper,subsample_5000,5000,2.4919239066483625,127475
41,32,62,89,2.8278641402721405,91.544921875,1.6799289733171463,123.46826171875,122.25048828125,INDIVIDUAL_ANNOTATOR,with_mapper,subsample_5000,5000,2.4919239066483625,127475
42,32,45,71,2.848152071237564,91.740234375,1.6264747828245163,123.46923828125,122.24951171875,INDIVIDUAL_ANNOTATOR,with_mapper,subsample_5000,5000,2.4919239066483625,127475
43,32,52,79,2.8499141335487366,91.9345703125,1.6048494726419449,123.46826171875,122.24951171875,INDIVIDUAL_ANNOTATOR,with_mapper,subsample_5000,5000,2.4919239066483625,127475
44,32,48,80,3.2064393162727356,92.12890625,1.6204062849283218,123.46826171875,122.25048828125,INDIVIDUAL_ANNOTATOR,with_mapper,subsample_5000,5000,2.4919239066483625,127475
45,32,50,77,2.805352210998535,92.32421875,1.6418024897575378,123.46923828125,122.24951171875,INDIVIDUAL_ANNOTATOR,with_mapper,subsample_5000,5000,2.4919239066483625,127475
46,32,53,72,2.8156936168670654,92.5185546875,1.622391864657402,123.46826171875,122.24951171875,INDIVIDUAL_ANNOTATOR,with_mapper,subsample_5000,5000,2.4919239066483625,127475
47,32,68,92,2.8590820729732513,92.712890625,1.6184281557798386,123.46826171875,122.24951171875,INDIVIDUAL_ANNOTATOR,with_mapper,subsample_5000,5000,2.4919239066483625,127475
48,32,64,88,2.769904211163521,92.9072265625,1.6384441405534744,123.46826171875,122.24951171875,INDIVIDUAL_ANNOTATOR,with_mapper,subsample_5000,5000,2.4919239066483625,127475
49,32,58,80,2.8559956699609756,93.1015625,1.761648803949356,123.46826171875,122.24951171875,INDIVIDUAL_ANNOTATOR,with_mapper,subsample_5000,5000,2.4919239066483625,127475
50,32,55,78,2.853836864233017,93.2958984375,1.6774311661720276,123.46826171875,122.24951171875,INDIVIDUAL_ANNOTATOR,with_mapper,subsample_5000,5000,2.4919239066483625,127475
51,32,47,78,2.8089284896850586,93.490234375,1.6187764704227448,123.46826171875,122.24951171875,INDIVIDUAL_ANNOTATOR,with_mapper,subsample_5000,5000,2.4919239066483625,127475
52,32,42,68,2.848271280527115,93.6845703125,1.630190759897232,123.46826171875,122.24951171875,INDIVIDUAL_ANNOTATOR,with_mapper,subsample_5000,5000,2.4919239066483625,127475
53,32,52,76,2.8628408908843994,93.87890625,1.6768965870141983,123.46826171875,122.25048828125,INDIVIDUAL_ANNOTATOR,with_mapper,subsample_5000,5000,2.4919239066483625,127475
54,32,64,75,3.1274110078811646,94.07421875,1.6266610473394394,123.46923828125,122.24951171875,INDIVIDUAL_ANNOTATOR,with_mapper,subsample_5000,5000,2.4919239066483625,127475
55,32,47,63,2.9292795807123184,94.2685546875,1.6349274665117264,123.4677734375,122.25,INDIVIDUAL_ANNOTATOR,with_mapper,subsample_5000,5000,2.4919239066483625,127475
56,32,66,89,2.8037820011377335,94.46337890625,1.6260650008916855,123.46923828125,122.24951171875,INDIVIDUAL_ANNOTATOR,with_mapper,subsample_5000,5000,2.4919239066483625,127475
57,32,64,82,2.892307937145233,94.65771484375,1.60963274538517,123.46826171875,122.25048828125,INDIVIDUAL_ANNOTATOR,with_mapper,subsample_5000,5000,2.4919239066483625,127475
58,32,59,97,2.8016548603773117,94.85302734375,1.6139186918735504,123.46923828125,122.24951171875,INDIVIDUAL_ANNOTATOR,with_mapper,subsample_5000,5000,2.4919239066483625,127475
59,32,48,69,2.7783475816249847,95.04736328125,1.6186684370040894,123.46826171875,122.24951171875,INDIVIDUAL_ANNOTATOR,with_mapper,subsample_5000,5000,2.4919239066483625,127475
60,32,65,86,2.7972720563411713,95.24169921875,1.61830335855484,123.46826171875,122.24951171875,INDIVIDUAL_ANNOTATOR,with_mapper,subsample_5000,5000,2.4919239066483625,127475
61,32,59,82,2.8068143874406815,95.43603515625,1.6120225191116333,123.46826171875,122.25048828125,INDIVIDUAL_ANNOTATOR,with_mapper,subsample_5000,5000,2.4919239066483625,127475
62,32,59,73,2.831321209669113,95.63134765625,1.616956666111946,123.46923828125,122.24853515625,INDIVIDUAL_ANNOTATOR,with_mapper,subsample_5000,5000,2.4919239066483625,127475
63,32,58,80,2.8050728142261505,95.82470703125,1.6027912497520447,123.46728515625,122.24951171875,INDIVIDUAL_ANNOTATOR,with_mapper,subsample_5000,5000,2.4919239066483625,127475
64,32,51,79,3.1243376433849335,96.01904296875,1.630287617444992,123.46826171875,122.24951171875,INDIVIDUAL_ANNOTATOR,with_mapper,subsample_5000,5000,2.4919239066483625,127475
65,32,58,82,2.8476230800151825,96.21337890625,1.61704421043396,123.46826171875,122.24951171875,INDIVIDUAL_ANNOTATOR,with_mapper,subsample_5000,5000,2.4919239066483625,127475
66,32,49,75,2.8389468789100647,96.40771484375,1.60948745906353,123.46826171875,122.24951171875,INDIVIDUAL_ANNOTATOR,with_mapper,subsample_5000,5000,2.4919239066483625,127475
67,32,60,81,2.858642488718033,96.60205078125,1.6270987689495087,123.46826171875,122.24951171875,INDIVIDUAL_ANNOTATOR,with_mapper,subsample_5000,5000,2.4919239066483625,127475
68,32,58,73,2.7812477201223373,96.79638671875,1.6163233667612076,123.46826171875,122.24853515625,INDIVIDUAL_ANNOTATOR,with_mapper,subsample_5000,5000,2.4919239066483625,127475
69,32,57,82,2.8499774634838104,96.98974609375,1.6308296471834183,123.46728515625,122.25048828125,INDIVIDUAL_ANNOTATOR,with_mapper,subsample_5000,5000,2.4919239066483625,127475
70,32,45,66,2.881934866309166,97.18505859375,1.6307998448610306,123.46923828125,122.24951171875,INDIVIDUAL_ANNOTATOR,with_mapper,subsample_5000,5000,2.4919239066483625,127475
71,32,53,74,2.8305966407060623,97.37939453125,1.6091130673885345,123.46826171875,122.24853515625,INDIVIDUAL_ANNOTATOR,with_mapper,subsample_5000,5000,2.4919239066483625,127475
72,32,58,91,2.8443485498428345,97.57275390625,1.638544723391533,123.46728515625,122.25048828125,INDIVIDUAL_ANNOTATOR,with_mapper,subsample_5000,5000,2.4919239066483625,127475
73,32,52,73,2.8205551207065582,97.76806640625,1.619568094611168,123.46923828125,122.24951171875,INDIVIDUAL_ANNOTATOR,with_mapper,subsample_5000,5000,2.4919239066483625,127475
74,32,63,77,2.8075724840164185,97.96240234375,1.6273558139801025,123.46826171875,122.24951171875,INDIVIDUAL_ANNOTATOR,with_mapper,subsample_5000,5000,2.4919239066483625,127475
75,32,55,86,3.066297620534897,98.15673828125,1.6238316893577576,123.46826171875,122.25048828125,INDIVIDUAL_ANNOTATOR,with_mapper,subsample_5000,5000,2.4919239066483625,127475
76,32,60,89,2.9160548001527786,98.35205078125,1.6081258654594421,123.46923828125,122.25048828125,INDIVIDUAL_ANNOTATOR,with_mapper,subsample_5000,5000,2.4919239066483625,127475
77,32,58,85,2.815917134284973,98.54736328125,1.6201585531234741,123.46923828125,122.25048828125,INDIVIDUAL_ANNOTATOR,with_mapper,subsample_5000,5000,2.4919239066483625,127475
78,32,57,83,2.841684967279434,98.74267578125,1.6229338943958282,123.46923828125,122.24951171875,INDIVIDUAL_ANNOTATOR,with_mapper,subsample_5000,5000,2.4919239066483625,127475
79,32,58,87,2.794107422232628,98.93701171875,1.8297228962182999,123.46826171875,122.24951171875,INDIVIDUAL_ANNOTATOR,with_mapper,subsample_5000,5000,2.4919239066483625,127475
80,32,55,80,2.8341468423604965,99.13134765625,1.6373638063669205,123.46826171875,122.24951171875,INDIVIDUAL_ANNOTATOR,with_mapper,subsample_5000,5000,2.4919239066483625,127475
81,32,60,78,2.8454791754484177,99.32568359375,1.6099568456411362,123.46826171875,122.24951171875,INDIVIDUAL_ANNOTATOR,with_mapper,subsample_5000,5000,2.4919239066483625,127475
82,32,49,72,2.835068851709366,99.52001953125,1.6337763518095016,123.46826171875,122.24951171875,INDIVIDUAL_ANNOTATOR,with_mapper,subsample_5000,5000,2.4919239066483625,127475
83,32,65,88,2.8108227998018265,99.71435546875,1.6096830368041992,123.46826171875,122.25048828125,INDIVIDUAL_ANNOTATOR,with_mapper,subsample_5000,5000,2.4919239066483625,127475
84,32,52,73,2.851990982890129,99.90966796875,1.6071982681751251,123.46923828125,122.24951171875,INDIVIDUAL_ANNOTATOR,with_mapper,subsample_5000,5000,2.4919239066483625,127475
85,32,58,81,3.1104572117328644,100.10400390625,1.620810478925705,123.46826171875,122.24951171875,INDIVIDUAL_ANNOTATOR,with_mapper,subsample_5000,5000,2.4919239066483625,127475
86,32,44,62,2.875087782740593,100.29833984375,1.6250405460596085,123.4677734375,122.2490234375,INDIVIDUAL_ANNOTATOR,with_mapper,subsample_5000,5000,2.4919239066483625,127475
87,32,49,83,2.8582103550434113,100.4921875,1.6219355165958405,123.46826171875,122.24951171875,INDIVIDUAL_ANNOTATOR,with_mapper,subsample_5000,5000,2.4919239066483625,127475
88,32,67,87,2.9139891266822815,100.6865234375,1.6225986182689667,123.46826171875,122.25048828125,INDIVIDUAL_ANNOTATOR,with_mapper,subsample_5000,5000,2.4919239066483625,127475
89,32,60,75,2.8524380177259445,100.8818359375,1.6067326068878174,123.46923828125,122.24951171875,INDIVIDUAL_ANNOTATOR,with_mapper,subsample_5000,5000,2.4919239066483625,127475
90,32,55,73,2.85966694355011,101.076171875,1.6483590006828308,123.46826171875,122.24951171875,INDIVIDUAL_ANNOTATOR,with_mapper,subsample_5000,5000,2.4919239066483625,127475
91,32,79,110,2.8187166899442673,101.2705078125,1.622295007109642,123.46826171875,122.25048828125,INDIVIDUAL_ANNOTATOR,with_mapper,subsample_5000,5000,2.4919239066483625,127475
92,32,54,72,2.8547290712594986,101.4658203125,1.6307495534420013,123.46923828125,122.24951171875,INDIVIDUAL_ANNOTATOR,with_mapper,subsample_5000,5000,2.4919239066483625,127475
93,32,73,94,2.8134118765592575,101.66015625,1.689547672867775,123.46826171875,122.24951171875,INDIVIDUAL_ANNOTATOR,with_mapper,subsample_5000,5000,2.4919239066483625,127475
94,32,53,85,2.7889758348464966,101.8544921875,1.609068363904953,123.46826171875,122.24951171875,INDIVIDUAL_ANNOTATOR,with_mapper,subsample_5000,5000,2.4919239066483625,127475
95,32,61,76,3.0680689960718155,102.048828125,1.6254447400569916,123.46826171875,122.25048828125,INDIVIDUAL_ANNOTATOR,with_mapper,subsample_5000,5000,2.4919239066483625,127475
96,32,52,80,2.856992185115814,102.244140625,1.7862878739833832,123.46923828125,122.24951171875,INDIVIDUAL_ANNOTATOR,with_mapper,subsample_5000,5000,2.4919239066483625,127475
97,32,40,70,2.8087086975574493,102.4384765625,1.6231536865234375,123.46826171875,122.24951171875,INDIVIDUAL_ANNOTATOR,with_mapper,subsample_5000,5000,2.4919239066483625,127475
98,32,43,70,2.8568990528583527,102.6328125,1.7133764922618866,123.46826171875,122.24951171875,INDIVIDUAL_ANNOTATOR,with_mapper,subsample_5000,5000,2.4919239066483625,127475
99,32,50,79,2.9609575867652893,102.8271484375,1.6165003180503845,123.46826171875,122.24951171875,INDIVIDUAL_ANNOTATOR,with_mapper,subsample_5000,5000,2.4919239066483625,127475
100,32,47,67,2.8483234345912933,103.021484375,1.7697643488645554,123.46826171875,122.24951171875,INDIVIDUAL_ANNOTATOR,with_mapper,subsample_5000,5000,2.4919239066483625,127475
101,32,51,80,2.882339060306549,103.2158203125,1.6261842101812363,123.46826171875,122.24951171875,INDIVIDUAL_ANNOTATOR,with_mapper,subsample_5000,5000,2.4919239066483625,127475
102,32,69,90,2.8521623462438583,103.41015625,1.6098041087388992,123.46826171875,122.24951171875,INDIVIDUAL_ANNOTATOR,with_mapper,subsample_5000,5000,2.4919239066483625,127475
103,32,54,76,2.8812289237976074,103.6044921875,1.6248766332864761,123.46826171875,122.24951171875,INDIVIDUAL_ANNOTATOR,with_mapper,subsample_5000,5000,2.4919239066483625,127475
104,32,52,74,2.8746742755174637,103.798828125,1.6167182475328445,123.46826171875,122.24951171875,INDIVIDUAL_ANNOTATOR,with_mapper,subsample_5000,5000,2.4919239066483625,127475
105,32,55,90,2.776945009827614,103.9931640625,1.6294941306114197,123.46826171875,122.24951171875,INDIVIDUAL_ANNOTATOR,with_mapper,subsample_5000,5000,2.4919239066483625,127475
106,32,52,70,3.1332820653915405,104.1875,1.654159277677536,123.46826171875,122.24951171875,INDIVIDUAL_ANNOTATOR,with_mapper,subsample_5000,5000,2.4919239066483625,127475
107,32,54,72,2.8067994862794876,104.3818359375,1.6305558383464813,123.46826171875,122.24853515625,INDIVIDUAL_ANNOTATOR,with_mapper,subsample_5000,5000,2.4919239066483625,127475
108,32,55,79,2.8547272086143494,104.5751953125,1.6280915588140488,123.46728515625,122.24951171875,INDIVIDUAL_ANNOTATOR,with_mapper,subsample_5000,5000,2.4919239066483625,127475
109,32,66,92,2.8941482305526733,104.76953125,1.6377251595258713,123.46826171875,122.25048828125,INDIVIDUAL_ANNOTATOR,with_mapper,subsample_5000,5000,2.4919239066483625,127475
110,32,63,81,2.8137601912021637,104.96484375,1.624125987291336,123.46923828125,122.24951171875,INDIVIDUAL_ANNOTATOR,with_mapper,subsample_5000,5000,2.4919239066483625,127475
111,32,60,80,2.796666696667671,105.1591796875,1.6336943954229355,123.46826171875,122.24951171875,INDIVIDUAL_ANNOTATOR,with_mapper,subsample_5000,5000,2.4919239066483625,127475
112,32,47,77,2.793688327074051,105.353515625,1.6234572976827621,123.46826171875,122.24951171875,INDIVIDUAL_ANNOTATOR,with_mapper,subsample_5000,5000,2.4919239066483625,127475
113,32,64,93,2.8066113591194153,105.5478515625,1.6811378300189972,123.46826171875,122.24951171875,INDIVIDUAL_ANNOTATOR,with_mapper,subsample_5000,5000,2.4919239066483625,127475
114,32,58,73,2.8609707951545715,105.7421875,1.6097035259008408,123.46826171875,122.24853515625,INDIVIDUAL_ANNOTATOR,with_mapper,subsample_5000,5000,2.4919239066483625,127475
115,32,68,96,2.7958638966083527,105.935546875,1.6351956874132156,123.46728515625,122.25048828125,INDIVIDUAL_ANNOTATOR,with_mapper,subsample_5000,5000,2.4919239066483625,127475
116,32,63,83,2.9996465891599655,106.130859375,1.6200337558984756,123.46923828125,122.24951171875,INDIVIDUAL_ANNOTATOR,with_mapper,subsample_5000,5000,2.4919239066483625,127475
117,32,62,87,2.79436819255352,106.3251953125,1.6318131238222122,123.46826171875,122.25048828125,INDIVIDUAL_ANNOTATOR,with_mapper,subsample_5000,5000,2.4919239066483625,127475
118,32,63,80,2.8721652925014496,106.5205078125,1.609964296221733,123.46923828125,122.24951171875,INDIVIDUAL_ANNOTATOR,with_mapper,subsample_5000,5000,2.4919239066483625,127475
119,32,54,81,2.7951058000326157,106.71484375,1.6087330877780914,123.46826171875,122.24951171875,INDIVIDUAL_ANNOTATOR,with_mapper,subsample_5000,5000,2.4919239066483625,127475
120,32,52,73,2.836722880601883,106.9091796875,1.6044117510318756,123.46826171875,122.24951171875,INDIVIDUAL_ANNOTATOR,with_mapper,subsample_5000,5000,2.4919239066483625,127475
121,32,54,70,2.780050039291382,107.103515625,1.6440842300653458,123.46826171875,122.24853515625,INDIVIDUAL_ANNOTATOR,with_mapper,subsample_5000,5000,2.4919239066483625,127475
122,32,53,76,2.7716998010873795,107.296875,1.6143843531608582,123.46728515625,122.24853515625,INDIVIDUAL_ANNOTATOR,with_mapper,subsample_5000,5000,2.4919239066483625,127475
123,32,67,85,2.846943214535713,107.490234375,1.6161445528268814,123.46728515625,122.24951171875,INDIVIDUAL_ANNOTATOR,with_mapper,subsample_5000,5000,2.4919239066483625,127475
124,32,54,90,2.77501717209816,107.6845703125,1.6240142285823822,123.46826171875,122.24951171875,INDIVIDUAL_ANNOTATOR,with_mapper,subsample_5000,5000,2.4919239066483625,127475
125,32,44,76,2.8823111206293106,107.87890625,1.6229767352342606,123.46826171875,122.24951171875,INDIVIDUAL_ANNOTATOR,with_mapper,subsample_5000,5000,2.4919239066483625,127475
126,32,63,78,3.0319280922412872,108.0732421875,1.6327835619449615,123.46826171875,122.24951171875,INDIVIDUAL_ANNOTATOR,with_mapper,subsample_5000,5000,2.4919239066483625,127475
127,32,47,75,2.7923583984375,108.267578125,1.773633062839508,123.46826171875,122.24951171875,INDIVIDUAL_ANNOTATOR,with_mapper,subsample_5000,5000,2.4919239066483625,127475
128,32,46,71,2.8703249990940094,108.4619140625,1.617666333913803,123.46826171875,122.24951171875,INDIVIDUAL_ANNOTATOR,with_mapper,subsample_5000,5000,2.4919239066483625,127475
129,32,59,78,2.78627872467041,108.65625,1.634376123547554,123.46826171875,122.24951171875,INDIVIDUAL_ANNOTATOR,with_mapper,subsample_5000,5000,2.4919239066483625,127475
130,32,66,80,2.859959378838539,108.8505859375,1.629183068871498,123.46826171875,122.25048828125,INDIVIDUAL_ANNOTATOR,with_mapper,subsample_5000,5000,2.4919239066483625,127475
131,32,64,77,2.8426889330148697,109.0458984375,1.6147904098033905,123.46923828125,122.24853515625,INDIVIDUAL_ANNOTATOR,with_mapper,subsample_5000,5000,2.4919239066483625,127475
132,32,46,73,2.844329923391342,109.2392578125,1.625189557671547,123.46728515625,122.24853515625,INDIVIDUAL_ANNOTATOR,with_mapper,subsample_5000,5000,2.4919239066483625,127475
133,32,62,81,2.8413068503141403,109.4326171875,1.6070548444986343,123.46728515625,122.24951171875,INDIVIDUAL_ANNOTATOR,with_mapper,subsample_5000,5000,2.4919239066483625,127475
134,32,48,81,2.854224294424057,109.626953125,1.6734395176172256,123.46826171875,122.24951171875,INDIVIDUAL_ANNOTATOR,with_mapper,subsample_5000,5000,2.4919239066483625,127475
135,32,56,81,2.9070191085338593,109.8212890625,1.6314797103404999,123.46826171875,122.24951171875,INDIVIDUAL_ANNOTATOR,with_mapper,subsample_5000,5000,2.4919239066483625,127475
136,32,52,81,3.1437668949365616,110.015625,1.6286149621009827,123.46826171875,122.24951171875,INDIVIDUAL_ANNOTATOR,with_mapper,subsample_5000,5000,2.4919239066483625,127475
137,32,57,83,2.915075048804283,110.2099609375,1.6475915908813477,123.46826171875,122.24951171875,INDIVIDUAL_ANNOTATOR,with_mapper,subsample_5000,5000,2.4919239066483625,127475
138,32,57,80,2.939576283097267,110.404296875,1.6085468232631683,123.46826171875,122.24951171875,INDIVIDUAL_ANNOTATOR,with_mapper,subsample_5000,5000,2.4919239066483625,127475
139,32,57,80,2.9263850301504135,110.5986328125,1.641320064663887,123.46826171875,122.24853515625,INDIVIDUAL_ANNOTATOR,with_mapper,subsample_5000,5000,2.4919239066483625,127475
140,32,45,75,2.8106123208999634,110.7919921875,1.6389712691307068,123.46728515625,122.24853515625,INDIVIDUAL_ANNOTATOR,with_mapper,subsample_5000,5000,2.4919239066483625,127475
141,32,51,70,2.8185322880744934,110.9853515625,1.6085971146821976,123.46728515625,122.24853515625,INDIVIDUAL_ANNOTATOR,with_mapper,subsample_5000,5000,2.4919239066483625,127475
142,32,46,71,2.836601808667183,111.1787109375,1.921050250530243,123.46728515625,122.24951171875,INDIVIDUAL_ANNOTATOR,with_mapper,subsample_5000,5000,2.4919239066483625,127475
143,32,65,80,2.833159640431404,111.373046875,1.6487222164869308,123.46826171875,122.25048828125,INDIVIDUAL_ANNOTATOR,with_mapper,subsample_5000,5000,2.4919239066483625,127475
144,32,59,79,2.843007445335388,111.568359375,1.6474835574626923,123.46923828125,122.24951171875,INDIVIDUAL_ANNOTATOR,with_mapper,subsample_5000,5000,2.4919239066483625,127475
145,32,52,87,2.818737179040909,111.7626953125,1.6464851796627045,123.46826171875,122.25048828125,INDIVIDUAL_ANNOTATOR,with_mapper,subsample_5000,5000,2.4919239066483625,127475
146,32,54,79,2.817416563630104,111.9580078125,1.6209539026021957,123.46923828125,122.24951171875,INDIVIDUAL_ANNOTATOR,with_mapper,subsample_5000,5000,2.4919239066483625,127475
147,32,54,78,3.104493021965027,112.15234375,1.6277562826871872,123.46826171875,122.24951171875,INDIVIDUAL_ANNOTATOR,with_mapper,subsample_5000,5000,2.4919239066483625,127475
148,32,76,92,2.845531329512596,112.3466796875,1.654280349612236,123.46826171875,122.24951171875,INDIVIDUAL_ANNOTATOR,with_mapper,subsample_5000,5000,2.4919239066483625,127475
149,32,54,78,2.8475839644670486,112.541015625,1.6173552721738815,123.46826171875,122.24853515625,INDIVIDUAL_ANNOTATOR,with_mapper,subsample_5000,5000,2.4919239066483625,127475
150,32,60,81,2.845264971256256,112.734375,1.6308389604091644,123.46728515625,122.25048828125,INDIVIDUAL_ANNOTATOR,with_mapper,subsample_5000,5000,2.4919239066483625,127475
151,32,60,85,2.8368420898914337,112.9296875,1.666095107793808,123.46923828125,122.24951171875,INDIVIDUAL_ANNOTATOR,with_mapper,subsample_5000,5000,2.4919239066483625,127475
152,32,55,77,2.8267931193113327,113.1240234375,1.6201362013816833,123.46826171875,122.25048828125,INDIVIDUAL_ANNOTATOR,with_mapper,subsample_5000,5000,2.4919239066483625,127475
153,32,62,81,2.8269197791814804,113.3193359375,1.6262847930192947,123.46923828125,122.24951171875,INDIVIDUAL_ANNOTATOR,with_mapper,subsample_5000,5000,2.4919239066483625,127475
154,32,61,82,2.8526131063699722,113.513671875,1.6565937548875809,123.46826171875,122.24951171875,INDIVIDUAL_ANNOTATOR,with_mapper,subsample_5000,5000,2.4919239066483625,127475
155,32,57,75,3.2197926193475723,113.7080078125,1.6232635825872421,123.46826171875,122.24951171875,INDIVIDUAL_ANNOTATOR,with_mapper,subsample_5000,5000,2.4919239066483625,127475
156,32,57,78,2.8768759220838547,113.90234375,1.610511913895607,123.46826171875,122.25048828125,INDIVIDUAL_ANNOTATOR,with_mapper,subsample_5000,5000,2.4919239066483625,127475
157,32,66,95,3.1218621879816055,114.09765625,1.7062555998563766,123.46923828125,122.25048828125,INDIVIDUAL_ANNOTATOR,with_mapper,subsample_5000,5000,2.4919239066483625,127475
158,32,62,85,2.8990451246500015,114.29296875,1.6356073319911957,123.46923828125,122.24951171875,INDIVIDUAL_ANNOTATOR,with_mapper,subsample_5000,5000,2.4919239066483625,127475
159,32,54,71,2.9295533895492554,114.4873046875,1.6215555369853973,123.46826171875,122.24951171875,INDIVIDUAL_ANNOTATOR,with_mapper,subsample_5000,5000,2.4919239066483625,127475
160,32,61,84,2.9289163649082184,114.681640625,1.6347840428352356,123.46826171875,122.25048828125,INDIVIDUAL_ANNOTATOR,with_mapper,subsample_5000,5000,2.4919239066483625,127475
161,32,50,69,2.8658155351877213,114.876953125,1.6742683947086334,123.46923828125,122.24853515625,INDIVIDUAL_ANNOTATOR,with_mapper,subsample_5000,5000,2.4919239066483625,127475
162,32,85,104,2.846004441380501,115.0703125,1.6220193356275558,123.46728515625,122.25048828125,INDIVIDUAL_ANNOTATOR,with_mapper,subsample_5000,5000,2.4919239066483625,127475
163,32,65,83,2.8764400631189346,115.265625,1.664312556385994,123.46923828125,122.24951171875,INDIVIDUAL_ANNOTATOR,with_mapper,subsample_5000,5000,2.4919239066483625,127475
164,32,36,61,2.875363454222679,115.4599609375,1.6788095235824585,123.4677734375,122.248046875,INDIVIDUAL_ANNOTATOR,with_mapper,subsample_5000,5000,2.4919239066483625,127475
165,32,58,89,2.8701964765787125,115.65283203125,1.641005277633667,123.46728515625,122.24951171875,INDIVIDUAL_ANNOTATOR,with_mapper,subsample_5000,5000,2.4919239066483625,127475
166,32,55,76,2.884412184357643,115.84716796875,1.6230866312980652,123.46826171875,122.24951171875,INDIVIDUAL_ANNOTATOR,with_mapper,subsample_5000,5000,2.4919239066483625,127475
167,32,52,75,3.060096874833107,116.04150390625,1.6033444553613663,123.46826171875,122.24853515625,INDIVIDUAL_ANNOTATOR,with_mapper,subsample_5000,5000,2.4919239066483625,127475
168,32,52,73,3.0276086181402206,116.23486328125,1.6396567225456238,123.46728515625,122.24951171875,INDIVIDUAL_ANNOTATOR,with_mapper,subsample_5000,5000,2.4919239066483625,127475
169,32,53,81,2.8493404388427734,116.42919921875,1.6170293092727661,123.46826171875,122.25048828125,INDIVIDUAL_ANNOTATOR,with_mapper,subsample_5000,5000,2.4919239066483625,127475
170,32,55,73,2.8700269758701324,116.62451171875,1.6287639737129211,123.46923828125,122.24853515625,INDIVIDUAL_ANNOTATOR,with_mapper,subsample_5000,5000,2.4919239066483625,127475
171,32,47,94,2.8160028159618378,116.81787109375,1.685120165348053,123.46728515625,122.25048828125,INDIVIDUAL_ANNOTATOR,with_mapper,subsample_5000,5000,2.4919239066483625,127475
172,32,52,77,2.836989238858223,117.01318359375,1.6262531280517578,123.46923828125,122.24853515625,INDIVIDUAL_ANNOTATOR,with_mapper,subsample_5000,5000,2.4919239066483625,127475
173,32,51,73,2.830853685736656,117.20654296875,1.6229059547185898,123.46728515625,122.24951171875,INDIVIDUAL_ANNOTATOR,with_mapper,subsample_5000,5000,2.4919239066483625,127475
174,32,53,71,2.8774403035640717,117.40087890625,1.6129165887832642,123.46826171875,122.24951171875,INDIVIDUAL_ANNOTATOR,with_mapper,subsample_5000,5000,2.4919239066483625,127475
175,32,55,78,2.9213521629571915,117.59521484375,1.6108248382806778,123.46826171875,122.25048828125,INDIVIDUAL_ANNOTATOR,with_mapper,subsample_5000,5000,2.4919239066483625,127475
176,32,56,79,2.8883200138807297,117.79052734375,1.6315635293722153,123.46923828125,122.24951171875,INDIVIDUAL_ANNOTATOR,with_mapper,subsample_5000,5000,2.4919239066483625,127475
177,32,53,80,2.95061431825161,117.98486328125,1.6205739229917526,123.46826171875,122.24951171875,INDIVIDUAL_ANNOTATOR,with_mapper,subsample_5000,5000,2.4919239066483625,127475
178,32,56,81,3.1357035040855408,118.17919921875,1.6312263906002045,123.46826171875,122.24951171875,INDIVIDUAL_ANNOTATOR,with_mapper,subsample_5000,5000,2.4919239066483625,127475
179,32,59,79,2.9602013528347015,118.37353515625,1.6099326312541962,123.46826171875,122.24951171875,INDIVIDUAL_ANNOTATOR,with_mapper,subsample_5000,5000,2.4919239066483625,127475
180,32,44,87,2.810714766383171,118.56787109375,1.6387999057769775,123.46826171875,122.24951171875,INDIVIDUAL_ANNOTATOR,with_mapper,subsample_5000,5000,2.4919239066483625,127475
181,32,51,74,2.9198303818702698,118.76220703125,1.6154218465089798,123.46826171875,122.24951171875,INDIVIDUAL_ANNOTATOR,with_mapper,subsample_5000,5000,2.4919239066483625,127475
182,32,64,84,2.8672385960817337,118.95654296875,1.6197152435779572,123.46826171875,122.24951171875,INDIVIDUAL_ANNOTATOR,with_mapper,subsample_5000,5000,2.4919239066483625,127475
183,32,61,80,2.804897725582123,119.15087890625,1.6194488853216171,123.46826171875,122.24951171875,INDIVIDUAL_ANNOTATOR,with_mapper,subsample_5000,5000,2.4919239066483625,127475
184,32,54,82,2.813175320625305,119.34521484375,1.6456972807645798,123.46826171875,122.24951171875,INDIVIDUAL_ANNOTATOR,with_mapper,subsample_5000,5000,2.4919239066483625,127475
185,32,48,76,2.861473709344864,119.53955078125,1.7290208488702774,123.46826171875,122.24853515625,INDIVIDUAL_ANNOTATOR,with_mapper,subsample_5000,5000,2.4919239066483625,127475
186,32,64,86,2.8494801372289658,119.73291015625,1.649327576160431,123.46728515625,122.24853515625,INDIVIDUAL_ANNOTATOR,with_mapper,subsample_5000,5000,2.4919239066483625,127475
187,32,48,69,2.9207374900579453,119.92626953125,1.6083046793937683,123.46728515625,122.24853515625,INDIVIDUAL_ANNOTATOR,with_mapper,subsample_5000,5000,2.4919239066483625,127475
188,32,48,72,3.131827339529991,120.11962890625,1.624884083867073,123.46728515625,122.24853515625,INDIVIDUAL_ANNOTATOR,with_mapper,subsample_5000,5000,2.4919239066483625,127475
189,32,48,73,2.8146542608737946,120.31298828125,1.611890271306038,123.46728515625,122.24951171875,INDIVIDUAL_ANNOTATOR,with_mapper,subsample_5000,5000,2.4919239066483625,127475
190,32,59,83,2.902878448367119,120.50732421875,1.6326569020748138,123.46826171875,122.25048828125,INDIVIDUAL_ANNOTATOR,with_mapper,subsample_5000,5000,2.4919239066483625,127475
191,32,51,71,2.8754007071256638,120.70263671875,1.6060825437307358,123.46923828125,122.24951171875,INDIVIDUAL_ANNOTATOR,with_mapper,subsample_5000,5000,2.4919239066483625,127475
192,32,64,79,2.8925351798534393,120.89697265625,1.617424190044403,123.46826171875,122.24951171875,INDIVIDUAL_ANNOTATOR,with_mapper,subsample_5000,5000,2.4919239066483625,127475
193,32,53,80,2.839609980583191,121.09130859375,1.615189015865326,123.46826171875,122.24951171875,INDIVIDUAL_ANNOTATOR,with_mapper,subsample_5000,5000,2.4919239066483625,127475
194,32,47,68,2.8944965451955795,121.28564453125,1.6262922435998917,123.46826171875,122.24951171875,INDIVIDUAL_ANNOTATOR,with_mapper,subsample_5000,5000,2.4919239066483625,127475
195,32,63,80,2.8447099030017853,121.47998046875,1.6062818467617035,123.46826171875,122.24951171875,INDIVIDUAL_ANNOTATOR,with_mapper,subsample_5000,5000,2.4919239066483625,127475
196,32,63,97,2.8460193425416946,121.67431640625,1.6177762299776077,123.46826171875,122.25048828125,INDIVIDUAL_ANNOTATOR,with_mapper,subsample_5000,5000,2.4919239066483625,127475
197,32,82,89,2.863127738237381,121.86962890625,1.6123037785291672,123.46923828125,122.24951171875,INDIVIDUAL_ANNOTATOR,with_mapper,subsample_5000,5000,2.4919239066483625,127475
198,32,46,68,3.110252320766449,122.06396484375,1.628004014492035,123.46826171875,122.24853515625,INDIVIDUAL_ANNOTATOR,with_mapper,subsample_5000,5000,2.4919239066483625,127475
199,32,64,81,2.8846953064203262,122.25732421875,1.6019269824028015,123.46728515625,122.25048828125,INDIVIDUAL_ANNOTATOR,with_mapper,subsample_5000,5000,2.4919239066483625,127475
0,32,59,78,3.21265310049057,87.8125,11.437198147177696,127.70166015625,126.48388671875,INDIVIDUAL_ANNOTATOR_LOOP,with_mapper,subsample_5000,5000,2.4919239066483625,127475
1,32,39,78,2.8869323432445526,88.0068359375,11.384030804038048,127.70263671875,126.48388671875,INDIVIDUAL_ANNOTATOR_LOOP,with_mapper,subsample_5000,5000,2.4919239066483625,127475
2,32,67,84,2.917155623435974,88.201171875,13.26434314250946,127.70263671875,126.48388671875,INDIVIDUAL_ANNOTATOR_LOOP,with_mapper,subsample_5000,5000,2.4919239066483625,127475
3,32,50,79,2.847537398338318,88.3955078125,11.491203680634499,127.70263671875,126.48291015625,INDIVIDUAL_ANNOTATOR_LOOP,with_mapper,subsample_5000,5000,2.4919239066483625,127475
4,32,56,74,2.8951838612556458,88.5888671875,11.189335957169533,127.70166015625,126.48388671875,INDIVIDUAL_ANNOTATOR_LOOP,with_mapper,subsample_5000,5000,2.4919239066483625,127475
5,32,47,82,2.8838440775871277,88.783203125,11.856863275170326,127.70263671875,126.48388671875,INDIVIDUAL_ANNOTATOR_LOOP,with_mapper,subsample_5000,5000,2.4919239066483625,127475
6,32,56,83,2.9049236327409744,88.9775390625,12.036819010972977,127.70263671875,126.48388671875,INDIVIDUAL_ANNOTATOR_LOOP,with_mapper,subsample_5000,5000,2.4919239066483625,127475
7,32,67,84,2.902137115597725,89.171875,12.153441086411476,127.70263671875,126.48486328125,INDIVIDUAL_ANNOTATOR_LOOP,with_mapper,subsample_5000,5000,2.4919239066483625,127475
8,32,60,74,2.925017848610878,89.3671875,11.110832914710045,127.70361328125,126.48291015625,INDIVIDUAL_ANNOTATOR_LOOP,with_mapper,subsample_5000,5000,2.4919239066483625,127475
9,32,50,81,2.9186755418777466,89.560546875,11.763062328100204,127.70166015625,126.48388671875,INDIVIDUAL_ANNOTATOR_LOOP,with_mapper,subsample_5000,5000,2.4919239066483625,127475
10,32,51,73,3.1745359301567078,89.7548828125,10.75209490954876,127.70263671875,126.48388671875,INDIVIDUAL_ANNOTATOR_LOOP,with_mapper,subsample_5000,5000,2.4919239066483625,127475
11,32,53,72,2.9634591192007065,89.94921875,10.665606707334518,127.70263671875,126.48388671875,INDIVIDUAL_ANNOTATOR_LOOP,with_mapper,subsample_5000,5000,2.4919239066483625,127475
12,32,60,87,2.950211986899376,90.1435546875,12.583937495946884,127.70263671875,126.48388671875,INDIVIDUAL_ANNOTATOR_LOOP,with_mapper,subsample_5000,5000,2.4919239066483625,127475
13,32,41,74,2.953808754682541,90.337890625,10.904058814048767,127.70263671875,126.48388671875,INDIVIDUAL_ANNOTATOR_LOOP,with_mapper,subsample_5000,5000,2.4919239066483625,127475
14,32,72,92,2.9203537851572037,90.5322265625,13.003116473555565,127.70263671875,126.48486328125,INDIVIDUAL_ANNOTATOR_LOOP,with_mapper,subsample_5000,5000,2.4919239066483625,127475
15,32,54,77,2.916509285569191,90.7275390625,11.346278712153435,127.70361328125,126.48486328125,INDIVIDUAL_ANNOTATOR_LOOP,with_mapper,subsample_5000,5000,2.4919239066483625,127475
16,32,67,86,2.9198527336120605,90.9228515625,12.403707951307297,127.70361328125,126.48388671875,INDIVIDUAL_ANNOTATOR_LOOP,with_mapper,subsample_5000,5000,2.4919239066483625,127475
17,32,43,64,3.000376746058464,91.1171875,9.784283116459846,127.7021484375,126.482421875,INDIVIDUAL_ANNOTATOR_LOOP,with_mapper,subsample_5000,5000,2.4919239066483625,127475
18,32,47,71,3.0863191932439804,91.31005859375,10.580917820334435,127.70166015625,126.48388671875,INDIVIDUAL_ANNOTATOR_LOOP,with_mapper,subsample_5000,5000,2.4919239066483625,127475
19,32,75,90,2.8564929962158203,91.50439453125,12.813366949558258,127.70263671875,126.48388671875,INDIVIDUAL_ANNOTATOR_LOOP,with_mapper,subsample_5000,5000,2.4919239066483625,127475
20,32,42,73,3.1412001699209213,91.69873046875,10.837733745574951,127.70263671875,126.48291015625,INDIVIDUAL_ANNOTATOR_LOOP,with_mapper,subsample_5000,5000,2.4919239066483625,127475
21,32,43,59,2.9253102838993073,91.89208984375,9.211227297782898,127.701171875,126.482421875,INDIVIDUAL_ANNOTATOR_LOOP,with_mapper,subsample_5000,5000,2.4919239066483625,127475
22,32,44,79,2.907976508140564,92.0849609375,11.437170207500458,127.70166015625,126.48388671875,INDIVIDUAL_ANNOTATOR_LOOP,with_mapper,subsample_5000,5000,2.4919239066483625,127475
23,32,47,72,2.893386408686638,92.279296875,10.675910860300064,127.70263671875,126.48291015625,INDIVIDUAL_ANNOTATOR_LOOP,with_mapper,subsample_5000,5000,2.4919239066483625,127475
24,32,55,75,3.049589693546295,92.47265625,11.078126728534698,127.70166015625,126.48388671875,INDIVIDUAL_ANNOTATOR_LOOP,with_mapper,subsample_5000,5000,2.4919239066483625,127475
25,32,70,91,2.9618442058563232,92.6669921875,13.289880007505417,127.70263671875,126.48388671875,INDIVIDUAL_ANNOTATOR_LOOP,with_mapper,subsample_5000,5000,2.4919239066483625,127475
26,32,55,84,3.014596179127693,92.861328125,12.09448091685772,127.70263671875,126.48388671875,INDIVIDUAL_ANNOTATOR_LOOP,with_mapper,subsample_5000,5000,2.4919239066483625,127475
27,32,68,90,2.9934030026197433,93.0556640625,12.960594147443771,127.70263671875,126.48388671875,INDIVIDUAL_ANNOTATOR_LOOP,with_mapper,subsample_5000,5000,2.4919239066483625,127475
28,32,56,76,2.9774345457553864,93.25,11.145683005452156,127.70263671875,126.48388671875,INDIVIDUAL_ANNOTATOR_LOOP,with_mapper,subsample_5000,5000,2.4919239066483625,127475
29,32,68,92,2.8627142310142517,93.4443359375,13.278661295771599,127.70263671875,126.48388671875,INDIVIDUAL_ANNOTATOR_LOOP,with_mapper,subsample_5000,5000,2.4919239066483625,127475
30,32,54,83,3.177918493747711,93.638671875,12.462694197893143,127.70263671875,126.48388671875,INDIVIDUAL_ANNOTATOR_LOOP,with_mapper,subsample_5000,5000,2.4919239066483625,127475
31,32,59,80,2.902170643210411,93.8330078125,11.955413967370987,127.70263671875,126.48486328125,INDIVIDUAL_ANNOTATOR_LOOP,with_mapper,subsample_5000,5000,2.4919239066483625,127475
32,32,49,71,2.874249592423439,94.0283203125,10.985899716615677,127.70361328125,126.48291015625,INDIVIDUAL_ANNOTATOR_LOOP,with_mapper,subsample_5000,5000,2.4919239066483625,127475
33,32,66,90,2.890791743993759,94.2216796875,13.026591390371323,127.70166015625,126.48486328125,INDIVIDUAL_ANNOTATOR_LOOP,with_mapper,subsample_5000,5000,2.4919239066483625,127475
34,32,55,82,2.889823168516159,94.4169921875,12.189732864499092,127.70361328125,126.48388671875,INDIVIDUAL_ANNOTATOR_LOOP,with_mapper,subsample_5000,5000,2.4919239066483625,127475
35,32,46,72,2.9915496706962585,94.611328125,11.791881173849106,127.70263671875,126.48388671875,INDIVIDUAL_ANNOTATOR_LOOP,with_mapper,subsample_5000,5000,2.4919239066483625,127475
36,32,54,79,2.8648655861616135,94.8056640625,11.66038028895855,127.70263671875,126.48486328125,INDIVIDUAL_ANNOTATOR_LOOP,with_mapper,subsample_5000,5000,2.4919239066483625,127475
37,32,69,90,2.8416551649570465,95.0009765625,13.114113360643387,127.70361328125,126.48388671875,INDIVIDUAL_ANNOTATOR_LOOP,with_mapper,subsample_5000,5000,2.4919239066483625,127475
38,32,55,83,2.868417650461197,95.1953125,12.318732216954231,127.70263671875,126.48388671875,INDIVIDUAL_ANNOTATOR_LOOP,with_mapper,subsample_5000,5000,2.4919239066483625,127475
39,32,63,90,2.9381606727838516,95.3896484375,12.929318472743034,127.70263671875,126.48486328125,INDIVIDUAL_ANNOTATOR_LOOP,with_mapper,subsample_5000,5000,2.4919239066483625,127475
40,32,68,79,2.9630325734615326,95.5849609375,11.933308094739914,127.70361328125,126.48388671875,INDIVIDUAL_ANNOTATOR_LOOP,with_mapper,subsample_5000,5000,2.4919239066483625,127475
41,32,62,89,3.1384266912937164,95.779296875,13.139747083187103,127.70263671875,126.48486328125,INDIVIDUAL_ANNOTATOR_LOOP,with_mapper,subsample_5000,5000,2.4919239066483625,127475
42,32,45,71,2.891130745410919,95.974609375,10.652542114257812,127.70361328125,126.48388671875,INDIVIDUAL_ANNOTATOR_LOOP,with_mapper,subsample_5000,5000,2.4919239066483625,127475
43,32,52,79,2.8947293758392334,96.1689453125,11.753140017390251,127.70263671875,126.48388671875,INDIVIDUAL_ANNOTATOR_LOOP,with_mapper,subsample_5000,5000,2.4919239066483625,127475
44,32,48,80,3.0006077140569687,96.36328125,11.707227677106857,127.70263671875,126.48486328125,INDIVIDUAL_ANNOTATOR_LOOP,with_mapper,subsample_5000,5000,2.4919239066483625,127475
45,32,50,77,2.873683348298073,96.55859375,11.270040646195412,127.70361328125,126.48388671875,INDIVIDUAL_ANNOTATOR_LOOP,with_mapper,subsample_5000,5000,2.4919239066483625,127475
46,32,53,72,2.8824936598539352,96.7529296875,10.631920769810677,127.70263671875,126.48388671875,INDIVIDUAL_ANNOTATOR_LOOP,with_mapper,subsample_5000,5000,2.4919239066483625,127475
47,32,68,92,2.9334649443626404,96.947265625,13.170447200536728,127.70263671875,126.48388671875,INDIVIDUAL_ANNOTATOR_LOOP,with_mapper,subsample_5000,5000,2.4919239066483625,127475
48,32,64,88,2.793261781334877,97.1416015625,12.958293780684471,127.70263671875,126.48388671875,INDIVIDUAL_ANNOTATOR_LOOP,with_mapper,subsample_5000,5000,2.4919239066483625,127475
49,32,58,80,2.919033169746399,97.3359375,11.67968101799488,127.70263671875,126.48388671875,INDIVIDUAL_ANNOTATOR_LOOP,with_mapper,subsample_5000,5000,2.4919239066483625,127475
50,32,55,78,2.8915945440530777,97.5302734375,11.43011637032032,127.70263671875,126.48388671875,INDIVIDUAL_ANNOTATOR_LOOP,with_mapper,subsample_5000,5000,2.4919239066483625,127475
51,32,47,78,3.1067505478858948,97.724609375,11.36866770684719,127.70263671875,126.48388671875,INDIVIDUAL_ANNOTATOR_LOOP,with_mapper,subsample_5000,5000,2.4919239066483625,127475
52,32,42,68,2.9408056288957596,97.9189453125,10.108035057783127,127.70263671875,126.48388671875,INDIVIDUAL_ANNOTATOR_LOOP,with_mapper,subsample_5000,5000,2.4919239066483625,127475
53,32,52,76,2.930460497736931,98.11328125,11.177044361829758,127.70263671875,126.48486328125,INDIVIDUAL_ANNOTATOR_LOOP,with_mapper,subsample_5000,5000,2.4919239066483625,127475
54,32,64,75,2.931155264377594,98.30859375,11.1213568598032,127.70361328125,126.48388671875,INDIVIDUAL_ANNOTATOR_LOOP,with_mapper,subsample_5000,5000,2.4919239066483625,127475
55,32,47,63,2.9804185032844543,98.5029296875,9.77831706404686,127.7021484375,126.484375,INDIVIDUAL_ANNOTATOR_LOOP,with_mapper,subsample_5000,5000,2.4919239066483625,127475
56,32,66,89,2.831859514117241,98.69775390625,12.87836767733097,127.70361328125,126.48388671875,INDIVIDUAL_ANNOTATOR_LOOP,with_mapper,subsample_5000,5000,2.4919239066483625,127475
57,32,64,82,2.9326118528842926,98.89208984375,11.872556060552597,127.70263671875,126.48486328125,INDIVIDUAL_ANNOTATOR_LOOP,with_mapper,subsample_5000,5000,2.4919239066483625,127475
58,32,59,97,2.8493106365203857,99.08740234375,13.625189661979675,127.70361328125,126.48388671875,INDIVIDUAL_ANNOTATOR_LOOP,with_mapper,subsample_5000,5000,2.4919239066483625,127475
59,32,48,69,2.839231863617897,99.28173828125,10.511774569749832,127.70263671875,126.48388671875,INDIVIDUAL_ANNOTATOR_LOOP,with_mapper,subsample_5000,5000,2.4919239066483625,127475
60,32,65,86,2.857603132724762,99.47607421875,12.395244091749191,127.70263671875,126.48388671875,INDIVIDUAL_ANNOTATOR_LOOP,with_mapper,subsample_5000,5000,2.4919239066483625,127475
61,32,59,82,3.1358134001493454,99.67041015625,11.99009083211422,127.70263671875,126.48486328125,INDIVIDUAL_ANNOTATOR_LOOP,with_mapper,subsample_5000,5000,2.4919239066483625,127475
62,32,59,73,2.9714610427618027,99.86572265625,11.415665969252586,127.70361328125,126.48291015625,INDIVIDUAL_ANNOTATOR_LOOP,with_mapper,subsample_5000,5000,2.4919239066483625,127475
63,32,58,80,2.852451056241989,100.05908203125,11.65861077606678,127.70166015625,126.48388671875,INDIVIDUAL_ANNOTATOR_LOOP,with_mapper,subsample_5000,5000,2.4919239066483625,127475
64,32,51,79,2.9253028333187103,100.25341796875,11.461911723017693,127.70263671875,126.48388671875,INDIVIDUAL_ANNOTATOR_LOOP,with_mapper,subsample_5000,5000,2.4919239066483625,127475
65,32,58,82,2.866571769118309,100.44775390625,11.920394375920296,127.70263671875,126.48388671875,INDIVIDUAL_ANNOTATOR_LOOP,with_mapper,subsample_5000,5000,2.4919239066483625,127475
66,32,49,75,2.9041115194559097,100.64208984375,11.045001447200775,127.70263671875,126.48388671875,INDIVIDUAL_ANNOTATOR_LOOP,with_mapper,subsample_5000,5000,2.4919239066483625,127475
67,32,60,81,2.872202545404434,100.83642578125,11.85813918709755,127.70263671875,126.48388671875,INDIVIDUAL_ANNOTATOR_LOOP,with_mapper,subsample_5000,5000,2.4919239066483625,127475
68,32,58,73,2.8875041753053665,101.03076171875,10.869864374399185,127.70263671875,126.48291015625,INDIVIDUAL_ANNOTATOR_LOOP,with_mapper,subsample_5000,5000,2.4919239066483625,127475
69,32,57,82,2.904847264289856,101.22412109375,12.141205370426178,127.70166015625,126.48486328125,INDIVIDUAL_ANNOTATOR_LOOP,with_mapper,subsample_5000,5000,2.4919239066483625,127475
70,32,45,66,2.9427167028188705,101.41943359375,10.143270716071129,127.70361328125,126.48388671875,INDIVIDUAL_ANNOTATOR_LOOP,with_mapper,subsample_5000,5000,2.4919239066483625,127475
71,32,53,74,2.8813183307647705,101.61376953125,10.998820886015892,127.70263671875,126.48291015625,INDIVIDUAL_ANNOTATOR_LOOP,with_mapper,subsample_5000,5000,2.4919239066483625,127475
72,32,58,91,3.2374467700719833,101.80712890625,12.931732460856438,127.70166015625,126.48486328125,INDIVIDUAL_ANNOTATOR_LOOP,with_mapper,subsample_5000,5000,2.4919239066483625,127475
73,32,52,73,2.9365122318267822,102.00244140625,10.99388487637043,127.70361328125,126.48388671875,INDIVIDUAL_ANNOTATOR_LOOP,with_mapper,subsample_5000,5000,2.4919239066483625,127475
74,32,63,77,2.90600024163723,102.19677734375,11.385777965188026,127.70263671875,126.48388671875,INDIVIDUAL_ANNOTATOR_LOOP,with_mapper,subsample_5000,5000,2.4919239066483625,127475
75,32,55,86,2.8700921684503555,102.39111328125,12.33295351266861,127.70263671875,126.48486328125,INDIVIDUAL_ANNOTATOR_LOOP,with_mapper,subsample_5000,5000,2.4919239066483625,127475
76,32,60,89,2.9305852949619293,102.58642578125,12.62008398771286,127.70361328125,126.48486328125,INDIVIDUAL_ANNOTATOR_LOOP,with_mapper,subsample_5000,5000,2.4919239066483625,127475
77,32,58,85,2.8744693845510483,102.78173828125,12.20015436410904,127.70361328125,126.48486328125,INDIVIDUAL_ANNOTATOR_LOOP,with_mapper,subsample_5000,5000,2.4919239066483625,127475
78,32,57,83,2.8634387999773026,102.97705078125,12.048216536641121,127.70361328125,126.48388671875,INDIVIDUAL_ANNOTATOR_LOOP,with_mapper,subsample_5000,5000,2.4919239066483625,127475
79,32,58,87,2.968164160847664,103.17138671875,12.563517317175865,127.70263671875,126.48388671875,INDIVIDUAL_ANNOTATOR_LOOP,with_mapper,subsample_5000,5000,2.4919239066483625,127475
80,32,55,80,2.9116012156009674,103.36572265625,11.637942865490913,127.70263671875,126.48388671875,INDIVIDUAL_ANNOTATOR_LOOP,with_mapper,subsample_5000,5000,2.4919239066483625,127475
81,32,60,78,2.893645316362381,103.56005859375,11.453108862042427,127.70263671875,126.48388671875,INDIVIDUAL_ANNOTATOR_LOOP,with_mapper,subsample_5000,5000,2.4919239066483625,127475
82,32,49,72,3.2342281192541122,103.75439453125,10.610077530145645,127.70263671875,126.48388671875,INDIVIDUAL_ANNOTATOR_LOOP,with_mapper,subsample_5000,5000,2.4919239066483625,127475
83,32,65,88,2.8989873826503754,103.94873046875,12.615548446774483,127.70263671875,126.48486328125,INDIVIDUAL_ANNOTATOR_LOOP,with_mapper,subsample_5000,5000,2.4919239066483625,127475
84,32,52,73,2.8729084879159927,104.14404296875,10.962950065732002,127.70361328125,126.48388671875,INDIVIDUAL_ANNOTATOR_LOOP,with_mapper,subsample_5000,5000,2.4919239066483625,127475
85,32,58,81,2.914857119321823,104.33837890625,11.73916831612587,127.70263671875,126.48388671875,INDIVIDUAL_ANNOTATOR_LOOP,with_mapper,subsample_5000,5000,2.4919239066483625,127475
86,32,44,62,2.9377248138189316,104.53271484375,9.610431268811226,127.7021484375,126.4833984375,INDIVIDUAL_ANNOTATOR_LOOP,with_mapper,subsample_5000,5000,2.4919239066483625,127475
87,32,49,83,2.903483808040619,104.7265625,12.069562450051308,127.70263671875,126.48388671875,INDIVIDUAL_ANNOTATOR_LOOP,with_mapper,subsample_5000,5000,2.4919239066483625,127475
88,32,67,87,2.916235476732254,104.9208984375,12.384006753563881,127.70263671875,126.48486328125,INDIVIDUAL_ANNOTATOR_LOOP,with_mapper,subsample_5000,5000,2.4919239066483625,127475
89,32,60,75,2.908863127231598,105.1162109375,10.970154777169228,127.70361328125,126.48388671875,INDIVIDUAL_ANNOTATOR_LOOP,with_mapper,subsample_5000,5000,2.4919239066483625,127475
90,32,55,73,2.9430724680423737,105.310546875,10.90223342180252,127.70263671875,126.48388671875,INDIVIDUAL_ANNOTATOR_LOOP,with_mapper,subsample_5000,5000,2.4919239066483625,127475
91,32,79,110,2.8381552547216415,105.5048828125,16.429409384727478,127.70263671875,126.48486328125,INDIVIDUAL_ANNOTATOR_LOOP,with_mapper,subsample_5000,5000,2.4919239066483625,127475
92,32,54,72,3.1484030187129974,105.7001953125,11.660946533083916,127.70361328125,126.48388671875,INDIVIDUAL_ANNOTATOR_LOOP,with_mapper,subsample_5000,5000,2.4919239066483625,127475
93,32,73,94,2.850908786058426,105.89453125,13.903744518756866,127.70263671875,126.48388671875,INDIVIDUAL_ANNOTATOR_LOOP,with_mapper,subsample_5000,5000,2.4919239066483625,127475
94,32,53,85,2.8400160372257233,106.0888671875,12.670213356614113,127.70263671875,126.48388671875,INDIVIDUAL_ANNOTATOR_LOOP,with_mapper,subsample_5000,5000,2.4919239066483625,127475
95,32,61,76,2.961577847599983,106.283203125,11.546524241566658,127.70263671875,126.48486328125,INDIVIDUAL_ANNOTATOR_LOOP,with_mapper,subsample_5000,5000,2.4919239066483625,127475
96,32,52,80,3.120310604572296,106.478515625,11.567845940589905,127.70361328125,126.48388671875,INDIVIDUAL_ANNOTATOR_LOOP,with_mapper,subsample_5000,5000,2.4919239066483625,127475
97,32,40,70,3.024699166417122,106.6728515625,10.393697768449783,127.70263671875,126.48388671875,INDIVIDUAL_ANNOTATOR_LOOP,with_mapper,subsample_5000,5000,2.4919239066483625,127475
98,32,43,70,2.9074400663375854,106.8671875,10.38333959877491,127.70263671875,126.48388671875,INDIVIDUAL_ANNOTATOR_LOOP,with_mapper,subsample_5000,5000,2.4919239066483625,127475
99,32,50,79,2.953995019197464,107.0615234375,11.480433866381645,127.70263671875,126.48388671875,INDIVIDUAL_ANNOTATOR_LOOP,with_mapper,subsample_5000,5000,2.4919239066483625,127475
100,32,47,67,2.9536113142967224,107.255859375,10.075964033603668,127.70263671875,126.48388671875,INDIVIDUAL_ANNOTATOR_LOOP,with_mapper,subsample_5000,5000,2.4919239066483625,127475
101,32,51,80,2.86257266998291,107.4501953125,11.80209033191204,127.70263671875,126.48388671875,INDIVIDUAL_ANNOTATOR_LOOP,with_mapper,subsample_5000,5000,2.4919239066483625,127475
102,32,69,90,3.1366534531116486,107.64453125,12.775707989931107,127.70263671875,126.48388671875,INDIVIDUAL_ANNOTATOR_LOOP,with_mapper,subsample_5000,5000,2.4919239066483625,127475
103,32,54,76,2.9085222631692886,107.8388671875,11.357668787240982,127.70263671875,126.48388671875,INDIVIDUAL_ANNOTATOR_LOOP,with_mapper,subsample_5000,5000,2.4919239066483625,127475
104,32,52,74,2.8996076434850693,108.033203125,10.848935693502426,127.70263671875,126.48388671875,INDIVIDUAL_ANNOTATOR_LOOP,with_mapper,subsample_5000,5000,2.4919239066483625,127475
105,32,55,90,2.8658732771873474,108.2275390625,12.688085436820984,127.70263671875,126.48388671875,INDIVIDUAL_ANNOTATOR_LOOP,with_mapper,subsample_5000,5000,2.4919239066483625,127475
106,32,52,70,3.008514642715454,108.421875,10.70411317050457,127.70263671875,126.48388671875,INDIVIDUAL_ANNOTATOR_LOOP,with_mapper,subsample_5000,5000,2.4919239066483625,127475
107,32,54,72,2.9605682939291,108.6162109375,10.68284921348095,127.70263671875,126.48291015625,INDIVIDUAL_ANNOTATOR_LOOP,with_mapper,subsample_5000,5000,2.4919239066483625,127475
108,32,55,79,2.902284264564514,108.8095703125,11.448344215750694,127.70166015625,126.48388671875,INDIVIDUAL_ANNOTATOR_LOOP,with_mapper,subsample_5000,5000,2.4919239066483625,127475
109,32,66,92,3.126053139567375,109.00390625,13.118285685777664,127.70263671875,126.48486328125,INDIVIDUAL_ANNOTATOR_LOOP,with_mapper,subsample_5000,5000,2.4919239066483625,127475
110,32,63,81,2.8657056391239166,109.19921875,11.714233085513115,127.70361328125,126.48388671875,INDIVIDUAL_ANNOTATOR_LOOP,with_mapper,subsample_5000,5000,2.4919239066483625,127475
111,32,60,80,2.885177731513977,109.3935546875,11.559110134840012,127.70263671875,126.48388671875,INDIVIDUAL_ANNOTATOR_LOOP,with_mapper,subsample_5000,5000,2.4919239066483625,127475
112,32,47,77,2.885282039642334,109.587890625,11.34416088461876,127.70263671875,126.48388671875,INDIVIDUAL_ANNOTATOR_LOOP,with_mapper,subsample_5000,5000,2.4919239066483625,127475
113,32,64,93,3.140656277537346,109.7822265625,13.094620779156685,127.70263671875,126.48388671875,INDIVIDUAL_ANNOTATOR_LOOP,with_mapper,subsample_5000,5000,2.4919239066483625,127475
114,32,58,73,2.921000123023987,109.9765625,10.76754741370678,127.70263671875,126.48291015625,INDIVIDUAL_ANNOTATOR_LOOP,with_mapper,subsample_5000,5000,2.4919239066483625,127475
115,32,68,96,2.8626807034015656,110.169921875,13.502536341547966,127.70166015625,126.48486328125,INDIVIDUAL_ANNOTATOR_LOOP,with_mapper,subsample_5000,5000,2.4919239066483625,127475
116,32,63,83,2.836562693119049,110.365234375,11.91815361380577,127.70361328125,126.48388671875,INDIVIDUAL_ANNOTATOR_LOOP,with_mapper,subsample_5000,5000,2.4919239066483625,127475
117,32,62,87,2.8774235397577286,110.5595703125,12.409208342432976,127.70263671875,126.48486328125,INDIVIDUAL_ANNOTATOR_LOOP,with_mapper,subsample_5000,5000,2.4919239066483625,127475
118,32,63,80,2.90064699947834,110.7548828125,11.645359918475151,127.70361328125,126.48388671875,INDIVIDUAL_ANNOTATOR_LOOP,with_mapper,subsample_5000,5000,2.4919239066483625,127475
119,32,54,81,2.8655361384153366,110.94921875,11.693377047777176,127.70263671875,126.48388671875,INDIVIDUAL_ANNOTATOR_LOOP,with_mapper,subsample_5000,5000,2.4919239066483625,127475
120,32,52,73,2.924475818872452,111.1435546875,10.711992159485817,127.70263671875,126.48388671875,INDIVIDUAL_ANNOTATOR_LOOP,with_mapper,subsample_5000,5000,2.4919239066483625,127475
121,32,54,70,2.851272001862526,111.337890625,10.588094592094421,127.70263671875,126.48291015625,INDIVIDUAL_ANNOTATOR_LOOP,with_mapper,subsample_5000,5000,2.4919239066483625,127475
122,32,53,76,2.83939391374588,111.53125,11.064484715461731,127.70166015625,126.48291015625,INDIVIDUAL_ANNOTATOR_LOOP,with_mapper,subsample_5000,5000,2.4919239066483625,127475
123,32,67,85,3.161035478115082,111.724609375,12.212807312607765,127.70166015625,126.48388671875,INDIVIDUAL_ANNOTATOR_LOOP,with_mapper,subsample_5000,5000,2.4919239066483625,127475
124,32,54,90,2.925245091319084,111.9189453125,12.728681787848473,127.70263671875,126.48388671875,INDIVIDUAL_ANNOTATOR_LOOP,with_mapper,subsample_5000,5000,2.4919239066483625,127475
125,32,44,76,2.9024966061115265,112.11328125,11.035917326807976,127.70263671875,126.48388671875,INDIVIDUAL_ANNOTATOR_LOOP,with_mapper,subsample_5000,5000,2.4919239066483625,127475
126,32,63,78,2.8309281915426254,112.3076171875,11.306175962090492,127.70263671875,126.48388671875,INDIVIDUAL_ANNOTATOR_LOOP,with_mapper,subsample_5000,5000,2.4919239066483625,127475
127,32,47,75,2.8592031449079514,112.501953125,10.925950482487679,127.70263671875,126.48388671875,INDIVIDUAL_ANNOTATOR_LOOP,with_mapper,subsample_5000,5000,2.4919239066483625,127475
128,32,46,71,2.9059164226055145,112.6962890625,11.023318395018578,127.70263671875,126.48388671875,INDIVIDUAL_ANNOTATOR_LOOP,with_mapper,subsample_5000,5000,2.4919239066483625,127475
129,32,59,78,2.8157569468021393,112.890625,11.619294062256813,127.70263671875,126.48388671875,INDIVIDUAL_ANNOTATOR_LOOP,with_mapper,subsample_5000,5000,2.4919239066483625,127475
130,32,66,80,3.2914113253355026,113.0849609375,11.820357292890549,127.70263671875,126.48486328125,INDIVIDUAL_ANNOTATOR_LOOP,with_mapper,subsample_5000,5000,2.4919239066483625,127475
131,32,64,77,3.025932237505913,113.2802734375,11.515524238348007,127.70361328125,126.48291015625,INDIVIDUAL_ANNOTATOR_LOOP,with_mapper,subsample_5000,5000,2.4919239066483625,127475
132,32,46,73,2.879686653614044,113.4736328125,10.883940383791924,127.70166015625,126.48291015625,INDIVIDUAL_ANNOTATOR_LOOP,with_mapper,subsample_5000,5000,2.4919239066483625,127475
133,32,62,81,3.2372158020734787,113.6669921875,11.888457462191582,127.70166015625,126.48388671875,INDIVIDUAL_ANNOTATOR_LOOP,with_mapper,subsample_5000,5000,2.4919239066483625,127475
134,32,48,81,2.9145460575819016,113.861328125,11.880334466695786,127.70263671875,126.48388671875,INDIVIDUAL_ANNOTATOR_LOOP,with_mapper,subsample_5000,5000,2.4919239066483625,127475
135,32,56,81,2.858910709619522,114.0556640625,11.878341436386108,127.70263671875,126.48388671875,INDIVIDUAL_ANNOTATOR_LOOP,with_mapper,subsample_5000,5000,2.4919239066483625,127475
136,32,52,81,2.8509441763162613,114.25,12.064289301633835,127.70263671875,126.48388671875,INDIVIDUAL_ANNOTATOR_LOOP,with_mapper,subsample_5000,5000,2.4919239066483625,127475
137,32,57,83,3.0233822762966156,114.4443359375,12.174280360341072,127.70263671875,126.48388671875,INDIVIDUAL_ANNOTATOR_LOOP,with_mapper,subsample_5000,5000,2.4919239066483625,127475
138,32,57,80,2.9098056256771088,114.638671875,11.73928752541542,127.70263671875,126.48388671875,INDIVIDUAL_ANNOTATOR_LOOP,with_mapper,subsample_5000,5000,2.4919239066483625,127475
139,32,57,80,2.8693843632936478,114.8330078125,11.913595721125603,127.70263671875,126.48291015625,INDIVIDUAL_ANNOTATOR_LOOP,with_mapper,subsample_5000,5000,2.4919239066483625,127475
140,32,45,75,2.9031429439783096,115.0263671875,11.290187016129494,127.70166015625,126.48291015625,INDIVIDUAL_ANNOTATOR_LOOP,with_mapper,subsample_5000,5000,2.4919239066483625,127475
141,32,51,70,2.8653405606746674,115.2197265625,10.689923539757729,127.70166015625,126.48291015625,INDIVIDUAL_ANNOTATOR_LOOP,with_mapper,subsample_5000,5000,2.4919239066483625,127475
142,32,46,71,2.9061399400234222,115.4130859375,10.563788935542107,127.70166015625,126.48388671875,INDIVIDUAL_ANNOTATOR_LOOP,with_mapper,subsample_5000,5000,2.4919239066483625,127475
143,32,65,80,2.92012095451355,115.607421875,11.890523135662079,127.70263671875,126.48486328125,INDIVIDUAL_ANNOTATOR_LOOP,with_mapper,subsample_5000,5000,2.4919239066483625,127475
144,32,59,79,3.1632110476493835,115.802734375,11.540079489350319,127.70361328125,126.48388671875,INDIVIDUAL_ANNOTATOR_LOOP,with_mapper,subsample_5000,5000,2.4919239066483625,127475
145,32,52,87,2.8733648359775543,115.9970703125,12.468153610825539,127.70263671875,126.48486328125,INDIVIDUAL_ANNOTATOR_LOOP,with_mapper,subsample_5000,5000,2.4919239066483625,127475
146,32,54,79,2.880306914448738,116.1923828125,11.503627523779869,127.70361328125,126.48388671875,INDIVIDUAL_ANNOTATOR_LOOP,with_mapper,subsample_5000,5000,2.4919239066483625,127475
147,32,54,78,3.01286019384861,116.38671875,11.348865926265717,127.70263671875,126.48388671875,INDIVIDUAL_ANNOTATOR_LOOP,with_mapper,subsample_5000,5000,2.4919239066483625,127475
148,32,76,92,2.9082689434289932,116.5810546875,13.095099478960037,127.70263671875,126.48388671875,INDIVIDUAL_ANNOTATOR_LOOP,with_mapper,subsample_5000,5000,2.4919239066483625,127475
149,32,54,78,2.913491800427437,116.775390625,11.42013818025589,127.70263671875,126.48291015625,INDIVIDUAL_ANNOTATOR_LOOP,with_mapper,subsample_5000,5000,2.4919239066483625,127475
150,32,60,81,2.9411371797323227,116.96875,11.820582672953606,127.70166015625,126.48486328125,INDIVIDUAL_ANNOTATOR_LOOP,with_mapper,subsample_5000,5000,2.4919239066483625,127475
151,32,60,85,2.9136016964912415,117.1640625,12.203868478536606,127.70361328125,126.48388671875,INDIVIDUAL_ANNOTATOR_LOOP,with_mapper,subsample_5000,5000,2.4919239066483625,127475
152,32,55,77,2.8909239917993546,117.3583984375,11.477971449494362,127.70263671875,126.48486328125,INDIVIDUAL_ANNOTATOR_LOOP,with_mapper,subsample_5000,5000,2.4919239066483625,127475
153,32,62,81,2.895403653383255,117.5537109375,11.769687756896019,127.70361328125,126.48388671875,INDIVIDUAL_ANNOTATOR_LOOP,with_mapper,subsample_5000,5000,2.4919239066483625,127475
154,32,61,82,3.14299575984478,117.748046875,11.864272877573967,127.70263671875,126.48388671875,INDIVIDUAL_ANNOTATOR_LOOP,with_mapper,subsample_5000,5000,2.4919239066483625,127475
155,32,57,75,2.934299409389496,117.9423828125,11.261465027928352,127.70263671875,126.48388671875,INDIVIDUAL_ANNOTATOR_LOOP,with_mapper,subsample_5000,5000,2.4919239066483625,127475
156,32,57,78,2.8980802744627,118.13671875,11.502191424369812,127.70263671875,126.48486328125,INDIVIDUAL_ANNOTATOR_LOOP,with_mapper,subsample_5000,5000,2.4919239066483625,127475
157,32,66,95,2.8508752584457397,118.33203125,13.436220586299896,127.70361328125,126.48486328125,INDIVIDUAL_ANNOTATOR_LOOP,with_mapper,subsample_5000,5000,2.4919239066483625,127475
158,32,62,85,2.9497556388378143,118.52734375,12.200016528367996,127.70361328125,126.48388671875,INDIVIDUAL_ANNOTATOR_LOOP,with_mapper,subsample_5000,5000,2.4919239066483625,127475
159,32,54,71,2.956325188279152,118.7216796875,10.642804205417633,127.70263671875,126.48388671875,INDIVIDUAL_ANNOTATOR_LOOP,with_mapper,subsample_5000,5000,2.4919239066483625,127475
160,32,61,84,2.950211986899376,118.916015625,12.14325800538063,127.70263671875,126.48486328125,INDIVIDUAL_ANNOTATOR_LOOP,with_mapper,subsample_5000,5000,2.4919239066483625,127475
161,32,50,69,2.909822389483452,119.111328125,10.364627465605736,127.70361328125,126.48291015625,INDIVIDUAL_ANNOTATOR_LOOP,with_mapper,subsample_5000,5000,2.4919239066483625,127475
162,32,85,104,2.9044505208730698,119.3046875,14.711415395140648,127.70166015625,126.48486328125,INDIVIDUAL_ANNOTATOR_LOOP,with_mapper,subsample_5000,5000,2.4919239066483625,127475
163,32,65,83,2.8723087161779404,119.5,11.971715837717056,127.70361328125,126.48388671875,INDIVIDUAL_ANNOTATOR_LOOP,with_mapper,subsample_5000,5000,2.4919239066483625,127475
164,32,36,61,3.1625311821699142,119.6943359375,9.43785160779953,127.7021484375,126.482421875,INDIVIDUAL_ANNOTATOR_LOOP,with_mapper,subsample_5000,5000,2.4919239066483625,127475
165,32,58,89,2.8925668448209763,119.88720703125,12.653812766075134,127.70166015625,126.48388671875,INDIVIDUAL_ANNOTATOR_LOOP,with_mapper,subsample_5000,5000,2.4919239066483625,127475
166,32,55,76,2.9117800295352936,120.08154296875,11.153226718306541,127.70263671875,126.48388671875,INDIVIDUAL_ANNOTATOR_LOOP,with_mapper,subsample_5000,5000,2.4919239066483625,127475
167,32,52,75,2.8419122099876404,120.27587890625,11.059315875172615,127.70263671875,126.48291015625,INDIVIDUAL_ANNOTATOR_LOOP,with_mapper,subsample_5000,5000,2.4919239066483625,127475
168,32,52,73,2.929719164967537,120.46923828125,10.803479701280594,127.70166015625,126.48388671875,INDIVIDUAL_ANNOTATOR_LOOP,with_mapper,subsample_5000,5000,2.4919239066483625,127475
169,32,53,81,2.9007438570261,120.66357421875,11.74832507967949,127.70263671875,126.48486328125,INDIVIDUAL_ANNOTATOR_LOOP,with_mapper,subsample_5000,5000,2.4919239066483625,127475
170,32,55,73,2.909645438194275,120.85888671875,10.957907885313034,127.70361328125,126.48291015625,INDIVIDUAL_ANNOTATOR_LOOP,with_mapper,subsample_5000,5000,2.4919239066483625,127475
171,32,47,94,2.8465501964092255,121.05224609375,13.155641034245491,127.70166015625,126.48486328125,INDIVIDUAL_ANNOTATOR_LOOP,with_mapper,subsample_5000,5000,2.4919239066483625,127475
172,32,52,77,2.8500091284513474,121.24755859375,11.56017929315567,127.70361328125,126.48291015625,INDIVIDUAL_ANNOTATOR_LOOP,with_mapper,subsample_5000,5000,2.4919239066483625,127475
173,32,51,73,2.8332173824310303,121.44091796875,10.745443403720856,127.70166015625,126.48388671875,INDIVIDUAL_ANNOTATOR_LOOP,with_mapper,subsample_5000,5000,2.4919239066483625,127475
174,32,53,71,3.145882859826088,121.63525390625,10.557346045970917,127.70263671875,126.48388671875,INDIVIDUAL_ANNOTATOR_LOOP,with_mapper,subsample_5000,5000,2.4919239066483625,127475
175,32,55,78,2.9343049973249435,121.82958984375,11.32102869451046,127.70263671875,126.48486328125,INDIVIDUAL_ANNOTATOR_LOOP,with_mapper,subsample_5000,5000,2.4919239066483625,127475
176,32,56,79,2.93184258043766,122.02490234375,11.462466791272163,127.70361328125,126.48388671875,INDIVIDUAL_ANNOTATOR_LOOP,with_mapper,subsample_5000,5000,2.4919239066483625,127475
177,32,53,80,2.9036514461040497,122.21923828125,11.559482663869858,127.70263671875,126.48388671875,INDIVIDUAL_ANNOTATOR_LOOP,with_mapper,subsample_5000,5000,2.4919239066483625,127475
178,32,56,81,2.9174145311117172,122.41357421875,11.681018397212029,127.70263671875,126.48388671875,INDIVIDUAL_ANNOTATOR_LOOP,with_mapper,subsample_5000,5000,2.4919239066483625,127475
179,32,59,79,2.8944797813892365,122.60791015625,11.484814807772636,127.70263671875,126.48388671875,INDIVIDUAL_ANNOTATOR_LOOP,with_mapper,subsample_5000,5000,2.4919239066483625,127475
180,32,44,87,2.820519730448723,122.80224609375,12.504881247878075,127.70263671875,126.48388671875,INDIVIDUAL_ANNOTATOR_LOOP,with_mapper,subsample_5000,5000,2.4919239066483625,127475
181,32,51,74,2.9598120599985123,122.99658203125,10.956710204482079,127.70263671875,126.48388671875,INDIVIDUAL_ANNOTATOR_LOOP,with_mapper,subsample_5000,5000,2.4919239066483625,127475
182,32,64,84,2.887267619371414,123.19091796875,12.204650789499283,127.70263671875,126.48388671875,INDIVIDUAL_ANNOTATOR_LOOP,with_mapper,subsample_5000,5000,2.4919239066483625,127475
183,32,61,80,2.844596281647682,123.38525390625,11.54039241373539,127.70263671875,126.48388671875,INDIVIDUAL_ANNOTATOR_LOOP,with_mapper,subsample_5000,5000,2.4919239066483625,127475
184,32,54,82,2.851571887731552,123.57958984375,11.817039921879768,127.70263671875,126.48388671875,INDIVIDUAL_ANNOTATOR_LOOP,with_mapper,subsample_5000,5000,2.4919239066483625,127475
185,32,48,76,3.157449886202812,123.77392578125,11.05925627052784,127.70263671875,126.48291015625,INDIVIDUAL_ANNOTATOR_LOOP,with_mapper,subsample_5000,5000,2.4919239066483625,127475
186,32,64,86,2.828748896718025,123.96728515625,12.581659480929375,127.70166015625,126.48291015625,INDIVIDUAL_ANNOTATOR_LOOP,with_mapper,subsample_5000,5000,2.4919239066483625,127475
187,32,48,69,2.9159151017665863,124.16064453125,10.280517861247063,127.70166015625,126.48291015625,INDIVIDUAL_ANNOTATOR_LOOP,with_mapper,subsample_5000,5000,2.4919239066483625,127475
188,32,48,72,2.9899626970291138,124.35400390625,10.640757158398628,127.70166015625,126.48291015625,INDIVIDUAL_ANNOTATOR_LOOP,with_mapper,subsample_5000,5000,2.4919239066483625,127475
189,32,48,73,2.8426386415958405,124.54736328125,10.711124166846275,127.70166015625,126.48388671875,INDIVIDUAL_ANNOTATOR_LOOP,with_mapper,subsample_5000,5000,2.4919239066483625,127475
190,32,59,83,2.9158815741539,124.74169921875,12.0102409273386,127.70263671875,126.48486328125,INDIVIDUAL_ANNOTATOR_LOOP,with_mapper,subsample_5000,5000,2.4919239066483625,127475
191,32,51,71,2.9261279851198196,124.93701171875,10.473670437932014,127.70361328125,126.48388671875,INDIVIDUAL_ANNOTATOR_LOOP,with_mapper,subsample_5000,5000,2.4919239066483625,127475
192,32,64,79,2.879694104194641,125.13134765625,11.488601565361023,127.70263671875,126.48388671875,INDIVIDUAL_ANNOTATOR_LOOP,with_mapper,subsample_5000,5000,2.4919239066483625,127475
193,32,53,80,2.839885652065277,125.32568359375,11.62048988044262,127.70263671875,126.48388671875,INDIVIDUAL_ANNOTATOR_LOOP,with_mapper,subsample_5000,5000,2.4919239066483625,127475
194,32,47,68,3.067629411816597,125.52001953125,10.143216699361801,127.70263671875,126.48388671875,INDIVIDUAL_ANNOTATOR_LOOP,with_mapper,subsample_5000,5000,2.4919239066483625,127475
195,32,63,80,3.172950819134712,125.71435546875,11.776266619563103,127.70263671875,126.48388671875,INDIVIDUAL_ANNOTATOR_LOOP,with_mapper,subsample_5000,5000,2.4919239066483625,127475
196,32,63,97,2.8961803764104843,125.90869140625,13.557646423578262,127.70263671875,126.48486328125,INDIVIDUAL_ANNOTATOR_LOOP,with_mapper,subsample_5000,5000,2.4919239066483625,127475
197,32,82,89,2.8832759708166122,126.10400390625,12.989163398742676,127.70361328125,126.48388671875,INDIVIDUAL_ANNOTATOR_LOOP,with_mapper,subsample_5000,5000,2.4919239066483625,127475
198,32,46,68,3.2347552478313446,126.29833984375,10.306835174560547,127.70263671875,126.48291015625,INDIVIDUAL_ANNOTATOR_LOOP,with_mapper,subsample_5000,5000,2.4919239066483625,127475
199,32,64,81,2.9219109565019608,126.49169921875,11.799819767475128,127.70166015625,126.48486328125,INDIVIDUAL_ANNOTATOR_LOOP,with_mapper,subsample_5000,5000,2.4919239066483625,127475
0,32,106,134,1.2860167771577835,73.10546875,1.1525563895702362,112.3994140625,111.1806640625,BASELINE_AGGREGATE,without_mapper,subsample_10000,10000,4.151812160452482,134370
1,32,79,123,1.3921447098255157,73.296875,1.1630356311798096,112.3994140625,111.1806640625,BASELINE_AGGREGATE,without_mapper,subsample_10000,10000,4.151812160452482,134370
2,32,88,116,1.4324337244033813,73.48828125,1.1355187743902206,112.3994140625,111.1806640625,BASELINE_AGGREGATE,without_mapper,subsample_10000,10000,4.151812160452482,134370
3,32,120,152,1.574808731675148,73.6796875,1.1263806372880936,112.3994140625,111.1806640625,BASELINE_AGGREGATE,without_mapper,subsample_10000,10000,4.151812160452482,134370
4,32,90,124,1.2845322489738464,73.87109375,1.1256393045186996,112.3994140625,111.1806640625,BASELINE_AGGREGATE,without_mapper,subsample_10000,10000,4.151812160452482,134370
5,32,86,118,1.391444355249405,74.0625,1.1318139731884003,112.3994140625,111.1806640625,BASELINE_AGGREGATE,without_mapper,subsample_10000,10000,4.151812160452482,134370
6,32,85,125,1.2826602905988693,74.25390625,1.1370740830898285,112.3994140625,111.1806640625,BASELINE_AGGREGATE,without_mapper,subsample_10000,10000,4.151812160452482,134370
7,32,120,145,1.2929998338222504,74.4453125,1.1278335005044937,112.3994140625,111.1806640625,BASELINE_AGGREGATE,without_mapper,subsample_10000,10000,4.151812160452482,134370
8,32,111,139,1.2890435755252838,74.63671875,1.133747398853302,112.3994140625,111.1806640625,BASELINE_AGGREGATE,without_mapper,subsample_10000,10000,4.151812160452482,134370
9,32,97,132,1.2783519923686981,74.828125,1.1358298361301422,112.3994140625,111.1806640625,BASELINE_AGGREGATE,without_mapper,subsample_10000,10000,4.151812160452482,134370
10,32,87,119,1.4247912913560867,75.01953125,1.1285394430160522,112.3994140625,111.1806640625,BASELINE_AGGREGATE,without_mapper,subsample_10000,10000,4.151812160452482,134370
11,32,103,141,1.2991614639759064,75.2109375,1.1237077414989471,112.3994140625,111.1806640625,BASELINE_AGGREGATE,without_mapper,subsample_10000,10000,4.151812160452482,134370
12,32,125,154,1.2863129377365112,75.40234375,1.1538062244653702,112.3994140625,111.1806640625,BASELINE_AGGREGATE,without_mapper,subsample_10000,10000,4.151812160452482,134370
13,32,91,124,1.2812800705432892,75.59375,1.1227484792470932,112.3994140625,111.1806640625,BASELINE_AGGREGATE,without_mapper,subsample_10000,10000,4.151812160452482,134370
14,32,93,117,1.592179760336876,75.78515625,1.1305641382932663,112.3994140625,111.1806640625,BASELINE_AGGREGATE,without_mapper,subsample_10000,10000,4.151812160452482,134370
15,32,106,133,1.3822894543409348,75.9765625,1.128610223531723,112.3994140625,111.1806640625,BASELINE_AGGREGATE,without_mapper,subsample_10000,10000,4.151812160452482,134370
16,32,102,126,1.2853480875492096,76.16796875,1.1249054223299026,112.3994140625,111.1806640625,BASELINE_AGGREGATE,without_mapper,subsample_10000,10000,4.151812160452482,134370
17,32,91,134,1.2761447578668594,76.359375,1.1141970753669739,112.3994140625,111.1806640625,BASELINE_AGGREGATE,without_mapper,subsample_10000,10000,4.151812160452482,134370
18,32,105,125,1.3953428715467453,76.55078125,1.165926456451416,112.3994140625,111.1806640625,BASELINE_AGGREGATE,without_mapper,subsample_10000,10000,4.151812160452482,134370
19,32,106,128,1.2764502316713333,76.7421875,1.1333972215652466,112.3994140625,111.1806640625,BASELINE_AGGREGATE,without_mapper,subsample_10000,10000,4.151812160452482,134370
20,32,136,164,1.2745708227157593,76.93359375,1.135053113102913,112.3994140625,111.1806640625,BASELINE_AGGREGATE,without_mapper,subsample_10000,10000,4.151812160452482,134370
21,32,122,148,1.2969039380550385,77.125,1.125892624258995,112.3994140625,111.1806640625,BASELINE_AGGREGATE,without_mapper,subsample_10000,10000,4.151812160452482,134370
22,32,114,140,1.295529305934906,77.31640625,1.1870283633470535,112.3994140625,111.1806640625,BASELINE_AGGREGATE,without_mapper,subsample_10000,10000,4.151812160452482,134370
23,32,84,126,1.3928189873695374,77.5078125,1.136690378189087,112.3994140625,111.1806640625,BASELINE_AGGREGATE,without_mapper,subsample_10000,10000,4.151812160452482,134370
24,32,99,141,1.5500467270612717,77.69921875,1.142522320151329,112.3994140625,111.1806640625,BASELINE_AGGREGATE,without_mapper,subsample_10000,10000,4.151812160452482,134370
25,32,82,113,1.281069591641426,77.890625,1.1293292045593262,112.3994140625,111.1806640625,BASELINE_AGGREGATE,without_mapper,subsample_10000,10000,4.151812160452482,134370
26,32,121,135,1.3010147958993912,78.08203125,1.1789090931415558,112.3994140625,111.1806640625,BASELINE_AGGREGATE,without_mapper,subsample_10000,10000,4.151812160452482,134370
27,32,91,123,1.2752991169691086,78.2734375,1.1295191943645477,112.3994140625,111.1806640625,BASELINE_AGGREGATE,without_mapper,subsample_10000,10000,4.151812160452482,134370
28,32,110,134,1.2729279696941376,78.46484375,1.4014746993780136,112.3994140625,111.1806640625,BASELINE_AGGREGATE,without_mapper,subsample_10000,10000,4.151812160452482,134370
29,32,109,142,1.2798849493265152,78.65625,1.110035926103592,112.3994140625,111.1806640625,BASELINE_AGGREGATE,without_mapper,subsample_10000,10000,4.151812160452482,134370
30,32,84,117,1.403752714395523,78.84765625,1.1486709117889404,112.3994140625,111.1806640625,BASELINE_AGGREGATE,without_mapper,subsample_10000,10000,4.151812160452482,134370
31,32,120,145,1.2714434415102005,79.0390625,1.134183257818222,112.3994140625,111.1806640625,BASELINE_AGGREGATE,without_mapper,subsample_10000,10000,4.151812160452482,134370
32,32,103,129,1.2672599405050278,79.23046875,1.1411067098379135,112.3994140625,111.1806640625,BASELINE_AGGREGATE,without_mapper,subsample_10000,10000,4.151812160452482,134370
33,32,124,155,1.2708120048046112,79.421875,1.1233128607273102,112.3994140625,111.1806640625,BASELINE_AGGREGATE,without_mapper,subsample_10000,10000,4.151812160452482,134370
34,32,99,130,1.3747699558734894,79.61328125,1.1316575109958649,112.3994140625,111.1806640625,BASELINE_AGGREGATE,without_mapper,subsample_10000,10000,4.151812160452482,134370
35,32,112,146,1.569235697388649,79.8046875,1.1283457279205322,112.3994140625,111.1806640625,BASELINE_AGGREGATE,without_mapper,subsample_10000,10000,4.151812160452482,134370
36,32,110,134,1.381920650601387,79.99609375,1.129142940044403,112.3994140625,111.1806640625,BASELINE_AGGREGATE,without_mapper,subsample_10000,10000,4.151812160452482,134370
37,32,91,132,1.2889299541711807,80.1875,1.116640865802765,112.3994140625,111.1806640625,BASELINE_AGGREGATE,without_mapper,subsample_10000,10000,4.151812160452482,134370
38,32,124,145,1.3850219547748566,80.37890625,1.1289473623037338,112.3994140625,111.1806640625,BASELINE_AGGREGATE,without_mapper,subsample_10000,10000,4.151812160452482,134370
39,32,79,114,1.2812893837690353,80.5703125,1.1998601257801056,112.3994140625,111.1806640625,BASELINE_AGGREGATE,without_mapper,subsample_10000,10000,4.151812160452482,134370
40,32,105,136,1.394655555486679,80.76171875,1.1336356401443481,112.3994140625,111.1806640625,BASELINE_AGGREGATE,without_mapper,subsample_10000,10000,4.151812160452482,134370
41,32,95,123,1.415003091096878,80.953125,1.1287219822406769,112.3994140625,111.1806640625,BASELINE_AGGREGATE,without_mapper,subsample_10000,10000,4.151812160452482,134370
42,32,87,116,1.2742839753627777,81.14453125,1.1299513280391693,112.3994140625,111.1806640625,BASELINE_AGGREGATE,without_mapper,subsample_10000,10000,4.151812160452482,134370
43,32,102,133,1.2744124978780746,81.3359375,1.125134527683258,112.3994140625,111.1806640625,BASELINE_AGGREGATE,without_mapper,subsample_10000,10000,4.151812160452482,134370
44,32,108,136,1.2786388397216797,81.52734375,1.1410228908061981,112.3994140625,111.1806640625,BASELINE_AGGREGATE,without_mapper,subsample_10000,10000,4.151812160452482,134370
45,32,110,123,1.6619227826595306,81.71875,1.1700335890054703,112.3994140625,111.1806640625,BASELINE_AGGREGATE,without_mapper,subsample_10000,10000,4.151812160452482,134370
46,32,88,121,1.3897903263568878,81.91015625,1.1310260742902756,112.3994140625,111.1806640625,BASELINE_AGGREGATE,without_mapper,subsample_10000,10000,4.151812160452482,134370
47,32,92,121,1.3839267194271088,82.1015625,1.1217650026082993,112.3994140625,111.1806640625,BASELINE_AGGREGATE,without_mapper,subsample_10000,10000,4.151812160452482,134370
48,32,115,144,1.281198114156723,82.29296875,1.1406727135181427,112.3994140625,111.1806640625,BASELINE_AGGREGATE,without_mapper,subsample_10000,10000,4.151812160452482,134370
49,32,153,170,1.4045126736164093,82.484375,1.1205244809389114,112.3994140625,111.1806640625,BASELINE_AGGREGATE,without_mapper,subsample_10000,10000,4.151812160452482,134370
50,32,85,125,1.413477584719658,82.67578125,1.1266767978668213,112.3994140625,111.1806640625,BASELINE_AGGREGATE,without_mapper,subsample_10000,10000,4.151812160452482,134370
51,32,98,132,1.3935621827840805,82.8671875,1.1427607387304306,112.3994140625,111.1806640625,BASELINE_AGGREGATE,without_mapper,subsample_10000,10000,4.151812160452482,134370
52,32,105,141,1.4192648231983185,83.05859375,1.128586009144783,112.3994140625,111.1806640625,BASELINE_AGGREGATE,without_mapper,subsample_10000,10000,4.151812160452482,134370
53,32,100,139,1.275382936000824,83.25,1.120690256357193,112.3994140625,111.1806640625,BASELINE_AGGREGATE,without_mapper,subsample_10000,10000,4.151812160452482,134370
54,32,107,144,1.2809503823518753,83.44140625,1.1264737695455551,112.3994140625,111.1806640625,BASELINE_AGGREGATE,without_mapper,subsample_10000,10000,4.151812160452482,134370
55,32,117,144,1.6606766730546951,83.6328125,1.1231303215026855,112.3994140625,111.1806640625,BASELINE_AGGREGATE,without_mapper,subsample_10000,10000,4.151812160452482,134370
56,32,94,136,1.3251006603240967,83.82421875,1.1223815381526947,112.3994140625,111.1806640625,BASELINE_AGGREGATE,without_mapper,subsample_10000,10000,4.151812160452482,134370
57,32,99,128,1.2748762965202332,84.015625,1.1125821620225906,112.3994140625,111.1806640625,BASELINE_AGGREGATE,without_mapper,subsample_10000,10000,4.151812160452482,134370
58,32,81,122,1.3744644820690155,84.20703125,1.1298712342977524,112.3994140625,111.1806640625,BASELINE_AGGREGATE,without_mapper,subsample_10000,10000,4.151812160452482,134370
59,32,102,135,1.396695151925087,84.3984375,1.1345483362674713,112.3994140625,111.1806640625,BASELINE_AGGREGATE,without_mapper,subsample_10000,10000,4.151812160452482,134370
60,32,90,121,1.2746956199407578,84.58984375,1.125521957874298,112.3994140625,111.1806640625,BASELINE_AGGREGATE,without_mapper,subsample_10000,10000,4.151812160452482,134370
61,32,97,138,1.2951679527759552,84.78125,1.1207852512598038,112.3994140625,111.1806640625,BASELINE_AGGREGATE,without_mapper,subsample_10000,10000,4.151812160452482,134370
62,32,98,135,1.277424395084381,84.97265625,1.1344198137521744,112.3994140625,111.1806640625,BASELINE_AGGREGATE,without_mapper,subsample_10000,10000,4.151812160452482,134370
63,32,67,98,1.3865604996681213,85.1640625,1.1211838573217392,112.3994140625,111.1806640625,BASELINE_AGGREGATE,without_mapper,subsample_10000,10000,4.151812160452482,134370
64,32,83,130,1.2666434049606323,85.35546875,1.1217426508665085,112.3994140625,111.1806640625,BASELINE_AGGREGATE,without_mapper,subsample_10000,10000,4.151812160452482,134370
65,32,142,162,1.373307779431343,85.546875,1.123584806919098,112.3994140625,111.1806640625,BASELINE_AGGREGATE,without_mapper,subsample_10000,10000,4.151812160452482,134370
66,32,133,162,1.555832102894783,85.73828125,1.1320728808641434,112.3994140625,111.1806640625,BASELINE_AGGREGATE,without_mapper,subsample_10000,10000,4.151812160452482,134370
67,32,111,141,1.3869628310203552,85.9296875,1.1352170258760452,112.3994140625,111.1806640625,BASELINE_AGGREGATE,without_mapper,subsample_10000,10000,4.151812160452482,134370
68,32,111,137,1.3791024684906006,86.12109375,1.3179555535316467,112.3994140625,111.1806640625,BASELINE_AGGREGATE,without_mapper,subsample_10000,10000,4.151812160452482,134370
69,32,122,153,1.4121271669864655,86.3125,1.1452846229076385,112.3994140625,111.1806640625,BASELINE_AGGREGATE,without_mapper,subsample_10000,10000,4.151812160452482,134370
70,32,102,129,1.2716930359601974,86.50390625,1.1363327503204346,112.3994140625,111.1806640625,BASELINE_AGGREGATE,without_mapper,subsample_10000,10000,4.151812160452482,134370
71,32,91,131,1.2669563293457031,86.6953125,1.1551100760698318,112.3994140625,111.1806640625,BASELINE_AGGREGATE,without_mapper,subsample_10000,10000,4.151812160452482,134370
72,32,100,130,1.3445429503917694,86.88671875,1.1180900037288666,112.3994140625,111.1806640625,BASELINE_AGGREGATE,without_mapper,subsample_10000,10000,4.151812160452482,134370
73,32,120,154,1.2751352041959763,87.078125,1.117052510380745,112.3994140625,111.1806640625,BASELINE_AGGREGATE,without_mapper,subsample_10000,10000,4.151812160452482,134370
74,32,106,136,1.3810526579618454,87.26953125,1.1487696319818497,112.3994140625,111.1806640625,BASELINE_AGGREGATE,without_mapper,subsample_10000,10000,4.151812160452482,134370
75,32,119,151,1.3888012617826462,87.4609375,1.1198259890079498,112.3994140625,111.1806640625,BASELINE_AGGREGATE,without_mapper,subsample_10000,10000,4.151812160452482,134370
76,32,90,119,1.5856847167015076,87.65234375,1.1344999074935913,112.3994140625,111.1806640625,BASELINE_AGGREGATE,without_mapper,subsample_10000,10000,4.151812160452482,134370
77,32,106,140,1.2679081410169601,87.84375,1.1269710958003998,112.3994140625,111.1806640625,BASELINE_AGGREGATE,without_mapper,subsample_10000,10000,4.151812160452482,134370
78,32,96,133,1.3999640941619873,88.03515625,1.1258162558078766,112.3994140625,111.1806640625,BASELINE_AGGREGATE,without_mapper,subsample_10000,10000,4.151812160452482,134370
79,32,110,134,1.2716688215732574,88.2265625,1.1233370751142502,112.3994140625,111.1806640625,BASELINE_AGGREGATE,without_mapper,subsample_10000,10000,4.151812160452482,134370
80,32,119,141,1.3744719326496124,88.41796875,1.126481220126152,112.3994140625,111.1806640625,BASELINE_AGGREGATE,without_mapper,subsample_10000,10000,4.151812160452482,134370
81,32,108,142,1.273036003112793,88.609375,1.1153146624565125,112.3994140625,111.1806640625,BASELINE_AGGREGATE,without_mapper,subsample_10000,10000,4.151812160452482,134370
82,32,99,125,1.2703780084848404,88.80078125,1.1192075908184052,112.3994140625,111.1806640625,BASELINE_AGGREGATE,without_mapper,subsample_10000,10000,4.151812160452482,134370
83,32,115,142,1.2689344584941864,88.9921875,1.1387597769498825,112.3994140625,111.1806640625,BASELINE_AGGREGATE,without_mapper,subsample_10000,10000,4.151812160452482,134370
84,32,114,137,1.268519088625908,89.18359375,1.1309869587421417,112.3994140625,111.1806640625,BASELINE_AGGREGATE,without_mapper,subsample_10000,10000,4.151812160452482,134370
85,32,132,168,1.2676063925027847,89.375,1.1205803602933884,112.3994140625,111.1806640625,BASELINE_AGGREGATE,without_mapper,subsample_10000,10000,4.151812160452482,134370
86,32,118,140,1.3200193643569946,89.56640625,1.144547015428543,112.3994140625,111.1806640625,BASELINE_AGGREGATE,without_mapper,subsample_10000,10000,4.151812160452482,134370
87,32,95,123,1.5563219785690308,89.7578125,1.1269263923168182,112.3994140625,111.1806640625,BASELINE_AGGREGATE,without_mapper,subsample_10000,10000,4.151812160452482,134370
88,32,90,125,1.3994518667459488,89.94921875,1.1259671300649643,112.3994140625,111.1806640625,BASELINE_AGGREGATE,without_mapper,subsample_10000,10000,4.151812160452482,134370
89,32,94,123,1.3977084308862686,90.140625,1.1201165616512299,112.3994140625,111.1806640625,BASELINE_AGGREGATE,without_mapper,subsample_10000,10000,4.151812160452482,134370
90,32,135,150,1.284576952457428,90.33203125,1.1309385299682617,112.3994140625,111.1806640625,BASELINE_AGGREGATE,without_mapper,subsample_10000,10000,4.151812160452482,134370
91,32,156,171,1.4524590224027634,90.5234375,1.1271461844444275,112.3994140625,111.1806640625,BASELINE_AGGREGATE,without_mapper,subsample_10000,10000,4.151812160452482,134370
92,32,99,130,1.2903623282909393,90.71484375,1.1835116893053055,112.3994140625,111.1806640625,BASELINE_AGGREGATE,without_mapper,subsample_10000,10000,4.151812160452482,134370
93,32,84,117,1.4052856713533401,90.90625,1.1220909655094147,112.3994140625,111.1806640625,BASELINE_AGGREGATE,without_mapper,subsample_10000,10000,4.151812160452482,134370
94,32,100,147,1.275496557354927,91.09765625,1.1311210691928864,112.3994140625,111.1806640625,BASELINE_AGGREGATE,without_mapper,subsample_10000,10000,4.151812160452482,134370
95,32,126,144,1.2671276926994324,91.2890625,1.1345036327838898,112.3994140625,111.1806640625,BASELINE_AGGREGATE,without_mapper,subsample_10000,10000,4.151812160452482,134370
96,32,92,140,1.3583675026893616,91.48046875,1.12093985080719,112.3994140625,111.1806640625,BASELINE_AGGREGATE,without_mapper,subsample_10000,10000,4.151812160452482,134370
97,32,103,125,1.6934853047132492,91.671875,1.1367332190275192,112.3994140625,111.1806640625,BASELINE_AGGREGATE,without_mapper,subsample_10000,10000,4.151812160452482,134370
98,32,89,134,1.2842584401369095,91.86328125,1.1173896491527557,112.3994140625,111.1806640625,BASELINE_AGGREGATE,without_mapper,subsample_10000,10000,4.151812160452482,134370
99,32,105,129,1.2758001685142517,92.0546875,1.1272355914115906,112.3994140625,111.1806640625,BASELINE_AGGREGATE,without_mapper,subsample_10000,10000,4.151812160452482,134370
100,32,90,124,1.4339853078126907,92.24609375,1.1358801275491714,112.3994140625,111.1806640625,BASELINE_AGGREGATE,without_mapper,subsample_10000,10000,4.151812160452482,134370
101,32,100,136,1.2790989130735397,92.4375,1.1310037225484848,112.3994140625,111.1806640625,BASELINE_AGGREGATE,without_mapper,subsample_10000,10000,4.151812160452482,134370
102,32,97,132,1.455981284379959,92.62890625,1.1266451328992844,112.3994140625,111.1806640625,BASELINE_AGGREGATE,without_mapper,subsample_10000,10000,4.151812160452482,134370
103,32,88,127,1.3306178152561188,92.8203125,1.1298302561044693,112.3994140625,111.1806640625,BASELINE_AGGREGATE,without_mapper,subsample_10000,10000,4.151812160452482,134370
104,32,98,129,1.4766883105039597,93.01171875,1.12910196185112,112.3994140625,111.1806640625,BASELINE_AGGREGATE,without_mapper,subsample_10000,10000,4.151812160452482,134370
105,32,105,136,1.3293605297803879,93.203125,1.1133477091789246,112.3994140625,111.1806640625,BASELINE_AGGREGATE,without_mapper,subsample_10000,10000,4.151812160452482,134370
106,32,111,131,1.3293232768774033,93.39453125,1.1211317032575607,112.3994140625,111.1806640625,BASELINE_AGGREGATE,without_mapper,subsample_10000,10000,4.151812160452482,134370
107,32,93,126,1.2624748051166534,93.5859375,1.1201240122318268,112.3994140625,111.1806640625,BASELINE_AGGREGATE,without_mapper,subsample_10000,10000,4.151812160452482,134370
108,32,97,138,1.8434152007102966,93.77734375,1.1745765805244446,112.3994140625,111.1806640625,BASELINE_AGGREGATE,without_mapper,subsample_10000,10000,4.151812160452482,134370
109,32,121,153,1.3235360383987427,93.96875,1.1268015950918198,112.3994140625,111.1806640625,BASELINE_AGGREGATE,without_mapper,subsample_10000,10000,4.151812160452482,134370
110,32,128,153,1.4731474220752716,94.16015625,1.132320612668991,112.3994140625,111.1806640625,BASELINE_AGGREGATE,without_mapper,subsample_10000,10000,4.151812160452482,134370
111,32,96,130,1.4225933700799942,94.3515625,1.1226683855056763,112.3994140625,111.1806640625,BASELINE_AGGREGATE,without_mapper,subsample_10000,10000,4.151812160452482,134370
112,32,130,155,1.4834385365247726,94.54296875,1.1261701583862305,112.3994140625,111.1806640625,BASELINE_AGGREGATE,without_mapper,subsample_10000,10000,4.151812160452482,134370
113,32,83,115,1.3149939477443695,94.734375,1.1291056871414185,112.3994140625,111.1806640625,BASELINE_AGGREGATE,without_mapper,subsample_10000,10000,4.151812160452482,134370
114,32,77,110,1.334523782134056,94.92578125,1.1317618191242218,112.3994140625,111.1806640625,BASELINE_AGGREGATE,without_mapper,subsample_10000,10000,4.151812160452482,134370
115,32,97,129,1.5328321605920792,95.1171875,1.1254064738750458,112.3994140625,111.1806640625,BASELINE_AGGREGATE,without_mapper,subsample_10000,10000,4.151812160452482,134370
116,32,91,116,1.4315154403448105,95.30859375,1.131489872932434,112.3994140625,111.1806640625,BASELINE_AGGREGATE,without_mapper,subsample_10000,10000,4.151812160452482,134370
117,32,104,137,1.325942575931549,95.5,1.127569004893303,112.3994140625,111.1806640625,BASELINE_AGGREGATE,without_mapper,subsample_10000,10000,4.151812160452482,134370
118,32,104,141,1.7265770584344864,95.69140625,1.1277198791503906,112.3994140625,111.1806640625,BASELINE_AGGREGATE,without_mapper,subsample_10000,10000,4.151812160452482,134370
119,32,116,129,1.4412719756364822,95.8828125,1.1941641569137573,112.3994140625,111.1806640625,BASELINE_AGGREGATE,without_mapper,subsample_10000,10000,4.151812160452482,134370
120,32,67,116,1.3559665530920029,96.07421875,1.1369306594133377,112.3994140625,111.1806640625,BASELINE_AGGREGATE,without_mapper,subsample_10000,10000,4.151812160452482,134370
121,32,95,131,1.3206489384174347,96.265625,1.1281687766313553,112.3994140625,111.1806640625,BASELINE_AGGREGATE,without_mapper,subsample_10000,10000,4.151812160452482,134370
122,32,96,123,1.3118349015712738,96.45703125,1.1214278638362885,112.3994140625,111.1806640625,BASELINE_AGGREGATE,without_mapper,subsample_10000,10000,4.151812160452482,134370
123,32,111,138,1.3133697211742401,96.6484375,1.1259913444519043,112.3994140625,111.1806640625,BASELINE_AGGREGATE,without_mapper,subsample_10000,10000,4.151812160452482,134370
124,32,116,144,1.3163555413484573,96.83984375,1.124037429690361,112.3994140625,111.1806640625,BASELINE_AGGREGATE,without_mapper,subsample_10000,10000,4.151812160452482,134370
125,32,108,135,1.4523547142744064,97.03125,1.1688247323036194,112.3994140625,111.1806640625,BASELINE_AGGREGATE,without_mapper,subsample_10000,10000,4.151812160452482,134370
126,32,86,116,1.4533735811710358,97.22265625,1.1337008327245712,112.3994140625,111.1806640625,BASELINE_AGGREGATE,without_mapper,subsample_10000,10000,4.151812160452482,134370
127,32,81,118,1.4436021447181702,97.4140625,1.1215265840291977,112.3994140625,111.1806640625,BASELINE_AGGREGATE,without_mapper,subsample_10000,10000,4.151812160452482,134370
128,32,68,118,1.2986119836568832,97.60546875,1.1232607066631317,112.3994140625,111.1806640625,BASELINE_AGGREGATE,without_mapper,subsample_10000,10000,4.151812160452482,134370
129,32,119,148,1.704404130578041,97.796875,1.126360148191452,112.3994140625,111.1806640625,BASELINE_AGGREGATE,without_mapper,subsample_10000,10000,4.151812160452482,134370
130,32,95,129,1.4938116073608398,97.98828125,1.126110553741455,112.3994140625,111.1806640625,BASELINE_AGGREGATE,without_mapper,subsample_10000,10000,4.151812160452482,134370
131,32,97,134,1.319369301199913,98.1796875,1.1258479207754135,112.3994140625,111.1806640625,BASELINE_AGGREGATE,without_mapper,subsample_10000,10000,4.151812160452482,134370
132,32,117,146,1.4643091708421707,98.37109375,1.1203382164239883,112.3994140625,111.1806640625,BASELINE_AGGREGATE,without_mapper,subsample_10000,10000,4.151812160452482,134370
133,32,88,125,1.3233404606580734,98.5625,1.139659434556961,112.3994140625,111.1806640625,BASELINE_AGGREGATE,without_mapper,subsample_10000,10000,4.151812160452482,134370
134,32,84,126,1.4345161616802216,98.75390625,1.1551156640052795,112.3994140625,111.1806640625,BASELINE_AGGREGATE,without_mapper,subsample_10000,10000,4.151812160452482,134370
135,32,128,159,1.3084355741739273,98.9453125,1.1197123676538467,112.3994140625,111.1806640625,BASELINE_AGGREGATE,without_mapper,subsample_10000,10000,4.151812160452482,134370
136,32,98,133,1.3125352561473846,99.13671875,1.1773165315389633,112.3994140625,111.1806640625,BASELINE_AGGREGATE,without_mapper,subsample_10000,10000,4.151812160452482,134370
137,32,86,119,1.3195760548114777,99.328125,1.1220257729291916,112.3994140625,111.1806640625,BASELINE_AGGREGATE,without_mapper,subsample_10000,10000,4.151812160452482,134370
138,32,86,119,1.3147704303264618,99.51953125,1.1196359992027283,112.3994140625,111.1806640625,BASELINE_AGGREGATE,without_mapper,subsample_10000,10000,4.151812160452482,134370
139,32,102,137,1.5815868973731995,99.7109375,1.1210255324840546,112.3994140625,111.1806640625,BASELINE_AGGREGATE,without_mapper,subsample_10000,10000,4.151812160452482,134370
140,32,108,144,1.3137571513652802,99.90234375,1.1253207921981812,112.3994140625,111.1806640625,BASELINE_AGGREGATE,without_mapper,subsample_10000,10000,4.151812160452482,134370
141,32,115,134,1.3039689511060715,100.09375,1.1190641671419144,112.3994140625,111.1806640625,BASELINE_AGGREGATE,without_mapper,subsample_10000,10000,4.151812160452482,134370
142,32,102,125,1.4081448316574097,100.28515625,1.1295545846223831,112.3994140625,111.1806640625,BASELINE_AGGREGATE,without_mapper,subsample_10000,10000,4.151812160452482,134370
143,32,83,126,1.3037659227848053,100.4765625,1.123569905757904,112.3994140625,111.1806640625,BASELINE_AGGREGATE,without_mapper,subsample_10000,10000,4.151812160452482,134370
144,32,121,154,1.4107953757047653,100.66796875,1.1242125183343887,112.3994140625,111.1806640625,BASELINE_AGGREGATE,without_mapper,subsample_10000,10000,4.151812160452482,134370
145,32,105,135,1.2883953750133514,100.859375,1.1270679533481598,112.3994140625,111.1806640625,BASELINE_AGGREGATE,without_mapper,subsample_10000,10000,4.151812160452482,134370
146,32,97,127,1.2839343398809433,101.05078125,1.1351369321346283,112.3994140625,111.1806640625,BASELINE_AGGREGATE,without_mapper,subsample_10000,10000,4.151812160452482,134370
147,32,79,111,1.3975966721773148,101.2421875,1.1106599122285843,112.3994140625,111.1806640625,BASELINE_AGGREGATE,without_mapper,subsample_10000,10000,4.151812160452482,134370
148,32,113,145,1.3069547712802887,101.43359375,1.350289210677147,112.3994140625,111.1806640625,BASELINE_AGGREGATE,without_mapper,subsample_10000,10000,4.151812160452482,134370
149,32,120,146,1.306319609284401,101.625,1.1236406862735748,112.3994140625,111.1806640625,BASELINE_AGGREGATE,without_mapper,subsample_10000,10000,4.151812160452482,134370
150,32,131,152,1.6102921217679977,101.81640625,1.1393502354621887,112.3994140625,111.1806640625,BASELINE_AGGREGATE,without_mapper,subsample_10000,10000,4.151812160452482,134370
151,32,95,136,1.3031680136919022,102.0078125,1.117965206503868,112.3994140625,111.1806640625,BASELINE_AGGREGATE,without_mapper,subsample_10000,10000,4.151812160452482,134370
152,32,104,142,1.2943744659423828,102.19921875,1.1260919272899628,112.3994140625,111.1806640625,BASELINE_AGGREGATE,without_mapper,subsample_10000,10000,4.151812160452482,134370
153,32,118,141,1.3120882213115692,102.390625,1.1271163821220398,112.3994140625,111.1806640625,BASELINE_AGGREGATE,without_mapper,subsample_10000,10000,4.151812160452482,134370
154,32,107,134,1.446407288312912,102.58203125,1.1401288211345673,112.3994140625,111.1806640625,BASELINE_AGGREGATE,without_mapper,subsample_10000,10000,4.151812160452482,134370
155,32,92,123,1.3284198939800262,102.7734375,1.1314600706100464,112.3994140625,111.1806640625,BASELINE_AGGREGATE,without_mapper,subsample_10000,10000,4.151812160452482,134370
156,32,89,118,1.4215242117643356,102.96484375,1.139732077717781,112.3994140625,111.1806640625,BASELINE_AGGREGATE,without_mapper,subsample_10000,10000,4.151812160452482,134370
157,32,122,137,1.419059932231903,103.15625,1.123851165175438,112.3994140625,111.1806640625,BASELINE_AGGREGATE,without_mapper,subsample_10000,10000,4.151812160452482,134370
158,32,72,123,1.4392323791980743,103.34765625,1.1263862252235413,112.3994140625,111.1806640625,BASELINE_AGGREGATE,without_mapper,subsample_10000,10000,4.151812160452482,134370
159,32,136,152,1.3231318444013596,103.5390625,1.1138953268527985,112.3994140625,111.1806640625,BASELINE_AGGREGATE,without_mapper,subsample_10000,10000,4.151812160452482,134370
160,32,105,128,1.747792586684227,103.73046875,1.1243019253015518,112.3994140625,111.1806640625,BASELINE_AGGREGATE,without_mapper,subsample_10000,10000,4.151812160452482,134370
161,32,94,116,1.4555193483829498,103.921875,1.1917371302843094,112.3994140625,111.1806640625,BASELINE_AGGREGATE,without_mapper,subsample_10000,10000,4.151812160452482,134370
162,32,88,117,1.3193581253290176,104.11328125,1.1383499950170517,112.3994140625,111.1806640625,BASELINE_AGGREGATE,without_mapper,subsample_10000,10000,4.151812160452482,134370
163,32,86,124,1.302311196923256,104.3046875,1.1266879737377167,112.3994140625,111.1806640625,BASELINE_AGGREGATE,without_mapper,subsample_10000,10000,4.151812160452482,134370
164,32,120,141,1.445632427930832,104.49609375,1.1318288743495941,112.3994140625,111.1806640625,BASELINE_AGGREGATE,without_mapper,subsample_10000,10000,4.151812160452482,134370
165,32,95,120,1.4347806572914124,104.6875,1.1261478066444397,112.3994140625,111.1806640625,BASELINE_AGGREGATE,without_mapper,subsample_10000,10000,4.151812160452482,134370
166,32,91,133,1.3050884008407593,104.87890625,1.127062365412712,112.3994140625,111.1806640625,BASELINE_AGGREGATE,without_mapper,subsample_10000,10000,4.151812160452482,134370
167,32,100,133,1.3007540255784988,105.0703125,1.1192411184310913,112.3994140625,111.1806640625,BASELINE_AGGREGATE,without_mapper,subsample_10000,10000,4.151812160452482,134370
168,32,86,122,1.308940351009369,105.26171875,1.1356417089700699,112.3994140625,111.1806640625,BASELINE_AGGREGATE,without_mapper,subsample_10000,10000,4.151812160452482,134370
169,32,158,169,1.419195905327797,105.453125,1.115407794713974,112.3994140625,111.1806640625,BASELINE_AGGREGATE,without_mapper,subsample_10000,10000,4.151812160452482,134370
170,32,97,132,1.7059054225683212,105.64453125,1.1348854750394821,112.3994140625,111.1806640625,BASELINE_AGGREGATE,without_mapper,subsample_10000,10000,4.151812160452482,134370
171,32,98,130,1.2998394668102264,105.8359375,1.131165772676468,112.3994140625,111.1806640625,BASELINE_AGGREGATE,without_mapper,subsample_10000,10000,4.151812160452482,134370
172,32,116,145,1.2905728071928024,106.02734375,1.1250190436840057,112.3994140625,111.1806640625,BASELINE_AGGREGATE,without_mapper,subsample_10000,10000,4.151812160452482,134370
173,32,127,154,1.3979729264974594,106.21875,1.1205598711967468,112.3994140625,111.1806640625,BASELINE_AGGREGATE,without_mapper,subsample_10000,10000,4.151812160452482,134370
174,32,101,139,1.424398273229599,106.41015625,1.1305585503578186,112.3994140625,111.1806640625,BASELINE_AGGREGATE,without_mapper,subsample_10000,10000,4.151812160452482,134370
175,32,88,118,1.405816525220871,106.6015625,1.1200085282325745,112.3994140625,111.1806640625,BASELINE_AGGREGATE,without_mapper,subsample_10000,10000,4.151812160452482,134370
176,32,107,135,1.4397073537111282,106.79296875,1.1387970298528671,112.3994140625,111.1806640625,BASELINE_AGGREGATE,without_mapper,subsample_10000,10000,4.151812160452482,134370
177,32,126,153,1.2957341969013214,106.984375,1.1480040848255157,112.3994140625,111.1806640625,BASELINE_AGGREGATE,without_mapper,subsample_10000,10000,4.151812160452482,134370
178,32,96,133,1.4045350253582,107.17578125,1.2515615671873093,112.3994140625,111.1806640625,BASELINE_AGGREGATE,without_mapper,subsample_10000,10000,4.151812160452482,134370
179,32,91,136,1.3069473206996918,107.3671875,1.1197291314601898,112.3994140625,111.1806640625,BASELINE_AGGREGATE,without_mapper,subsample_10000,10000,4.151812160452482,134370
180,32,92,122,1.3022888451814651,107.55859375,1.1239983141422272,112.3994140625,111.1806640625,BASELINE_AGGREGATE,without_mapper,subsample_10000,10000,4.151812160452482,134370
181,32,85,135,1.6802046447992325,107.75,1.133989542722702,112.3994140625,111.1806640625,BASELINE_AGGREGATE,without_mapper,subsample_10000,10000,4.151812160452482,134370
182,32,107,141,1.3093389570713043,107.94140625,1.1333711445331573,112.3994140625,111.1806640625,BASELINE_AGGREGATE,without_mapper,subsample_10000,10000,4.151812160452482,134370
183,32,110,136,1.3175401836633682,108.1328125,1.12050399184227,112.3994140625,111.1806640625,BASELINE_AGGREGATE,without_mapper,subsample_10000,10000,4.151812160452482,134370
184,32,95,127,1.2951809912919998,108.32421875,1.1388473212718964,112.3994140625,111.1806640625,BASELINE_AGGREGATE,without_mapper,subsample_10000,10000,4.151812160452482,134370
185,32,102,146,1.3141892850399017,108.515625,1.1335629969835281,112.3994140625,111.1806640625,BASELINE_AGGREGATE,without_mapper,subsample_10000,10000,4.151812160452482,134370
186,32,114,152,1.436019316315651,108.70703125,1.1379756033420563,112.3994140625,111.1806640625,BASELINE_AGGREGATE,without_mapper,subsample_10000,10000,4.151812160452482,134370
187,32,119,143,1.299973577260971,108.8984375,1.127529889345169,112.3994140625,111.1806640625,BASELINE_AGGREGATE,without_mapper,subsample_10000,10000,4.151812160452482,134370
188,32,95,123,1.992763951420784,109.08984375,1.1851396411657333,112.3994140625,111.1806640625,BASELINE_AGGREGATE,without_mapper,subsample_10000,10000,4.151812160452482,134370
189,32,121,143,1.292472705245018,109.28125,1.1278651654720306,112.3994140625,111.1806640625,BASELINE_AGGREGATE,without_mapper,subsample_10000,10000,4.151812160452482,134370
190,32,132,168,1.295996829867363,109.47265625,1.12929567694664,112.3994140625,111.1806640625,BASELINE_AGGREGATE,without_mapper,subsample_10000,10000,4.151812160452482,134370
191,32,92,138,1.5518739819526672,109.6640625,1.115795224905014,112.3994140625,111.1806640625,BASELINE_AGGREGATE,without_mapper,subsample_10000,10000,4.151812160452482,134370
192,32,101,128,1.298980787396431,109.85546875,1.114754006266594,112.3994140625,111.1806640625,BASELINE_AGGREGATE,without_mapper,subsample_10000,10000,4.151812160452482,134370
193,32,120,146,1.4099683612585068,110.046875,1.1253580451011658,112.3994140625,111.1806640625,BASELINE_AGGREGATE,without_mapper,subsample_10000,10000,4.151812160452482,134370
194,32,105,127,1.429857686161995,110.23828125,1.132933422923088,112.3994140625,111.1806640625,BASELINE_AGGREGATE,without_mapper,subsample_10000,10000,4.151812160452482,134370
195,32,100,124,1.3916734606027603,110.4296875,1.1198651045560837,112.3994140625,111.1806640625,BASELINE_AGGREGATE,without_mapper,subsample_10000,10000,4.151812160452482,134370
196,32,110,137,1.3013612478971481,110.62109375,1.1263657361268997,112.3994140625,111.1806640625,BASELINE_AGGREGATE,without_mapper,subsample_10000,10000,4.151812160452482,134370
197,32,102,137,1.2991949915885925,110.8125,1.1182501912117004,112.3994140625,111.1806640625,BASELINE_AGGREGATE,without_mapper,subsample_10000,10000,4.151812160452482,134370
198,32,104,132,1.2721288949251175,111.00390625,1.1447817087173462,112.3994140625,111.1806640625,BASELINE_AGGREGATE,without_mapper,subsample_10000,10000,4.151812160452482,134370
199,32,130,155,1.2865997850894928,111.1953125,1.1216681450605392,112.3994140625,111.1806640625,BASELINE_AGGREGATE,without_mapper,subsample_10000,10000,4.151812160452482,134370
0,32,106,134,2.9105935245752335,93.41259765625,1.6323719173669815,133.6318359375,132.4130859375,INDIVIDUAL_ANNOTATOR,with_mapper,subsample_10000,10000,4.151812160452482,134370
1,32,79,123,2.9464755207300186,93.6083984375,1.642836257815361,133.63134765625,132.41357421875,INDIVIDUAL_ANNOTATOR,with_mapper,subsample_10000,10000,4.151812160452482,134370
2,32,88,116,3.243744373321533,93.8046875,1.6384292393922806,133.63232421875,132.41162109375,INDIVIDUAL_ANNOTATOR,with_mapper,subsample_10000,10000,4.151812160452482,134370
3,32,120,152,2.915525808930397,93.9990234375,1.6345847398042679,133.630859375,132.4130859375,INDIVIDUAL_ANNOTATOR,with_mapper,subsample_10000,10000,4.151812160452482,134370
4,32,90,124,2.762332558631897,94.19482421875,1.6239359974861145,133.63134765625,132.41162109375,INDIVIDUAL_ANNOTATOR,with_mapper,subsample_10000,10000,4.151812160452482,134370
5,32,86,118,2.823440358042717,94.38916015625,1.632561907172203,133.63037109375,132.41259765625,INDIVIDUAL_ANNOTATOR,with_mapper,subsample_10000,10000,4.151812160452482,134370
6,32,85,125,2.879668027162552,94.58447265625,1.6449317336082458,133.63134765625,132.41357421875,INDIVIDUAL_ANNOTATOR,with_mapper,subsample_10000,10000,4.151812160452482,134370
7,32,120,145,2.7774199843406677,94.78076171875,1.7507802695035934,133.6337890625,132.416015625,INDIVIDUAL_ANNOTATOR,with_mapper,subsample_10000,10000,4.151812160452482,134370
8,32,111,139,2.8040315955877304,94.978515625,1.6405526548624039,133.6337890625,132.4140625,INDIVIDUAL_ANNOTATOR,with_mapper,subsample_10000,10000,4.151812160452482,134370
9,32,97,132,2.7373284101486206,95.17529296875,1.6330517828464508,133.6328125,132.412109375,INDIVIDUAL_ANNOTATOR,with_mapper,subsample_10000,10000,4.151812160452482,134370
10,32,87,119,2.9051359742879868,95.3701171875,1.6395654529333115,133.63037109375,132.41162109375,INDIVIDUAL_ANNOTATOR,with_mapper,subsample_10000,10000,4.151812160452482,134370
11,32,103,141,2.794157713651657,95.564453125,1.6244426369667053,133.630859375,132.4130859375,INDIVIDUAL_ANNOTATOR,with_mapper,subsample_10000,10000,4.151812160452482,134370
12,32,125,154,2.7859527617692947,95.76025390625,1.6382001340389252,133.6318359375,132.4140625,INDIVIDUAL_ANNOTATOR,with_mapper,subsample_10000,10000,4.151812160452482,134370
13,32,91,124,3.0173994600772858,95.95703125,1.6092155128717422,133.63232421875,132.41357421875,INDIVIDUAL_ANNOTATOR,with_mapper,subsample_10000,10000,4.151812160452482,134370
14,32,93,117,2.736387774348259,96.1533203125,1.6253367066383362,133.63232421875,132.41162109375,INDIVIDUAL_ANNOTATOR,with_mapper,subsample_10000,10000,4.151812160452482,134370
15,32,106,133,2.8427578508853912,96.34765625,1.635923981666565,133.630859375,132.4130859375,INDIVIDUAL_ANNOTATOR,with_mapper,subsample_10000,10000,4.151812160452482,134370
16,32,102,126,2.7650687843561172,96.54345703125,1.6309991478919983,133.63134765625,132.41259765625,INDIVIDUAL_ANNOTATOR,with_mapper,subsample_10000,10000,4.151812160452482,134370
17,32,91,134,2.7621034532785416,96.73876953125,1.6459152102470398,133.6318359375,132.4130859375,INDIVIDUAL_ANNOTATOR,with_mapper,subsample_10000,10000,4.151812160452482,134370
18,32,105,125,2.8483644127845764,96.9345703125,1.6346648335456848,133.63134765625,132.41259765625,INDIVIDUAL_ANNOTATOR,with_mapper,subsample_10000,10000,4.151812160452482,134370
19,32,106,128,2.788359299302101,97.1298828125,1.6072187572717667,133.63134765625,132.41259765625,INDIVIDUAL_ANNOTATOR,with_mapper,subsample_10000,10000,4.151812160452482,134370
20,32,136,164,2.823043614625931,97.3251953125,1.6357116401195526,133.6328125,132.416015625,INDIVIDUAL_ANNOTATOR,with_mapper,subsample_10000,10000,4.151812160452482,134370
21,32,122,148,2.8149615973234177,97.52294921875,1.6186367720365524,133.6337890625,132.4140625,INDIVIDUAL_ANNOTATOR,with_mapper,subsample_10000,10000,4.151812160452482,134370
22,32,114,140,2.774283289909363,97.7197265625,1.6781296581029892,133.6328125,132.4130859375,INDIVIDUAL_ANNOTATOR,with_mapper,subsample_10000,10000,4.151812160452482,134370
23,32,84,126,3.103984519839287,97.91552734375,1.6329362988471985,133.63134765625,132.41259765625,INDIVIDUAL_ANNOTATOR,with_mapper,subsample_10000,10000,4.151812160452482,134370
24,32,99,141,2.762923017144203,98.11083984375,1.6339384019374847,133.6318359375,132.4140625,INDIVIDUAL_ANNOTATOR,with_mapper,subsample_10000,10000,4.151812160452482,134370
25,32,82,113,2.8373878449201584,98.3076171875,1.6366951167583466,133.63232421875,132.41162109375,INDIVIDUAL_ANNOTATOR,with_mapper,subsample_10000,10000,4.151812160452482,134370
26,32,121,135,2.8656385838985443,98.501953125,1.654352992773056,133.630859375,132.4130859375,INDIVIDUAL_ANNOTATOR,with_mapper,subsample_10000,10000,4.151812160452482,134370
27,32,91,123,2.7578994631767273,98.69775390625,1.6357451677322388,133.63134765625,132.41162109375,INDIVIDUAL_ANNOTATOR,with_mapper,subsample_10000,10000,4.151812160452482,134370
28,32,110,134,2.773229032754898,98.89208984375,1.6493741422891617,133.630859375,132.4140625,INDIVIDUAL_ANNOTATOR,with_mapper,subsample_10000,10000,4.151812160452482,134370
29,32,109,142,2.7735773473978043,99.0888671875,1.6416944563388824,133.6337890625,132.416015625,INDIVIDUAL_ANNOTATOR,with_mapper,subsample_10000,10000,4.151812160452482,134370
30,32,84,117,2.8448812663555145,99.28662109375,1.6271602362394333,133.63427734375,132.41552734375,INDIVIDUAL_ANNOTATOR,with_mapper,subsample_10000,10000,4.151812160452482,134370
31,32,120,145,2.8010420501232147,99.48388671875,1.6293283551931381,133.6337890625,132.4140625,INDIVIDUAL_ANNOTATOR,with_mapper,subsample_10000,10000,4.151812160452482,134370
32,32,103,129,2.7844440191984177,99.6806640625,1.7399899661540985,133.6328125,132.4130859375,INDIVIDUAL_ANNOTATOR,with_mapper,subsample_10000,10000,4.151812160452482,134370
33,32,124,155,3.0456651002168655,99.87646484375,1.6355086117982864,133.6328125,132.416015625,INDIVIDUAL_ANNOTATOR,with_mapper,subsample_10000,10000,4.151812160452482,134370
34,32,99,130,2.8387848287820816,100.07421875,1.6371440142393112,133.6337890625,132.4140625,INDIVIDUAL_ANNOTATOR,with_mapper,subsample_10000,10000,4.151812160452482,134370
35,32,112,146,2.7853529900312424,100.27099609375,1.636747270822525,133.6328125,132.4140625,INDIVIDUAL_ANNOTATOR,with_mapper,subsample_10000,10000,4.151812160452482,134370
36,32,110,134,2.852039411664009,100.4677734375,1.6304180026054382,133.6328125,132.4130859375,INDIVIDUAL_ANNOTATOR,with_mapper,subsample_10000,10000,4.151812160452482,134370
37,32,91,132,2.7656499296426773,100.66357421875,1.622544601559639,133.6318359375,132.4140625,INDIVIDUAL_ANNOTATOR,with_mapper,subsample_10000,10000,4.151812160452482,134370
38,32,124,145,2.878449857234955,100.8603515625,1.6262717545032501,133.6337890625,132.416015625,INDIVIDUAL_ANNOTATOR,with_mapper,subsample_10000,10000,4.151812160452482,134370
39,32,79,114,2.748962491750717,101.05810546875,1.6439687460660934,133.63330078125,132.41162109375,INDIVIDUAL_ANNOTATOR,with_mapper,subsample_10000,10000,4.151812160452482,134370
40,32,105,136,2.8589479625225067,101.25244140625,1.6330815851688385,133.630859375,132.4130859375,INDIVIDUAL_ANNOTATOR,with_mapper,subsample_10000,10000,4.151812160452482,134370
41,32,95,123,2.8902553021907806,101.4482421875,1.6226023435592651,133.63134765625,132.41259765625,INDIVIDUAL_ANNOTATOR,with_mapper,subsample_10000,10000,4.151812160452482,134370
42,32,87,116,2.756316214799881,101.6435546875,1.6172975301742554,133.63134765625,132.41259765625,INDIVIDUAL_ANNOTATOR,with_mapper,subsample_10000,10000,4.151812160452482,134370
43,32,102,133,3.051823005080223,101.8388671875,1.6307905316352844,133.6318359375,132.4130859375,INDIVIDUAL_ANNOTATOR,with_mapper,subsample_10000,10000,4.151812160452482,134370
44,32,108,136,2.779018133878708,102.03466796875,1.619270071387291,133.6318359375,132.4140625,INDIVIDUAL_ANNOTATOR,with_mapper,subsample_10000,10000,4.151812160452482,134370
45,32,110,123,2.830568701028824,102.2314453125,1.6328487545251846,133.63232421875,132.41357421875,INDIVIDUAL_ANNOTATOR,with_mapper,subsample_10000,10000,4.151812160452482,134370
46,32,88,121,2.8290748596191406,102.427734375,1.6426946967840195,133.63232421875,132.41162109375,INDIVIDUAL_ANNOTATOR,with_mapper,subsample_10000,10000,4.151812160452482,134370
47,32,92,121,2.850346267223358,102.6220703125,1.6245674341917038,133.63037109375,132.41259765625,INDIVIDUAL_ANNOTATOR,with_mapper,subsample_10000,10000,4.151812160452482,134370
48,32,115,144,2.768987789750099,102.8173828125,1.6359630972146988,133.6318359375,132.4140625,INDIVIDUAL_ANNOTATOR,with_mapper,subsample_10000,10000,4.151812160452482,134370
49,32,153,170,2.921121194958687,103.01416015625,1.64092518389225,133.6328125,132.4140625,INDIVIDUAL_ANNOTATOR,with_mapper,subsample_10000,10000,4.151812160452482,134370
50,32,85,125,2.8255749493837357,103.2109375,1.6137734055519104,133.63232421875,132.41259765625,INDIVIDUAL_ANNOTATOR,with_mapper,subsample_10000,10000,4.151812160452482,134370
51,32,98,132,2.848314121365547,103.40625,1.6251560300588608,133.6318359375,132.4130859375,INDIVIDUAL_ANNOTATOR,with_mapper,subsample_10000,10000,4.151812160452482,134370
52,32,105,141,2.8949007391929626,103.60205078125,1.612657681107521,133.6318359375,132.4130859375,INDIVIDUAL_ANNOTATOR,with_mapper,subsample_10000,10000,4.151812160452482,134370
53,32,100,139,3.041395917534828,103.7978515625,1.6482379287481308,133.6318359375,132.412109375,INDIVIDUAL_ANNOTATOR,with_mapper,subsample_10000,10000,4.151812160452482,134370
54,32,107,144,2.7843844145536423,103.99267578125,1.728234812617302,133.630859375,132.4140625,INDIVIDUAL_ANNOTATOR,with_mapper,subsample_10000,10000,4.151812160452482,134370
55,32,117,144,2.864215523004532,104.189453125,1.603890210390091,133.6328125,132.4140625,INDIVIDUAL_ANNOTATOR,with_mapper,subsample_10000,10000,4.151812160452482,134370
56,32,94,136,2.820940688252449,104.38623046875,1.6368180513381958,133.6328125,132.4130859375,INDIVIDUAL_ANNOTATOR,with_mapper,subsample_10000,10000,4.151812160452482,134370
57,32,99,128,2.816077321767807,104.58203125,1.6249455511569977,133.63134765625,132.41259765625,INDIVIDUAL_ANNOTATOR,with_mapper,subsample_10000,10000,4.151812160452482,134370
58,32,81,122,2.844531089067459,104.77734375,1.6394909471273422,133.63134765625,132.41259765625,INDIVIDUAL_ANNOTATOR,with_mapper,subsample_10000,10000,4.151812160452482,134370
59,32,102,135,2.8314776718616486,104.97265625,1.6230158507823944,133.6318359375,132.4140625,INDIVIDUAL_ANNOTATOR,with_mapper,subsample_10000,10000,4.151812160452482,134370
60,32,90,121,2.7520470321178436,105.16943359375,1.610858365893364,133.63232421875,132.41259765625,INDIVIDUAL_ANNOTATOR,with_mapper,subsample_10000,10000,4.151812160452482,134370
61,32,97,138,2.7808640152215958,105.36474609375,1.6149990260601044,133.6318359375,132.4140625,INDIVIDUAL_ANNOTATOR,with_mapper,subsample_10000,10000,4.151812160452482,134370
62,32,98,135,2.7658268809318542,105.5615234375,1.6970224678516388,133.6328125,132.4140625,INDIVIDUAL_ANNOTATOR,with_mapper,subsample_10000,10000,4.151812160452482,134370
63,32,67,98,2.9890276491642,105.75830078125,1.643739640712738,133.63232421875,132.41162109375,INDIVIDUAL_ANNOTATOR,with_mapper,subsample_10000,10000,4.151812160452482,134370
64,32,83,130,3.00494022667408,105.95263671875,1.6106441617012024,133.630859375,132.4130859375,INDIVIDUAL_ANNOTATOR,with_mapper,subsample_10000,10000,4.151812160452482,134370
65,32,142,162,2.8841346502304077,106.1484375,1.6301404684782028,133.6328125,132.416015625,INDIVIDUAL_ANNOTATOR,with_mapper,subsample_10000,10000,4.151812160452482,134370
66,32,133,162,2.809559926390648,106.34619140625,1.630472019314766,133.634765625,132.416015625,INDIVIDUAL_ANNOTATOR,with_mapper,subsample_10000,10000,4.151812160452482,134370
67,32,111,141,2.87790410220623,106.5439453125,1.6436092555522919,133.6337890625,132.4130859375,INDIVIDUAL_ANNOTATOR,with_mapper,subsample_10000,10000,4.151812160452482,134370
68,32,111,137,2.7755126357078552,106.73974609375,1.6300398856401443,133.6318359375,132.4140625,INDIVIDUAL_ANNOTATOR,with_mapper,subsample_10000,10000,4.151812160452482,134370
69,32,122,153,2.868901938199997,106.9365234375,1.6379952430725098,133.6328125,132.4140625,INDIVIDUAL_ANNOTATOR,with_mapper,subsample_10000,10000,4.151812160452482,134370
70,32,102,129,2.7743112295866013,107.13330078125,1.6254093497991562,133.6328125,132.4130859375,INDIVIDUAL_ANNOTATOR,with_mapper,subsample_10000,10000,4.151812160452482,134370
71,32,91,131,2.763662487268448,107.3291015625,1.6416404396295547,133.6318359375,132.412109375,INDIVIDUAL_ANNOTATOR,with_mapper,subsample_10000,10000,4.151812160452482,134370
72,32,100,130,2.8017275035381317,107.52392578125,1.6401708126068115,133.630859375,132.4130859375,INDIVIDUAL_ANNOTATOR,with_mapper,subsample_10000,10000,4.151812160452482,134370
73,32,120,154,2.785390242934227,107.7197265625,1.7855670303106308,133.6318359375,132.4140625,INDIVIDUAL_ANNOTATOR,with_mapper,subsample_10000,10000,4.151812160452482,134370
74,32,106,136,3.103373572230339,107.91650390625,1.6163289546966553,133.6328125,132.4140625,INDIVIDUAL_ANNOTATOR,with_mapper,subsample_10000,10000,4.151812160452482,134370
75,32,119,151,2.8708335012197495,108.11328125,1.7824023962020874,133.6328125,132.4130859375,INDIVIDUAL_ANNOTATOR,with_mapper,subsample_10000,10000,4.151812160452482,134370
76,32,90,119,2.7306322008371353,108.30908203125,1.6240347176790237,133.63134765625,132.41259765625,INDIVIDUAL_ANNOTATOR,with_mapper,subsample_10000,10000,4.151812160452482,134370
77,32,106,140,2.7579180896282196,108.50439453125,1.6548912972211838,133.6318359375,132.4140625,INDIVIDUAL_ANNOTATOR,with_mapper,subsample_10000,10000,4.151812160452482,134370
78,32,96,133,2.86857970058918,108.701171875,1.6217678785324097,133.6328125,132.4130859375,INDIVIDUAL_ANNOTATOR,with_mapper,subsample_10000,10000,4.151812160452482,134370
79,32,110,134,2.781093120574951,108.89697265625,1.6260761767625809,133.6318359375,132.4140625,INDIVIDUAL_ANNOTATOR,with_mapper,subsample_10000,10000,4.151812160452482,134370
80,32,119,141,2.848079428076744,109.09375,1.6164295375347137,133.6328125,132.4130859375,INDIVIDUAL_ANNOTATOR,with_mapper,subsample_10000,10000,4.151812160452482,134370
81,32,108,142,2.778002992272377,109.28955078125,1.6429796814918518,133.6318359375,132.4130859375,INDIVIDUAL_ANNOTATOR,with_mapper,subsample_10000,10000,4.151812160452482,134370
82,32,99,125,2.7426574379205704,109.4853515625,1.7177499830722809,133.63134765625,132.41259765625,INDIVIDUAL_ANNOTATOR,with_mapper,subsample_10000,10000,4.151812160452482,134370
83,32,115,142,2.750178799033165,109.6806640625,1.621093600988388,133.6318359375,132.4130859375,INDIVIDUAL_ANNOTATOR,with_mapper,subsample_10000,10000,4.151812160452482,134370
84,32,114,137,3.0069276690483093,109.87646484375,1.627722755074501,133.6318359375,132.4130859375,INDIVIDUAL_ANNOTATOR,with_mapper,subsample_10000,10000,4.151812160452482,134370
85,32,132,168,2.781923860311508,110.072265625,1.6995873302221298,133.6318359375,132.4140625,INDIVIDUAL_ANNOTATOR,with_mapper,subsample_10000,10000,4.151812160452482,134370
86,32,118,140,2.799486741423607,110.26904296875,1.6368180513381958,133.6328125,132.4140625,INDIVIDUAL_ANNOTATOR,with_mapper,subsample_10000,10000,4.151812160452482,134370
87,32,95,123,2.7549713850021362,110.4658203125,1.623367890715599,133.63232421875,132.41162109375,INDIVIDUAL_ANNOTATOR,with_mapper,subsample_10000,10000,4.151812160452482,134370
88,32,90,125,2.826858311891556,110.66015625,1.6401764005422592,133.63037109375,132.41259765625,INDIVIDUAL_ANNOTATOR,with_mapper,subsample_10000,10000,4.151812160452482,134370
89,32,94,123,2.8169117867946625,110.85546875,1.6279537230730057,133.63134765625,132.41357421875,INDIVIDUAL_ANNOTATOR,with_mapper,subsample_10000,10000,4.151812160452482,134370
90,32,135,150,2.895694226026535,111.0517578125,1.6230680048465729,133.6328125,132.4140625,INDIVIDUAL_ANNOTATOR,with_mapper,subsample_10000,10000,4.151812160452482,134370
91,32,156,171,2.99626961350441,111.24853515625,1.9099824130535126,133.6328125,132.4140625,INDIVIDUAL_ANNOTATOR,with_mapper,subsample_10000,10000,4.151812160452482,134370
92,32,99,130,2.799220383167267,111.4453125,1.634715124964714,133.6328125,132.4130859375,INDIVIDUAL_ANNOTATOR,with_mapper,subsample_10000,10000,4.151812160452482,134370
93,32,84,117,2.8127916157245636,111.64111328125,1.6362033784389496,133.63134765625,132.41259765625,INDIVIDUAL_ANNOTATOR,with_mapper,subsample_10000,10000,4.151812160452482,134370
94,32,100,147,3.0545275658369064,111.83642578125,1.6245562583208084,133.6318359375,132.4140625,INDIVIDUAL_ANNOTATOR,with_mapper,subsample_10000,10000,4.151812160452482,134370
95,32,126,144,2.768624573945999,112.033203125,1.6271360218524933,133.6328125,132.4140625,INDIVIDUAL_ANNOTATOR,with_mapper,subsample_10000,10000,4.151812160452482,134370
96,32,92,140,2.758147194981575,112.22998046875,1.6290079802274704,133.6328125,132.4130859375,INDIVIDUAL_ANNOTATOR,with_mapper,subsample_10000,10000,4.151812160452482,134370
97,32,103,125,2.9548034071922302,112.42578125,1.626206561923027,133.63134765625,132.41259765625,INDIVIDUAL_ANNOTATOR,with_mapper,subsample_10000,10000,4.151812160452482,134370
98,32,89,134,2.7487222105264664,112.62109375,1.6224049031734467,133.6328125,132.416015625,INDIVIDUAL_ANNOTATOR,with_mapper,subsample_10000,10000,4.151812160452482,134370
99,32,105,129,2.8084907680749893,112.81884765625,1.616915687918663,133.6337890625,132.4130859375,INDIVIDUAL_ANNOTATOR,with_mapper,subsample_10000,10000,4.151812160452482,134370
100,32,90,124,2.808663994073868,113.0146484375,1.6773194074630737,133.63134765625,132.41162109375,INDIVIDUAL_ANNOTATOR,with_mapper,subsample_10000,10000,4.151812160452482,134370
101,32,100,136,2.7442388236522675,113.208984375,1.6423184424638748,133.630859375,132.4130859375,INDIVIDUAL_ANNOTATOR,with_mapper,subsample_10000,10000,4.151812160452482,134370
102,32,97,132,2.810448408126831,113.40478515625,1.6251076012849808,133.6318359375,132.4130859375,INDIVIDUAL_ANNOTATOR,with_mapper,subsample_10000,10000,4.151812160452482,134370
103,32,88,127,2.7092956006526947,113.6005859375,1.6400553286075592,133.63134765625,132.41162109375,INDIVIDUAL_ANNOTATOR,with_mapper,subsample_10000,10000,4.151812160452482,134370
104,32,98,129,3.1139925122261047,113.794921875,1.688007265329361,133.630859375,132.4140625,INDIVIDUAL_ANNOTATOR,with_mapper,subsample_10000,10000,4.151812160452482,134370
105,32,105,136,2.74672731757164,113.99169921875,1.6177017241716385,133.6328125,132.4140625,INDIVIDUAL_ANNOTATOR,with_mapper,subsample_10000,10000,4.151812160452482,134370
106,32,111,131,2.7536340057849884,114.1884765625,1.630360260605812,133.6328125,132.4130859375,INDIVIDUAL_ANNOTATOR,with_mapper,subsample_10000,10000,4.151812160452482,134370
107,32,93,126,2.7466826140880585,114.38427734375,1.6212910413742065,133.63134765625,132.41259765625,INDIVIDUAL_ANNOTATOR,with_mapper,subsample_10000,10000,4.151812160452482,134370
108,32,97,138,2.8360076248645782,114.57958984375,1.6113705933094025,133.6318359375,132.4140625,INDIVIDUAL_ANNOTATOR,with_mapper,subsample_10000,10000,4.151812160452482,134370
109,32,121,153,2.787278965115547,114.7763671875,1.6403403133153915,133.6328125,132.4140625,INDIVIDUAL_ANNOTATOR,with_mapper,subsample_10000,10000,4.151812160452482,134370
110,32,128,153,2.8338320553302765,114.97314453125,1.6224663704633713,133.6328125,132.4140625,INDIVIDUAL_ANNOTATOR,with_mapper,subsample_10000,10000,4.151812160452482,134370
111,32,96,130,2.816310152411461,115.169921875,1.6296189278364182,133.6328125,132.412109375,INDIVIDUAL_ANNOTATOR,with_mapper,subsample_10000,10000,4.151812160452482,134370
112,32,130,155,3.013094887137413,115.36474609375,1.6447678208351135,133.630859375,132.4140625,INDIVIDUAL_ANNOTATOR,with_mapper,subsample_10000,10000,4.151812160452482,134370
113,32,83,115,2.7224253863096237,115.5615234375,1.6435440629720688,133.63232421875,132.41162109375,INDIVIDUAL_ANNOTATOR,with_mapper,subsample_10000,10000,4.151812160452482,134370
114,32,77,110,2.7278177440166473,115.755859375,1.7329491674900055,133.63037109375,132.41162109375,INDIVIDUAL_ANNOTATOR,with_mapper,subsample_10000,10000,4.151812160452482,134370
115,32,97,129,3.0929651111364365,115.9501953125,1.7137359827756882,133.630859375,132.4130859375,INDIVIDUAL_ANNOTATOR,with_mapper,subsample_10000,10000,4.151812160452482,134370
116,32,91,116,2.869604155421257,116.14599609375,1.7125532031059265,133.63134765625,132.41259765625,INDIVIDUAL_ANNOTATOR,with_mapper,subsample_10000,10000,4.151812160452482,134370
117,32,104,137,2.7678515762090683,116.34130859375,1.7490368336439133,133.6318359375,132.4140625,INDIVIDUAL_ANNOTATOR,with_mapper,subsample_10000,10000,4.151812160452482,134370
118,32,104,141,2.842126414179802,116.5380859375,1.834256574511528,133.6328125,132.4140625,INDIVIDUAL_ANNOTATOR,with_mapper,subsample_10000,10000,4.151812160452482,134370
119,32,116,129,2.861103042960167,116.73486328125,1.6390234231948853,133.6328125,132.4130859375,INDIVIDUAL_ANNOTATOR,with_mapper,subsample_10000,10000,4.151812160452482,134370
120,32,67,116,2.7382206171751022,116.9306640625,1.6338769346475601,133.63134765625,132.41162109375,INDIVIDUAL_ANNOTATOR,with_mapper,subsample_10000,10000,4.151812160452482,134370
121,32,95,131,2.7415286749601364,117.125,1.6781538724899292,133.630859375,132.412109375,INDIVIDUAL_ANNOTATOR,with_mapper,subsample_10000,10000,4.151812160452482,134370
122,32,96,123,2.756185829639435,117.31982421875,1.6267765313386917,133.63037109375,132.41259765625,INDIVIDUAL_ANNOTATOR,with_mapper,subsample_10000,10000,4.151812160452482,134370
123,32,111,138,2.7878209948539734,117.51513671875,1.6403812915086746,133.6318359375,132.4130859375,INDIVIDUAL_ANNOTATOR,with_mapper,subsample_10000,10000,4.151812160452482,134370
124,32,116,144,2.776212990283966,117.7109375,1.6216505318880081,133.6318359375,132.4140625,INDIVIDUAL_ANNOTATOR,with_mapper,subsample_10000,10000,4.151812160452482,134370
125,32,108,135,3.131559118628502,117.90771484375,1.6221143305301666,133.6328125,132.4130859375,INDIVIDUAL_ANNOTATOR,with_mapper,subsample_10000,10000,4.151812160452482,134370
126,32,86,116,2.8932709246873856,118.103515625,1.6305036842823029,133.63134765625,132.41357421875,INDIVIDUAL_ANNOTATOR,with_mapper,subsample_10000,10000,4.151812160452482,134370
127,32,81,118,2.796437591314316,118.2998046875,1.6331132501363754,133.63232421875,132.41162109375,INDIVIDUAL_ANNOTATOR,with_mapper,subsample_10000,10000,4.151812160452482,134370
128,32,68,118,2.7336478233337402,118.494140625,1.7126686871051788,133.63037109375,132.41259765625,INDIVIDUAL_ANNOTATOR,with_mapper,subsample_10000,10000,4.151812160452482,134370
129,32,119,148,2.8370004147291183,118.689453125,1.6175322234630585,133.6328125,132.416015625,INDIVIDUAL_ANNOTATOR,with_mapper,subsample_10000,10000,4.151812160452482,134370
130,32,95,129,2.8802212327718735,118.88720703125,1.6405489295721054,133.634765625,132.416015625,INDIVIDUAL_ANNOTATOR,with_mapper,subsample_10000,10000,4.151812160452482,134370
131,32,97,134,2.758968621492386,119.0849609375,1.636439934372902,133.6337890625,132.4140625,INDIVIDUAL_ANNOTATOR,with_mapper,subsample_10000,10000,4.151812160452482,134370
132,32,117,146,2.887638285756111,119.28173828125,1.6299597918987274,133.6328125,132.4140625,INDIVIDUAL_ANNOTATOR,with_mapper,subsample_10000,10000,4.151812160452482,134370
133,32,88,125,2.843094989657402,119.478515625,1.628601923584938,133.63232421875,132.41162109375,INDIVIDUAL_ANNOTATOR,with_mapper,subsample_10000,10000,4.151812160452482,134370
134,32,84,126,2.794230356812477,119.6728515625,1.6615483909845352,133.63037109375,132.41259765625,INDIVIDUAL_ANNOTATOR,with_mapper,subsample_10000,10000,4.151812160452482,134370
135,32,128,159,3.0403509736061096,119.8681640625,1.6324482858181,133.6328125,132.4169921875,INDIVIDUAL_ANNOTATOR,with_mapper,subsample_10000,10000,4.151812160452482,134370
136,32,98,133,2.7282685041427612,120.06689453125,1.6083084046840668,133.634765625,132.4140625,INDIVIDUAL_ANNOTATOR,with_mapper,subsample_10000,10000,4.151812160452482,134370
137,32,86,119,2.7234014123678207,120.263671875,1.6299933195114136,133.63232421875,132.41162109375,INDIVIDUAL_ANNOTATOR,with_mapper,subsample_10000,10000,4.151812160452482,134370
138,32,86,119,2.7201268821954727,120.4580078125,1.6202684491872787,133.63037109375,132.41162109375,INDIVIDUAL_ANNOTATOR,with_mapper,subsample_10000,10000,4.151812160452482,134370
139,32,102,137,2.7640406042337418,120.65234375,1.6258731484413147,133.630859375,132.4140625,INDIVIDUAL_ANNOTATOR,with_mapper,subsample_10000,10000,4.151812160452482,134370
140,32,108,144,2.777291461825371,120.84912109375,1.633601263165474,133.6328125,132.4140625,INDIVIDUAL_ANNOTATOR,with_mapper,subsample_10000,10000,4.151812160452482,134370
141,32,115,134,2.759315073490143,121.0458984375,1.6392059624195099,133.6328125,132.4140625,INDIVIDUAL_ANNOTATOR,with_mapper,subsample_10000,10000,4.151812160452482,134370
142,32,102,125,2.890363335609436,121.24267578125,1.6350634396076202,133.63232421875,132.41259765625,INDIVIDUAL_ANNOTATOR,with_mapper,subsample_10000,10000,4.151812160452482,134370
143,32,83,126,2.7250517159700394,121.43798828125,1.6860682517290115,133.63134765625,132.41259765625,INDIVIDUAL_ANNOTATOR,with_mapper,subsample_10000,10000,4.151812160452482,134370
144,32,121,154,2.8331931680440903,121.63330078125,1.6409996896982193,133.6318359375,132.4140625,INDIVIDUAL_ANNOTATOR,with_mapper,subsample_10000,10000,4.151812160452482,134370
145,32,105,135,3.0365902930498123,121.830078125,1.6172397881746292,133.6328125,132.4140625,INDIVIDUAL_ANNOTATOR,with_mapper,subsample_10000,10000,4.151812160452482,134370
146,32,97,127,2.7637649327516556,122.02685546875,1.6210991889238358,133.63232421875,132.41259765625,INDIVIDUAL_ANNOTATOR,with_mapper,subsample_10000,10000,4.151812160452482,134370
147,32,79,111,2.804623916745186,122.22216796875,1.6237031668424606,133.63134765625,132.41162109375,INDIVIDUAL_ANNOTATOR,with_mapper,subsample_10000,10000,4.151812160452482,134370
148,32,113,145,2.759292721748352,122.41650390625,1.6290750354528427,133.6318359375,132.416015625,INDIVIDUAL_ANNOTATOR,with_mapper,subsample_10000,10000,4.151812160452482,134370
149,32,120,146,2.787316218018532,122.6142578125,1.64077989757061,133.6337890625,132.4140625,INDIVIDUAL_ANNOTATOR,with_mapper,subsample_10000,10000,4.151812160452482,134370
150,32,131,152,2.756170928478241,122.81103515625,1.6478709876537323,133.6328125,132.4140625,INDIVIDUAL_ANNOTATOR,with_mapper,subsample_10000,10000,4.151812160452482,134370
151,32,95,136,2.744736149907112,123.0078125,1.6503427177667618,133.6337890625,132.416015625,INDIVIDUAL_ANNOTATOR,with_mapper,subsample_10000,10000,4.151812160452482,134370
152,32,104,142,2.7439817786216736,123.20556640625,1.6461201012134552,133.6337890625,132.4130859375,INDIVIDUAL_ANNOTATOR,with_mapper,subsample_10000,10000,4.151812160452482,134370
153,32,118,141,2.7692746371030807,123.4013671875,1.632731407880783,133.6318359375,132.4130859375,INDIVIDUAL_ANNOTATOR,with_mapper,subsample_10000,10000,4.151812160452482,134370
154,32,107,134,2.9387548565864563,123.59716796875,1.68609619140625,133.6318359375,132.4130859375,INDIVIDUAL_ANNOTATOR,with_mapper,subsample_10000,10000,4.151812160452482,134370
155,32,92,123,2.9927529394626617,123.79296875,1.636521890759468,133.63134765625,132.41259765625,INDIVIDUAL_ANNOTATOR,with_mapper,subsample_10000,10000,4.151812160452482,134370
156,32,89,118,2.7982760220766068,123.98828125,1.6294438391923904,133.63134765625,132.41259765625,INDIVIDUAL_ANNOTATOR,with_mapper,subsample_10000,10000,4.151812160452482,134370
157,32,122,137,2.832964062690735,124.18359375,1.638263463973999,133.6318359375,132.4130859375,INDIVIDUAL_ANNOTATOR,with_mapper,subsample_10000,10000,4.151812160452482,134370
158,32,72,123,2.804739400744438,124.37939453125,1.6476083546876907,133.63134765625,132.41259765625,INDIVIDUAL_ANNOTATOR,with_mapper,subsample_10000,10000,4.151812160452482,134370
159,32,136,152,2.763809636235237,124.57470703125,1.6472749412059784,133.6318359375,132.4140625,INDIVIDUAL_ANNOTATOR,with_mapper,subsample_10000,10000,4.151812160452482,134370
160,32,105,128,2.9077790677547455,124.771484375,1.6414262354373932,133.63232421875,132.41357421875,INDIVIDUAL_ANNOTATOR,with_mapper,subsample_10000,10000,4.151812160452482,134370
161,32,94,116,2.941226586699486,124.9677734375,1.619907096028328,133.63232421875,132.41259765625,INDIVIDUAL_ANNOTATOR,with_mapper,subsample_10000,10000,4.151812160452482,134370
162,32,88,117,2.7373284101486206,125.1630859375,1.6154255717992783,133.63134765625,132.41162109375,INDIVIDUAL_ANNOTATOR,with_mapper,subsample_10000,10000,4.151812160452482,134370
163,32,86,124,2.7343202382326126,125.357421875,1.635722815990448,133.63037109375,132.41259765625,INDIVIDUAL_ANNOTATOR,with_mapper,subsample_10000,10000,4.151812160452482,134370
164,32,120,141,2.8535928577184677,125.552734375,1.6216877847909927,133.6318359375,132.4140625,INDIVIDUAL_ANNOTATOR,with_mapper,subsample_10000,10000,4.151812160452482,134370
165,32,95,120,2.8157252818346024,125.74951171875,1.6828197985887527,133.63232421875,132.41162109375,INDIVIDUAL_ANNOTATOR,with_mapper,subsample_10000,10000,4.151812160452482,134370
166,32,91,133,2.983398735523224,125.94384765625,1.6224272549152374,133.630859375,132.4140625,INDIVIDUAL_ANNOTATOR,with_mapper,subsample_10000,10000,4.151812160452482,134370
167,32,100,133,2.7391966432332993,126.140625,1.625189557671547,133.6328125,132.4130859375,INDIVIDUAL_ANNOTATOR,with_mapper,subsample_10000,10000,4.151812160452482,134370
168,32,86,122,2.7142874896526337,126.33642578125,1.6410648822784424,133.63134765625,132.41259765625,INDIVIDUAL_ANNOTATOR,with_mapper,subsample_10000,10000,4.151812160452482,134370
169,32,158,169,2.972204238176346,126.53173828125,1.6466248780488968,133.6328125,132.416015625,INDIVIDUAL_ANNOTATOR,with_mapper,subsample_10000,10000,4.151812160452482,134370
170,32,97,132,2.79814749956131,126.7294921875,1.6354359686374664,133.6337890625,132.4130859375,INDIVIDUAL_ANNOTATOR,with_mapper,subsample_10000,10000,4.151812160452482,134370
171,32,98,130,2.734839916229248,126.92529296875,1.6268212348222733,133.6318359375,132.4130859375,INDIVIDUAL_ANNOTATOR,with_mapper,subsample_10000,10000,4.151812160452482,134370
172,32,116,145,2.7514155954122543,127.12109375,1.669667661190033,133.6318359375,132.4130859375,INDIVIDUAL_ANNOTATOR,with_mapper,subsample_10000,10000,4.151812160452482,134370
173,32,127,154,2.8340108692646027,127.31689453125,1.6866233199834824,133.6318359375,132.4140625,INDIVIDUAL_ANNOTATOR,with_mapper,subsample_10000,10000,4.151812160452482,134370
174,32,101,139,2.835618332028389,127.513671875,1.6448143869638443,133.6328125,132.4140625,INDIVIDUAL_ANNOTATOR,with_mapper,subsample_10000,10000,4.151812160452482,134370
175,32,88,118,2.781212329864502,127.71044921875,1.6279462724924088,133.63232421875,132.41259765625,INDIVIDUAL_ANNOTATOR,with_mapper,subsample_10000,10000,4.151812160452482,134370
176,32,107,135,3.108076751232147,127.90576171875,1.6427487134933472,133.6318359375,132.4140625,INDIVIDUAL_ANNOTATOR,with_mapper,subsample_10000,10000,4.151812160452482,134370
177,32,126,153,2.7682315558195114,128.1025390625,1.6376785933971405,133.6337890625,132.4169921875,INDIVIDUAL_ANNOTATOR,with_mapper,subsample_10000,10000,4.151812160452482,134370
178,32,96,133,2.8078071773052216,128.30126953125,1.6295015811920166,133.634765625,132.4140625,INDIVIDUAL_ANNOTATOR,with_mapper,subsample_10000,10000,4.151812160452482,134370
179,32,91,136,2.737661823630333,128.498046875,1.7219353467226028,133.6328125,132.4140625,INDIVIDUAL_ANNOTATOR,with_mapper,subsample_10000,10000,4.151812160452482,134370
180,32,92,122,2.7294009923934937,128.69482421875,1.6359183937311172,133.63232421875,132.41162109375,INDIVIDUAL_ANNOTATOR,with_mapper,subsample_10000,10000,4.151812160452482,134370
181,32,85,135,2.791117876768112,128.88916015625,1.6584210097789764,133.630859375,132.4140625,INDIVIDUAL_ANNOTATOR,with_mapper,subsample_10000,10000,4.151812160452482,134370
182,32,107,141,2.756834030151367,129.0859375,1.6177166253328323,133.6328125,132.4140625,INDIVIDUAL_ANNOTATOR,with_mapper,subsample_10000,10000,4.151812160452482,134370
183,32,110,136,2.8024259954690933,129.28271484375,1.6275551170110703,133.6328125,132.4130859375,INDIVIDUAL_ANNOTATOR,with_mapper,subsample_10000,10000,4.151812160452482,134370
184,32,95,127,2.7370788156986237,129.478515625,1.6266368329524994,133.63134765625,132.41259765625,INDIVIDUAL_ANNOTATOR,with_mapper,subsample_10000,10000,4.151812160452482,134370
185,32,102,146,2.7564987540245056,129.673828125,1.6166139394044876,133.6318359375,132.4130859375,INDIVIDUAL_ANNOTATOR,with_mapper,subsample_10000,10000,4.151812160452482,134370
186,32,114,152,3.0671488493680954,129.86962890625,1.6354676336050034,133.6318359375,132.4140625,INDIVIDUAL_ANNOTATOR,with_mapper,subsample_10000,10000,4.151812160452482,134370
187,32,119,143,2.742776647210121,130.06640625,1.6531143337488174,133.6328125,132.4140625,INDIVIDUAL_ANNOTATOR,with_mapper,subsample_10000,10000,4.151812160452482,134370
188,32,95,123,2.8835926204919815,130.26318359375,1.654449850320816,133.63232421875,132.41357421875,INDIVIDUAL_ANNOTATOR,with_mapper,subsample_10000,10000,4.151812160452482,134370
189,32,121,143,2.7575884014368057,130.45947265625,1.649223268032074,133.6328125,132.4140625,INDIVIDUAL_ANNOTATOR,with_mapper,subsample_10000,10000,4.151812160452482,134370
190,32,132,168,2.771027386188507,130.65625,1.636391505599022,133.6337890625,132.416015625,INDIVIDUAL_ANNOTATOR,with_mapper,subsample_10000,10000,4.151812160452482,134370
191,32,92,138,2.7738846838474274,130.85400390625,1.6421619802713394,133.6337890625,132.4130859375,INDIVIDUAL_ANNOTATOR,with_mapper,subsample_10000,10000,4.151812160452482,134370
192,32,101,128,2.7166754007339478,131.0498046875,1.6516614705324173,133.63134765625,132.41162109375,INDIVIDUAL_ANNOTATOR,with_mapper,subsample_10000,10000,4.151812160452482,134370
193,32,120,146,2.8421636670827866,131.244140625,1.6503091901540756,133.630859375,132.4140625,INDIVIDUAL_ANNOTATOR,with_mapper,subsample_10000,10000,4.151812160452482,134370
194,32,105,127,2.8342921286821365,131.44091796875,1.7196722328662872,133.63232421875,132.41259765625,INDIVIDUAL_ANNOTATOR,with_mapper,subsample_10000,10000,4.151812160452482,134370
195,32,100,124,2.79860757291317,131.63623046875,1.6301721334457397,133.63134765625,132.41162109375,INDIVIDUAL_ANNOTATOR,with_mapper,subsample_10000,10000,4.151812160452482,134370
196,32,110,137,3.029819577932358,131.83056640625,1.6306061297655106,133.630859375,132.4130859375,INDIVIDUAL_ANNOTATOR,with_mapper,subsample_10000,10000,4.151812160452482,134370
197,32,102,137,2.733815461397171,132.0263671875,1.6736984252929688,133.6318359375,132.4130859375,INDIVIDUAL_ANNOTATOR,with_mapper,subsample_10000,10000,4.151812160452482,134370
198,32,104,132,2.742784097790718,132.22216796875,1.6294866800308228,133.6318359375,132.4130859375,INDIVIDUAL_ANNOTATOR,with_mapper,subsample_10000,10000,4.151812160452482,134370
199,32,130,155,2.861618995666504,132.41796875,1.6390252858400345,133.6318359375,132.4140625,INDIVIDUAL_ANNOTATOR,with_mapper,subsample_10000,10000,4.151812160452482,134370
0,32,106,134,2.832934260368347,102.49169921875,18.25445331633091,142.7109375,141.4921875,INDIVIDUAL_ANNOTATOR_LOOP,with_mapper,subsample_10000,10000,4.151812160452482,134370
1,32,79,123,2.9026195406913757,102.6875,16.73065684735775,142.71044921875,141.49267578125,INDIVIDUAL_ANNOTATOR_LOOP,with_mapper,subsample_10000,10000,4.151812160452482,134370
2,32,88,116,2.8101541101932526,102.8837890625,15.826201066374779,142.71142578125,141.49072265625,INDIVIDUAL_ANNOTATOR_LOOP,with_mapper,subsample_10000,10000,4.151812160452482,134370
3,32,120,152,2.7916505932807922,103.078125,20.209738984704018,142.7099609375,141.4921875,INDIVIDUAL_ANNOTATOR_LOOP,with_mapper,subsample_10000,10000,4.151812160452482,134370
4,32,90,124,2.8289835900068283,103.27392578125,16.910158097743988,142.71044921875,141.49072265625,INDIVIDUAL_ANNOTATOR_LOOP,with_mapper,subsample_10000,10000,4.151812160452482,134370
5,32,86,118,2.7859993278980255,103.46826171875,16.102619469165802,142.70947265625,141.49169921875,INDIVIDUAL_ANNOTATOR_LOOP,with_mapper,subsample_10000,10000,4.151812160452482,134370
6,32,85,125,3.004087135195732,103.66357421875,16.998598352074623,142.71044921875,141.49267578125,INDIVIDUAL_ANNOTATOR_LOOP,with_mapper,subsample_10000,10000,4.151812160452482,134370
7,32,120,145,2.824794501066208,103.85986328125,19.581777974963188,142.712890625,141.4951171875,INDIVIDUAL_ANNOTATOR_LOOP,with_mapper,subsample_10000,10000,4.151812160452482,134370
8,32,111,139,2.7624033391475677,104.0576171875,19.31597664952278,142.712890625,141.4931640625,INDIVIDUAL_ANNOTATOR_LOOP,with_mapper,subsample_10000,10000,4.151812160452482,134370
9,32,97,132,2.742791548371315,104.25439453125,17.83941313624382,142.7119140625,141.4912109375,INDIVIDUAL_ANNOTATOR_LOOP,with_mapper,subsample_10000,10000,4.151812160452482,134370
10,32,87,119,2.8183571994304657,104.44921875,16.158830374479294,142.70947265625,141.49072265625,INDIVIDUAL_ANNOTATOR_LOOP,with_mapper,subsample_10000,10000,4.151812160452482,134370
11,32,103,141,2.7556363493204117,104.6435546875,19.206097349524498,142.7099609375,141.4921875,INDIVIDUAL_ANNOTATOR_LOOP,with_mapper,subsample_10000,10000,4.151812160452482,134370
12,32,125,154,2.781214192509651,104.83935546875,20.58996632695198,142.7109375,141.4931640625,INDIVIDUAL_ANNOTATOR_LOOP,with_mapper,subsample_10000,10000,4.151812160452482,134370
13,32,91,124,2.7417950332164764,105.0361328125,17.06276461482048,142.71142578125,141.49267578125,INDIVIDUAL_ANNOTATOR_LOOP,with_mapper,subsample_10000,10000,4.151812160452482,134370
14,32,93,117,2.726975828409195,105.232421875,15.869291499257088,142.71142578125,141.49072265625,INDIVIDUAL_ANNOTATOR_LOOP,with_mapper,subsample_10000,10000,4.151812160452482,134370
15,32,106,133,2.8383061289787292,105.4267578125,18.05337518453598,142.7099609375,141.4921875,INDIVIDUAL_ANNOTATOR_LOOP,with_mapper,subsample_10000,10000,4.151812160452482,134370
16,32,102,126,2.75307334959507,105.62255859375,17.125403508543968,142.71044921875,141.49169921875,INDIVIDUAL_ANNOTATOR_LOOP,with_mapper,subsample_10000,10000,4.151812160452482,134370
17,32,91,134,3.022868186235428,105.81787109375,18.06395873427391,142.7109375,141.4921875,INDIVIDUAL_ANNOTATOR_LOOP,with_mapper,subsample_10000,10000,4.151812160452482,134370
18,32,105,125,2.8230883181095123,106.013671875,17.155690118670464,142.71044921875,141.49169921875,INDIVIDUAL_ANNOTATOR_LOOP,with_mapper,subsample_10000,10000,4.151812160452482,134370
19,32,106,128,2.742493525147438,106.208984375,17.31794886291027,142.71044921875,141.49169921875,INDIVIDUAL_ANNOTATOR_LOOP,with_mapper,subsample_10000,10000,4.151812160452482,134370
20,32,136,164,2.8047189116477966,106.404296875,21.671045571565628,142.7119140625,141.4951171875,INDIVIDUAL_ANNOTATOR_LOOP,with_mapper,subsample_10000,10000,4.151812160452482,134370
21,32,122,148,2.762826159596443,106.60205078125,19.87474411725998,142.712890625,141.4931640625,INDIVIDUAL_ANNOTATOR_LOOP,with_mapper,subsample_10000,10000,4.151812160452482,134370
22,32,114,140,2.7445275336503983,106.798828125,18.811890855431557,142.7119140625,141.4921875,INDIVIDUAL_ANNOTATOR_LOOP,with_mapper,subsample_10000,10000,4.151812160452482,134370
23,32,84,126,2.8249062597751617,106.99462890625,17.045045271515846,142.71044921875,141.49169921875,INDIVIDUAL_ANNOTATOR_LOOP,with_mapper,subsample_10000,10000,4.151812160452482,134370
24,32,99,141,2.7746204286813736,107.18994140625,18.933620303869247,142.7109375,141.4931640625,INDIVIDUAL_ANNOTATOR_LOOP,with_mapper,subsample_10000,10000,4.151812160452482,134370
25,32,82,113,2.7573667466640472,107.38671875,15.615103766322136,142.71142578125,141.49072265625,INDIVIDUAL_ANNOTATOR_LOOP,with_mapper,subsample_10000,10000,4.151812160452482,134370
26,32,121,135,2.773001790046692,107.5810546875,18.305320292711258,142.7099609375,141.4921875,INDIVIDUAL_ANNOTATOR_LOOP,with_mapper,subsample_10000,10000,4.151812160452482,134370
27,32,91,123,2.9871035367250443,107.77685546875,16.691535711288452,142.71044921875,141.49072265625,INDIVIDUAL_ANNOTATOR_LOOP,with_mapper,subsample_10000,10000,4.151812160452482,134370
28,32,110,134,2.771396189928055,107.97119140625,18.290411680936813,142.7099609375,141.4931640625,INDIVIDUAL_ANNOTATOR_LOOP,with_mapper,subsample_10000,10000,4.151812160452482,134370
29,32,109,142,2.7664732187986374,108.16796875,19.146550446748734,142.712890625,141.4951171875,INDIVIDUAL_ANNOTATOR_LOOP,with_mapper,subsample_10000,10000,4.151812160452482,134370
30,32,84,117,2.837926149368286,108.36572265625,16.046293079853058,142.71337890625,141.49462890625,INDIVIDUAL_ANNOTATOR_LOOP,with_mapper,subsample_10000,10000,4.151812160452482,134370
31,32,120,145,2.7711279690265656,108.56298828125,19.440462812781334,142.712890625,141.4931640625,INDIVIDUAL_ANNOTATOR_LOOP,with_mapper,subsample_10000,10000,4.151812160452482,134370
32,32,103,129,2.8015710413455963,108.759765625,17.61549338698387,142.7119140625,141.4921875,INDIVIDUAL_ANNOTATOR_LOOP,with_mapper,subsample_10000,10000,4.151812160452482,134370
33,32,124,155,2.7703549712896347,108.95556640625,20.732512697577477,142.7119140625,141.4951171875,INDIVIDUAL_ANNOTATOR_LOOP,with_mapper,subsample_10000,10000,4.151812160452482,134370
34,32,99,130,2.81590037047863,109.1533203125,17.404502257704735,142.712890625,141.4931640625,INDIVIDUAL_ANNOTATOR_LOOP,with_mapper,subsample_10000,10000,4.151812160452482,134370
35,32,112,146,2.7680639177560806,109.35009765625,19.54265683889389,142.7119140625,141.4931640625,INDIVIDUAL_ANNOTATOR_LOOP,with_mapper,subsample_10000,10000,4.151812160452482,134370
36,32,110,134,2.9036011546850204,109.546875,18.17237213253975,142.7119140625,141.4921875,INDIVIDUAL_ANNOTATOR_LOOP,with_mapper,subsample_10000,10000,4.151812160452482,134370
37,32,91,132,3.0147340148687363,109.74267578125,18.062083050608635,142.7109375,141.4931640625,INDIVIDUAL_ANNOTATOR_LOOP,with_mapper,subsample_10000,10000,4.151812160452482,134370
38,32,124,145,2.831554040312767,109.939453125,19.47489194571972,142.712890625,141.4951171875,INDIVIDUAL_ANNOTATOR_LOOP,with_mapper,subsample_10000,10000,4.151812160452482,134370
39,32,79,114,2.74471752345562,110.13720703125,15.620211139321327,142.71240234375,141.49072265625,INDIVIDUAL_ANNOTATOR_LOOP,with_mapper,subsample_10000,10000,4.151812160452482,134370
40,32,105,136,2.8438959270715714,110.33154296875,18.425215035676956,142.7099609375,141.4921875,INDIVIDUAL_ANNOTATOR_LOOP,with_mapper,subsample_10000,10000,4.151812160452482,134370
41,32,95,123,2.84009613096714,110.52734375,16.673780977725983,142.71044921875,141.49169921875,INDIVIDUAL_ANNOTATOR_LOOP,with_mapper,subsample_10000,10000,4.151812160452482,134370
42,32,87,116,2.718832343816757,110.72265625,15.801457688212395,142.71044921875,141.49169921875,INDIVIDUAL_ANNOTATOR_LOOP,with_mapper,subsample_10000,10000,4.151812160452482,134370
43,32,102,133,2.7613546699285507,110.91796875,18.049530684947968,142.7109375,141.4921875,INDIVIDUAL_ANNOTATOR_LOOP,with_mapper,subsample_10000,10000,4.151812160452482,134370
44,32,108,136,2.768155187368393,111.11376953125,18.5850877314806,142.7109375,141.4931640625,INDIVIDUAL_ANNOTATOR_LOOP,with_mapper,subsample_10000,10000,4.151812160452482,134370
45,32,110,123,2.855353057384491,111.310546875,16.53670333325863,142.71142578125,141.49267578125,INDIVIDUAL_ANNOTATOR_LOOP,with_mapper,subsample_10000,10000,4.151812160452482,134370
46,32,88,121,2.791738137602806,111.5068359375,16.494376584887505,142.71142578125,141.49072265625,INDIVIDUAL_ANNOTATOR_LOOP,with_mapper,subsample_10000,10000,4.151812160452482,134370
47,32,92,121,3.066824749112129,111.701171875,16.406189650297165,142.70947265625,141.49169921875,INDIVIDUAL_ANNOTATOR_LOOP,with_mapper,subsample_10000,10000,4.151812160452482,134370
48,32,115,144,2.7971770614385605,111.896484375,19.299272447824478,142.7109375,141.4931640625,INDIVIDUAL_ANNOTATOR_LOOP,with_mapper,subsample_10000,10000,4.151812160452482,134370
49,32,153,170,2.8812773525714874,112.09326171875,22.491535171866417,142.7119140625,141.4931640625,INDIVIDUAL_ANNOTATOR_LOOP,with_mapper,subsample_10000,10000,4.151812160452482,134370
50,32,85,125,2.82096303999424,112.2900390625,16.99611358344555,142.71142578125,141.49169921875,INDIVIDUAL_ANNOTATOR_LOOP,with_mapper,subsample_10000,10000,4.151812160452482,134370
51,32,98,132,2.81403586268425,112.4853515625,17.898472025990486,142.7109375,141.4921875,INDIVIDUAL_ANNOTATOR_LOOP,with_mapper,subsample_10000,10000,4.151812160452482,134370
52,32,105,141,2.918187528848648,112.68115234375,19.130075350403786,142.7109375,141.4921875,INDIVIDUAL_ANNOTATOR_LOOP,with_mapper,subsample_10000,10000,4.151812160452482,134370
53,32,100,139,2.758670598268509,112.876953125,18.70533637702465,142.7109375,141.4912109375,INDIVIDUAL_ANNOTATOR_LOOP,with_mapper,subsample_10000,10000,4.151812160452482,134370
54,32,107,144,2.761092036962509,113.07177734375,19.46798898279667,142.7099609375,141.4931640625,INDIVIDUAL_ANNOTATOR_LOOP,with_mapper,subsample_10000,10000,4.151812160452482,134370
55,32,117,144,2.848852425813675,113.2685546875,19.406678155064583,142.7119140625,141.4931640625,INDIVIDUAL_ANNOTATOR_LOOP,with_mapper,subsample_10000,10000,4.151812160452482,134370
56,32,94,136,2.8454121202230453,113.46533203125,18.470237031579018,142.7119140625,141.4921875,INDIVIDUAL_ANNOTATOR_LOOP,with_mapper,subsample_10000,10000,4.151812160452482,134370
57,32,99,128,3.0950717628002167,113.6611328125,17.339931800961494,142.71044921875,141.49169921875,INDIVIDUAL_ANNOTATOR_LOOP,with_mapper,subsample_10000,10000,4.151812160452482,134370
58,32,81,122,2.8990916907787323,113.8564453125,16.649145632982254,142.71044921875,141.49169921875,INDIVIDUAL_ANNOTATOR_LOOP,with_mapper,subsample_10000,10000,4.151812160452482,134370
59,32,102,135,2.815352752804756,114.0517578125,18.228763714432716,142.7109375,141.4931640625,INDIVIDUAL_ANNOTATOR_LOOP,with_mapper,subsample_10000,10000,4.151812160452482,134370
60,32,90,121,2.737468108534813,114.24853515625,16.527686268091202,142.71142578125,141.49169921875,INDIVIDUAL_ANNOTATOR_LOOP,with_mapper,subsample_10000,10000,4.151812160452482,134370
61,32,97,138,2.7401521801948547,114.44384765625,18.713925033807755,142.7109375,141.4931640625,INDIVIDUAL_ANNOTATOR_LOOP,with_mapper,subsample_10000,10000,4.151812160452482,134370
62,32,98,135,2.7397871017456055,114.640625,18.220392987132072,142.7119140625,141.4931640625,INDIVIDUAL_ANNOTATOR_LOOP,with_mapper,subsample_10000,10000,4.151812160452482,134370
63,32,67,98,2.7704406529664993,114.83740234375,13.383492827415466,142.71142578125,141.49072265625,INDIVIDUAL_ANNOTATOR_LOOP,with_mapper,subsample_10000,10000,4.151812160452482,134370
64,32,83,130,2.7294866740703583,115.03173828125,17.72160828113556,142.7099609375,141.4921875,INDIVIDUAL_ANNOTATOR_LOOP,with_mapper,subsample_10000,10000,4.151812160452482,134370
65,32,142,162,2.8595346957445145,115.2275390625,21.677276119589806,142.7119140625,141.4951171875,INDIVIDUAL_ANNOTATOR_LOOP,with_mapper,subsample_10000,10000,4.151812160452482,134370
66,32,133,162,2.7874521911144257,115.42529296875,21.55032381415367,142.7138671875,141.4951171875,INDIVIDUAL_ANNOTATOR_LOOP,with_mapper,subsample_10000,10000,4.151812160452482,134370
67,32,111,141,2.844279631972313,115.623046875,19.26957629621029,142.712890625,141.4921875,INDIVIDUAL_ANNOTATOR_LOOP,with_mapper,subsample_10000,10000,4.151812160452482,134370
68,32,111,137,3.0173081904649734,115.81884765625,18.551107496023178,142.7109375,141.4931640625,INDIVIDUAL_ANNOTATOR_LOOP,with_mapper,subsample_10000,10000,4.151812160452482,134370
69,32,122,153,2.8226952999830246,116.015625,20.82246169447899,142.7119140625,141.4931640625,INDIVIDUAL_ANNOTATOR_LOOP,with_mapper,subsample_10000,10000,4.151812160452482,134370
70,32,102,129,2.8992388397455215,116.21240234375,17.518499866127968,142.7119140625,141.4921875,INDIVIDUAL_ANNOTATOR_LOOP,with_mapper,subsample_10000,10000,4.151812160452482,134370
71,32,91,131,2.738693729043007,116.408203125,17.793476581573486,142.7109375,141.4912109375,INDIVIDUAL_ANNOTATOR_LOOP,with_mapper,subsample_10000,10000,4.151812160452482,134370
72,32,100,130,2.723490819334984,116.60302734375,17.789188772439957,142.7099609375,141.4921875,INDIVIDUAL_ANNOTATOR_LOOP,with_mapper,subsample_10000,10000,4.151812160452482,134370
73,32,120,154,2.759670838713646,116.798828125,20.527422428131104,142.7109375,141.4931640625,INDIVIDUAL_ANNOTATOR_LOOP,with_mapper,subsample_10000,10000,4.151812160452482,134370
74,32,106,136,2.82362662255764,116.99560546875,18.166979774832726,142.7119140625,141.4931640625,INDIVIDUAL_ANNOTATOR_LOOP,with_mapper,subsample_10000,10000,4.151812160452482,134370
75,32,119,151,2.8439033776521683,117.1923828125,20.10330744087696,142.7119140625,141.4921875,INDIVIDUAL_ANNOTATOR_LOOP,with_mapper,subsample_10000,10000,4.151812160452482,134370
76,32,90,119,2.722976729273796,117.38818359375,16.307124868035316,142.71044921875,141.49169921875,INDIVIDUAL_ANNOTATOR_LOOP,with_mapper,subsample_10000,10000,4.151812160452482,134370
77,32,106,140,2.771332859992981,117.58349609375,19.12797801196575,142.7109375,141.4931640625,INDIVIDUAL_ANNOTATOR_LOOP,with_mapper,subsample_10000,10000,4.151812160452482,134370
78,32,96,133,3.094123676419258,117.7802734375,17.928579822182655,142.7119140625,141.4921875,INDIVIDUAL_ANNOTATOR_LOOP,with_mapper,subsample_10000,10000,4.151812160452482,134370
79,32,110,134,2.7410462498664856,117.97607421875,18.187228590250015,142.7109375,141.4931640625,INDIVIDUAL_ANNOTATOR_LOOP,with_mapper,subsample_10000,10000,4.151812160452482,134370
80,32,119,141,2.802150323987007,118.1728515625,18.8571996986866,142.7119140625,141.4921875,INDIVIDUAL_ANNOTATOR_LOOP,with_mapper,subsample_10000,10000,4.151812160452482,134370
81,32,108,142,2.7579814195632935,118.36865234375,19.146686419844627,142.7109375,141.4921875,INDIVIDUAL_ANNOTATOR_LOOP,with_mapper,subsample_10000,10000,4.151812160452482,134370
82,32,99,125,2.738993614912033,118.564453125,16.984660178422928,142.71044921875,141.49169921875,INDIVIDUAL_ANNOTATOR_LOOP,with_mapper,subsample_10000,10000,4.151812160452482,134370
83,32,115,142,2.7630645781755447,118.759765625,19.206732511520386,142.7109375,141.4921875,INDIVIDUAL_ANNOTATOR_LOOP,with_mapper,subsample_10000,10000,4.151812160452482,134370
84,32,114,137,2.750011160969734,118.95556640625,18.558835610747337,142.7109375,141.4921875,INDIVIDUAL_ANNOTATOR_LOOP,with_mapper,subsample_10000,10000,4.151812160452482,134370
85,32,132,168,2.788705751299858,119.1513671875,22.202415391802788,142.7109375,141.4931640625,INDIVIDUAL_ANNOTATOR_LOOP,with_mapper,subsample_10000,10000,4.151812160452482,134370
86,32,118,140,2.754105255007744,119.34814453125,18.876386806368828,142.7119140625,141.4931640625,INDIVIDUAL_ANNOTATOR_LOOP,with_mapper,subsample_10000,10000,4.151812160452482,134370
87,32,95,123,2.7832966297864914,119.544921875,16.787223517894745,142.71142578125,141.49072265625,INDIVIDUAL_ANNOTATOR_LOOP,with_mapper,subsample_10000,10000,4.151812160452482,134370
88,32,90,125,3.075169399380684,119.7392578125,16.916299238801003,142.70947265625,141.49169921875,INDIVIDUAL_ANNOTATOR_LOOP,with_mapper,subsample_10000,10000,4.151812160452482,134370
89,32,94,123,2.7970243245363235,119.9345703125,16.669128090143204,142.71044921875,141.49267578125,INDIVIDUAL_ANNOTATOR_LOOP,with_mapper,subsample_10000,10000,4.151812160452482,134370
90,32,135,150,2.7786437422037125,120.130859375,21.02360501885414,142.7119140625,141.4931640625,INDIVIDUAL_ANNOTATOR_LOOP,with_mapper,subsample_10000,10000,4.151812160452482,134370
91,32,156,171,2.893676981329918,120.32763671875,22.704314440488815,142.7119140625,141.4931640625,INDIVIDUAL_ANNOTATOR_LOOP,with_mapper,subsample_10000,10000,4.151812160452482,134370
92,32,99,130,2.734171226620674,120.5244140625,18.23505572974682,142.7119140625,141.4921875,INDIVIDUAL_ANNOTATOR_LOOP,with_mapper,subsample_10000,10000,4.151812160452482,134370
93,32,84,117,2.7760472148656845,120.72021484375,16.238469630479813,142.71044921875,141.49169921875,INDIVIDUAL_ANNOTATOR_LOOP,with_mapper,subsample_10000,10000,4.151812160452482,134370
94,32,100,147,2.7570445090532303,120.91552734375,19.868744537234306,142.7109375,141.4931640625,INDIVIDUAL_ANNOTATOR_LOOP,with_mapper,subsample_10000,10000,4.151812160452482,134370
95,32,126,144,2.863314002752304,121.1123046875,19.437769427895546,142.7119140625,141.4931640625,INDIVIDUAL_ANNOTATOR_LOOP,with_mapper,subsample_10000,10000,4.151812160452482,134370
96,32,92,140,2.75459885597229,121.30908203125,18.52245070040226,142.7119140625,141.4921875,INDIVIDUAL_ANNOTATOR_LOOP,with_mapper,subsample_10000,10000,4.151812160452482,134370
97,32,103,125,2.8443485498428345,121.5048828125,16.780635342001915,142.71044921875,141.49169921875,INDIVIDUAL_ANNOTATOR_LOOP,with_mapper,subsample_10000,10000,4.151812160452482,134370
98,32,89,134,3.0012037605047226,121.7001953125,18.49263347685337,142.7119140625,141.4951171875,INDIVIDUAL_ANNOTATOR_LOOP,with_mapper,subsample_10000,10000,4.151812160452482,134370
99,32,105,129,2.7514714747667313,121.89794921875,17.291639000177383,142.712890625,141.4921875,INDIVIDUAL_ANNOTATOR_LOOP,with_mapper,subsample_10000,10000,4.151812160452482,134370
100,32,90,124,2.790577709674835,122.09375,16.615990549325943,142.71044921875,141.49072265625,INDIVIDUAL_ANNOTATOR_LOOP,with_mapper,subsample_10000,10000,4.151812160452482,134370
101,32,100,136,2.7393680065870285,122.2880859375,18.159251660108566,142.7099609375,141.4921875,INDIVIDUAL_ANNOTATOR_LOOP,with_mapper,subsample_10000,10000,4.151812160452482,134370
102,32,97,132,2.8028488159179688,122.48388671875,17.94619858264923,142.7109375,141.4921875,INDIVIDUAL_ANNOTATOR_LOOP,with_mapper,subsample_10000,10000,4.151812160452482,134370
103,32,88,127,2.726064994931221,122.6796875,17.19851605594158,142.71044921875,141.49072265625,INDIVIDUAL_ANNOTATOR_LOOP,with_mapper,subsample_10000,10000,4.151812160452482,134370
104,32,98,129,2.8412993997335434,122.8740234375,17.45649054646492,142.7099609375,141.4931640625,INDIVIDUAL_ANNOTATOR_LOOP,with_mapper,subsample_10000,10000,4.151812160452482,134370
105,32,105,136,2.761930227279663,123.07080078125,18.47156323492527,142.7119140625,141.4931640625,INDIVIDUAL_ANNOTATOR_LOOP,with_mapper,subsample_10000,10000,4.151812160452482,134370
106,32,111,131,2.81563401222229,123.267578125,17.687706276774406,142.7119140625,141.4921875,INDIVIDUAL_ANNOTATOR_LOOP,with_mapper,subsample_10000,10000,4.151812160452482,134370
107,32,93,126,2.749156206846237,123.46337890625,16.790593042969704,142.71044921875,141.49169921875,INDIVIDUAL_ANNOTATOR_LOOP,with_mapper,subsample_10000,10000,4.151812160452482,134370
108,32,97,138,3.029312938451767,123.65869140625,18.369372934103012,142.7109375,141.4931640625,INDIVIDUAL_ANNOTATOR_LOOP,with_mapper,subsample_10000,10000,4.151812160452482,134370
109,32,121,153,2.774083986878395,123.85546875,20.46831138432026,142.7119140625,141.4931640625,INDIVIDUAL_ANNOTATOR_LOOP,with_mapper,subsample_10000,10000,4.151812160452482,134370
110,32,128,153,2.8391033411026,124.05224609375,20.435769110918045,142.7119140625,141.4931640625,INDIVIDUAL_ANNOTATOR_LOOP,with_mapper,subsample_10000,10000,4.151812160452482,134370
111,32,96,130,2.838900312781334,124.2490234375,17.32564903795719,142.7119140625,141.4912109375,INDIVIDUAL_ANNOTATOR_LOOP,with_mapper,subsample_10000,10000,4.151812160452482,134370
112,32,130,155,2.885160967707634,124.44384765625,20.617293193936348,142.7099609375,141.4931640625,INDIVIDUAL_ANNOTATOR_LOOP,with_mapper,subsample_10000,10000,4.151812160452482,134370
113,32,83,115,2.6994124054908752,124.640625,15.74796624481678,142.71142578125,141.49072265625,INDIVIDUAL_ANNOTATOR_LOOP,with_mapper,subsample_10000,10000,4.151812160452482,134370
114,32,77,110,2.7170609682798386,124.8349609375,15.078140422701836,142.70947265625,141.49072265625,INDIVIDUAL_ANNOTATOR_LOOP,with_mapper,subsample_10000,10000,4.151812160452482,134370
115,32,97,129,2.8266124427318573,125.029296875,17.44413748383522,142.7099609375,141.4921875,INDIVIDUAL_ANNOTATOR_LOOP,with_mapper,subsample_10000,10000,4.151812160452482,134370
116,32,91,116,2.779752016067505,125.22509765625,15.967315062880516,142.71044921875,141.49169921875,INDIVIDUAL_ANNOTATOR_LOOP,with_mapper,subsample_10000,10000,4.151812160452482,134370
117,32,104,137,2.75222584605217,125.42041015625,18.40989664196968,142.7109375,141.4931640625,INDIVIDUAL_ANNOTATOR_LOOP,with_mapper,subsample_10000,10000,4.151812160452482,134370
118,32,104,141,2.82352976500988,125.6171875,18.618272617459297,142.7119140625,141.4931640625,INDIVIDUAL_ANNOTATOR_LOOP,with_mapper,subsample_10000,10000,4.151812160452482,134370
119,32,116,129,3.084816038608551,125.81396484375,17.63627678155899,142.7119140625,141.4921875,INDIVIDUAL_ANNOTATOR_LOOP,with_mapper,subsample_10000,10000,4.151812160452482,134370
120,32,67,116,2.7042776346206665,126.009765625,15.851916745305061,142.71044921875,141.49072265625,INDIVIDUAL_ANNOTATOR_LOOP,with_mapper,subsample_10000,10000,4.151812160452482,134370
121,32,95,131,2.734491601586342,126.2041015625,17.77113415300846,142.7099609375,141.4912109375,INDIVIDUAL_ANNOTATOR_LOOP,with_mapper,subsample_10000,10000,4.151812160452482,134370
122,32,96,123,2.757357433438301,126.39892578125,16.743259504437447,142.70947265625,141.49169921875,INDIVIDUAL_ANNOTATOR_LOOP,with_mapper,subsample_10000,10000,4.151812160452482,134370
123,32,111,138,2.756824716925621,126.59423828125,18.698038533329964,142.7109375,141.4921875,INDIVIDUAL_ANNOTATOR_LOOP,with_mapper,subsample_10000,10000,4.151812160452482,134370
124,32,116,144,2.765379846096039,126.7900390625,19.39508691430092,142.7109375,141.4931640625,INDIVIDUAL_ANNOTATOR_LOOP,with_mapper,subsample_10000,10000,4.151812160452482,134370
125,32,108,135,2.8835032135248184,126.98681640625,18.30749399960041,142.7119140625,141.4921875,INDIVIDUAL_ANNOTATOR_LOOP,with_mapper,subsample_10000,10000,4.151812160452482,134370
126,32,86,116,2.804640680551529,127.1826171875,15.894381329417229,142.71044921875,141.49267578125,INDIVIDUAL_ANNOTATOR_LOOP,with_mapper,subsample_10000,10000,4.151812160452482,134370
127,32,81,118,2.7995649725198746,127.37890625,16.009099781513214,142.71142578125,141.49072265625,INDIVIDUAL_ANNOTATOR_LOOP,with_mapper,subsample_10000,10000,4.151812160452482,134370
128,32,68,118,2.7225688099861145,127.5732421875,16.01332798600197,142.70947265625,141.49169921875,INDIVIDUAL_ANNOTATOR_LOOP,with_mapper,subsample_10000,10000,4.151812160452482,134370
129,32,119,148,3.1041912734508514,127.7685546875,19.903909415006638,142.7119140625,141.4951171875,INDIVIDUAL_ANNOTATOR_LOOP,with_mapper,subsample_10000,10000,4.151812160452482,134370
130,32,95,129,2.873780205845833,127.96630859375,17.57776364684105,142.7138671875,141.4951171875,INDIVIDUAL_ANNOTATOR_LOOP,with_mapper,subsample_10000,10000,4.151812160452482,134370
131,32,97,134,2.7391258627176285,128.1640625,18.188396468758583,142.712890625,141.4931640625,INDIVIDUAL_ANNOTATOR_LOOP,with_mapper,subsample_10000,10000,4.151812160452482,134370
132,32,117,146,2.8482209891080856,128.36083984375,19.471190869808197,142.7119140625,141.4931640625,INDIVIDUAL_ANNOTATOR_LOOP,with_mapper,subsample_10000,10000,4.151812160452482,134370
133,32,88,125,2.8212610632181168,128.5576171875,16.979236155748367,142.71142578125,141.49072265625,INDIVIDUAL_ANNOTATOR_LOOP,with_mapper,subsample_10000,10000,4.151812160452482,134370
134,32,84,126,2.9938314110040665,128.751953125,17.17924140393734,142.70947265625,141.49169921875,INDIVIDUAL_ANNOTATOR_LOOP,with_mapper,subsample_10000,10000,4.151812160452482,134370
135,32,128,159,3.0311401933431625,128.947265625,21.089041605591774,142.7119140625,141.49609375,INDIVIDUAL_ANNOTATOR_LOOP,with_mapper,subsample_10000,10000,4.151812160452482,134370
136,32,98,133,2.8868578374385834,129.14599609375,18.27932335436344,142.7138671875,141.4931640625,INDIVIDUAL_ANNOTATOR_LOOP,with_mapper,subsample_10000,10000,4.151812160452482,134370
137,32,86,119,2.9266849160194397,129.3427734375,16.455011442303658,142.71142578125,141.49072265625,INDIVIDUAL_ANNOTATOR_LOOP,with_mapper,subsample_10000,10000,4.151812160452482,134370
138,32,86,119,2.718757838010788,129.537109375,16.159815713763237,142.70947265625,141.49072265625,INDIVIDUAL_ANNOTATOR_LOOP,with_mapper,subsample_10000,10000,4.151812160452482,134370
139,32,102,137,3.0290931463241577,129.7314453125,18.5531098395586,142.7099609375,141.4931640625,INDIVIDUAL_ANNOTATOR_LOOP,with_mapper,subsample_10000,10000,4.151812160452482,134370
140,32,108,144,2.7626883238554,129.92822265625,19.339995458722115,142.7119140625,141.4931640625,INDIVIDUAL_ANNOTATOR_LOOP,with_mapper,subsample_10000,10000,4.151812160452482,134370
141,32,115,134,2.7577076107263565,130.125,18.264424055814743,142.7119140625,141.4931640625,INDIVIDUAL_ANNOTATOR_LOOP,with_mapper,subsample_10000,10000,4.151812160452482,134370
142,32,102,125,2.813158556818962,130.32177734375,17.048589885234833,142.71142578125,141.49169921875,INDIVIDUAL_ANNOTATOR_LOOP,with_mapper,subsample_10000,10000,4.151812160452482,134370
143,32,83,126,2.7213245630264282,130.51708984375,17.00267381966114,142.71044921875,141.49169921875,INDIVIDUAL_ANNOTATOR_LOOP,with_mapper,subsample_10000,10000,4.151812160452482,134370
144,32,121,154,2.8557274490594864,130.71240234375,20.513160154223442,142.7109375,141.4931640625,INDIVIDUAL_ANNOTATOR_LOOP,with_mapper,subsample_10000,10000,4.151812160452482,134370
145,32,105,135,2.749057486653328,130.9091796875,18.527114763855934,142.7119140625,141.4931640625,INDIVIDUAL_ANNOTATOR_LOOP,with_mapper,subsample_10000,10000,4.151812160452482,134370
146,32,97,127,2.7780085802078247,131.10595703125,17.237544059753418,142.71142578125,141.49169921875,INDIVIDUAL_ANNOTATOR_LOOP,with_mapper,subsample_10000,10000,4.151812160452482,134370
147,32,79,111,2.7688927948474884,131.30126953125,15.309233218431473,142.71044921875,141.49072265625,INDIVIDUAL_ANNOTATOR_LOOP,with_mapper,subsample_10000,10000,4.151812160452482,134370
148,32,113,145,2.7646441012620926,131.49560546875,19.380858168005943,142.7109375,141.4951171875,INDIVIDUAL_ANNOTATOR_LOOP,with_mapper,subsample_10000,10000,4.151812160452482,134370
149,32,120,146,3.0237343162298203,131.693359375,21.635660901665688,142.712890625,141.4931640625,INDIVIDUAL_ANNOTATOR_LOOP,with_mapper,subsample_10000,10000,4.151812160452482,134370
150,32,131,152,2.8418898582458496,131.89013671875,22.15421013534069,142.7119140625,141.4931640625,INDIVIDUAL_ANNOTATOR_LOOP,with_mapper,subsample_10000,10000,4.151812160452482,134370
151,32,95,136,2.7443859726190567,132.0869140625,19.860614091157913,142.712890625,141.4951171875,INDIVIDUAL_ANNOTATOR_LOOP,with_mapper,subsample_10000,10000,4.151812160452482,134370
152,32,104,142,2.7907826006412506,132.28466796875,20.366288721561432,142.712890625,141.4921875,INDIVIDUAL_ANNOTATOR_LOOP,with_mapper,subsample_10000,10000,4.151812160452482,134370
153,32,118,141,2.7419067919254303,132.48046875,19.085343927145004,142.7109375,141.4921875,INDIVIDUAL_ANNOTATOR_LOOP,with_mapper,subsample_10000,10000,4.151812160452482,134370
154,32,107,134,2.8466954827308655,132.67626953125,18.213583156466484,142.7109375,141.4921875,INDIVIDUAL_ANNOTATOR_LOOP,with_mapper,subsample_10000,10000,4.151812160452482,134370
155,32,92,123,2.7327872812747955,132.8720703125,16.813239082694054,142.71044921875,141.49169921875,INDIVIDUAL_ANNOTATOR_LOOP,with_mapper,subsample_10000,10000,4.151812160452482,134370
156,32,89,118,2.8103943914175034,133.0673828125,16.067521646618843,142.71044921875,141.49169921875,INDIVIDUAL_ANNOTATOR_LOOP,with_mapper,subsample_10000,10000,4.151812160452482,134370
157,32,122,137,2.8479304164648056,133.2626953125,18.94094981253147,142.7109375,141.4921875,INDIVIDUAL_ANNOTATOR_LOOP,with_mapper,subsample_10000,10000,4.151812160452482,134370
158,32,72,123,2.8371047228574753,133.45849609375,16.57234877347946,142.71044921875,141.49169921875,INDIVIDUAL_ANNOTATOR_LOOP,with_mapper,subsample_10000,10000,4.151812160452482,134370
159,32,136,152,3.058023750782013,133.65380859375,20.307812839746475,142.7109375,141.4931640625,INDIVIDUAL_ANNOTATOR_LOOP,with_mapper,subsample_10000,10000,4.151812160452482,134370
160,32,105,128,2.8331130743026733,133.8505859375,17.354708164930344,142.71142578125,141.49267578125,INDIVIDUAL_ANNOTATOR_LOOP,with_mapper,subsample_10000,10000,4.151812160452482,134370
161,32,94,116,2.833014354109764,134.046875,15.627555549144745,142.71142578125,141.49169921875,INDIVIDUAL_ANNOTATOR_LOOP,with_mapper,subsample_10000,10000,4.151812160452482,134370
162,32,88,117,2.7449242770671844,134.2421875,15.71730338037014,142.71044921875,141.49072265625,INDIVIDUAL_ANNOTATOR_LOOP,with_mapper,subsample_10000,10000,4.151812160452482,134370
163,32,86,124,2.72444449365139,134.4365234375,16.53427444398403,142.70947265625,141.49169921875,INDIVIDUAL_ANNOTATOR_LOOP,with_mapper,subsample_10000,10000,4.151812160452482,134370
164,32,120,141,2.8276238590478897,134.6318359375,20.084762945771217,142.7109375,141.4931640625,INDIVIDUAL_ANNOTATOR_LOOP,with_mapper,subsample_10000,10000,4.151812160452482,134370
165,32,95,120,2.811471000313759,134.82861328125,16.266709193587303,142.71142578125,141.49072265625,INDIVIDUAL_ANNOTATOR_LOOP,with_mapper,subsample_10000,10000,4.151812160452482,134370
166,32,91,133,2.8401296585798264,135.02294921875,17.92246662080288,142.7099609375,141.4931640625,INDIVIDUAL_ANNOTATOR_LOOP,with_mapper,subsample_10000,10000,4.151812160452482,134370
167,32,100,133,2.743406221270561,135.2197265625,18.164604902267456,142.7119140625,141.4921875,INDIVIDUAL_ANNOTATOR_LOOP,with_mapper,subsample_10000,10000,4.151812160452482,134370
168,32,86,122,2.7343016117811203,135.41552734375,16.852540895342827,142.71044921875,141.49169921875,INDIVIDUAL_ANNOTATOR_LOOP,with_mapper,subsample_10000,10000,4.151812160452482,134370
169,32,158,169,2.874096855521202,135.61083984375,22.420013323426247,142.7119140625,141.4951171875,INDIVIDUAL_ANNOTATOR_LOOP,with_mapper,subsample_10000,10000,4.151812160452482,134370
170,32,97,132,3.096494823694229,135.80859375,17.925584688782692,142.712890625,141.4921875,INDIVIDUAL_ANNOTATOR_LOOP,with_mapper,subsample_10000,10000,4.151812160452482,134370
171,32,98,130,2.7454718947410583,136.00439453125,17.895318567752838,142.7109375,141.4921875,INDIVIDUAL_ANNOTATOR_LOOP,with_mapper,subsample_10000,10000,4.151812160452482,134370
172,32,116,145,2.756599336862564,136.2001953125,19.5713322609663,142.7109375,141.4921875,INDIVIDUAL_ANNOTATOR_LOOP,with_mapper,subsample_10000,10000,4.151812160452482,134370
173,32,127,154,2.8408076614141464,136.39599609375,20.35696431994438,142.7109375,141.4931640625,INDIVIDUAL_ANNOTATOR_LOOP,with_mapper,subsample_10000,10000,4.151812160452482,134370
174,32,101,139,2.8397683054208755,136.5927734375,19.049618393182755,142.7119140625,141.4931640625,INDIVIDUAL_ANNOTATOR_LOOP,with_mapper,subsample_10000,10000,4.151812160452482,134370
175,32,88,118,2.7924440801143646,136.78955078125,16.37100614607334,142.71142578125,141.49169921875,INDIVIDUAL_ANNOTATOR_LOOP,with_mapper,subsample_10000,10000,4.151812160452482,134370
176,32,107,135,2.8435122221708298,136.98486328125,18.291480839252472,142.7109375,141.4931640625,INDIVIDUAL_ANNOTATOR_LOOP,with_mapper,subsample_10000,10000,4.151812160452482,134370
177,32,126,153,2.7696695178747177,137.181640625,20.648222416639328,142.712890625,141.49609375,INDIVIDUAL_ANNOTATOR_LOOP,with_mapper,subsample_10000,10000,4.151812160452482,134370
178,32,96,133,2.823997288942337,137.38037109375,18.01852323114872,142.7138671875,141.4931640625,INDIVIDUAL_ANNOTATOR_LOOP,with_mapper,subsample_10000,10000,4.151812160452482,134370
179,32,91,136,2.7367807924747467,137.5771484375,18.452856689691544,142.7119140625,141.4931640625,INDIVIDUAL_ANNOTATOR_LOOP,with_mapper,subsample_10000,10000,4.151812160452482,134370
180,32,92,122,2.997899428009987,137.77392578125,16.320060938596725,142.71142578125,141.49072265625,INDIVIDUAL_ANNOTATOR_LOOP,with_mapper,subsample_10000,10000,4.151812160452482,134370
181,32,85,135,2.804908901453018,137.96826171875,18.210923299193382,142.7099609375,141.4931640625,INDIVIDUAL_ANNOTATOR_LOOP,with_mapper,subsample_10000,10000,4.151812160452482,134370
182,32,107,141,2.7891770005226135,138.1650390625,18.90977844595909,142.7119140625,141.4931640625,INDIVIDUAL_ANNOTATOR_LOOP,with_mapper,subsample_10000,10000,4.151812160452482,134370
183,32,110,136,2.815207466483116,138.36181640625,18.46129074692726,142.7119140625,141.4921875,INDIVIDUAL_ANNOTATOR_LOOP,with_mapper,subsample_10000,10000,4.151812160452482,134370
184,32,95,127,2.7725864201784134,138.5576171875,17.26461946964264,142.71044921875,141.49169921875,INDIVIDUAL_ANNOTATOR_LOOP,with_mapper,subsample_10000,10000,4.151812160452482,134370
185,32,102,146,2.7771033346652985,138.7529296875,19.420912489295006,142.7109375,141.4921875,INDIVIDUAL_ANNOTATOR_LOOP,with_mapper,subsample_10000,10000,4.151812160452482,134370
186,32,114,152,2.846870571374893,138.94873046875,20.161036401987076,142.7109375,141.4931640625,INDIVIDUAL_ANNOTATOR_LOOP,with_mapper,subsample_10000,10000,4.151812160452482,134370
187,32,119,143,2.784254029393196,139.1455078125,19.463660195469856,142.7119140625,141.4931640625,INDIVIDUAL_ANNOTATOR_LOOP,with_mapper,subsample_10000,10000,4.151812160452482,134370
188,32,95,123,2.86700576543808,139.34228515625,16.832683235406876,142.71142578125,141.49267578125,INDIVIDUAL_ANNOTATOR_LOOP,with_mapper,subsample_10000,10000,4.151812160452482,134370
189,32,121,143,2.794228494167328,139.53857421875,19.261527806520462,142.7119140625,141.4931640625,INDIVIDUAL_ANNOTATOR_LOOP,with_mapper,subsample_10000,10000,4.151812160452482,134370
190,32,132,168,3.1305886805057526,139.7353515625,22.458035498857498,142.712890625,141.4951171875,INDIVIDUAL_ANNOTATOR_LOOP,with_mapper,subsample_10000,10000,4.151812160452482,134370
191,32,92,138,2.7457885444164276,139.93310546875,18.73251609504223,142.712890625,141.4921875,INDIVIDUAL_ANNOTATOR_LOOP,with_mapper,subsample_10000,10000,4.151812160452482,134370
192,32,101,128,2.8062500059604645,140.12890625,17.364999279379845,142.71044921875,141.49072265625,INDIVIDUAL_ANNOTATOR_LOOP,with_mapper,subsample_10000,10000,4.151812160452482,134370
193,32,120,146,2.8335247188806534,140.3232421875,19.57455463707447,142.7099609375,141.4931640625,INDIVIDUAL_ANNOTATOR_LOOP,with_mapper,subsample_10000,10000,4.151812160452482,134370
194,32,105,127,2.8437096625566483,140.52001953125,17.29109324514866,142.71142578125,141.49169921875,INDIVIDUAL_ANNOTATOR_LOOP,with_mapper,subsample_10000,10000,4.151812160452482,134370
195,32,100,124,2.8060302138328552,140.71533203125,16.866911202669144,142.71044921875,141.49072265625,INDIVIDUAL_ANNOTATOR_LOOP,with_mapper,subsample_10000,10000,4.151812160452482,134370
196,32,110,137,2.7522780001163483,140.90966796875,18.43130961060524,142.7099609375,141.4921875,INDIVIDUAL_ANNOTATOR_LOOP,with_mapper,subsample_10000,10000,4.151812160452482,134370
197,32,102,137,2.7443580329418182,141.10546875,18.418967723846436,142.7109375,141.4921875,INDIVIDUAL_ANNOTATOR_LOOP,with_mapper,subsample_10000,10000,4.151812160452482,134370
198,32,104,132,2.72945873439312,141.30126953125,18.212109804153442,142.7109375,141.4921875,INDIVIDUAL_ANNOTATOR_LOOP,with_mapper,subsample_10000,10000,4.151812160452482,134370
199,32,130,155,2.7680713683366776,141.4970703125,20.818183198571205,142.7109375,141.4931640625,INDIVIDUAL_ANNOTATOR_LOOP,with_mapper,subsample_10000,10000,4.151812160452482,134370
0,32,166,212,1.3027489185333252,73.10546875,1.1360347270965576,112.3994140625,111.1806640625,BASELINE_AGGREGATE,without_mapper,subsample_15000,15000,6.569729054516253,134492
1,32,179,232,1.2931562960147858,73.296875,1.1252481490373611,112.3994140625,111.1806640625,BASELINE_AGGREGATE,without_mapper,subsample_15000,15000,6.569729054516253,134492
2,32,146,213,1.3101454824209213,73.48828125,1.1410228908061981,112.3994140625,111.1806640625,BASELINE_AGGREGATE,without_mapper,subsample_15000,15000,6.569729054516253,134492
3,32,151,208,1.583341509103775,73.6796875,1.1247284710407257,112.3994140625,111.1806640625,BASELINE_AGGREGATE,without_mapper,subsample_15000,15000,6.569729054516253,134492
4,32,113,180,1.3417694717645645,73.87109375,1.128803938627243,112.3994140625,111.1806640625,BASELINE_AGGREGATE,without_mapper,subsample_15000,15000,6.569729054516253,134492
5,32,161,203,1.3170260936021805,74.0625,1.1267326772212982,112.3994140625,111.1806640625,BASELINE_AGGREGATE,without_mapper,subsample_15000,15000,6.569729054516253,134492
6,32,126,199,1.3089273124933243,74.25390625,1.1324062943458557,112.3994140625,111.1806640625,BASELINE_AGGREGATE,without_mapper,subsample_15000,15000,6.569729054516253,134492
7,32,142,185,1.301320269703865,74.4453125,1.1217594146728516,112.3994140625,111.1806640625,BASELINE_AGGREGATE,without_mapper,subsample_15000,15000,6.569729054516253,134492
8,32,193,241,1.302635297179222,74.63671875,1.1306609958410263,112.3994140625,111.1806640625,BASELINE_AGGREGATE,without_mapper,subsample_15000,15000,6.569729054516253,134492
9,32,155,218,1.354830339550972,74.828125,1.1339038610458374,112.3994140625,111.1806640625,BASELINE_AGGREGATE,without_mapper,subsample_15000,15000,6.569729054516253,134492
10,32,141,180,1.3564880937337875,75.01953125,1.1278223246335983,112.3994140625,111.1806640625,BASELINE_AGGREGATE,without_mapper,subsample_15000,15000,6.569729054516253,134492
11,32,138,200,1.303747296333313,75.2109375,1.130666583776474,112.3994140625,111.1806640625,BASELINE_AGGREGATE,without_mapper,subsample_15000,15000,6.569729054516253,134492
12,32,138,200,1.3024359941482544,75.40234375,1.1197086423635483,112.3994140625,111.1806640625,BASELINE_AGGREGATE,without_mapper,subsample_15000,15000,6.569729054516253,134492
13,32,132,186,1.2914594262838364,75.59375,1.139320433139801,112.3994140625,111.1806640625,BASELINE_AGGREGATE,without_mapper,subsample_15000,15000,6.569729054516253,134492
14,32,168,220,1.558750867843628,75.78515625,1.123812049627304,112.3994140625,111.1806640625,BASELINE_AGGREGATE,without_mapper,subsample_15000,15000,6.569729054516253,134492
15,32,192,229,1.2882538139820099,75.9765625,1.1251550167798996,112.3994140625,111.1806640625,BASELINE_AGGREGATE,without_mapper,subsample_15000,15000,6.569729054516253,134492
16,32,142,199,1.2977160513401031,76.16796875,1.1276844888925552,112.3994140625,111.1806640625,BASELINE_AGGREGATE,without_mapper,subsample_15000,15000,6.569729054516253,134492
17,32,166,214,1.2870803475379944,76.359375,1.130271703004837,112.3994140625,111.1806640625,BASELINE_AGGREGATE,without_mapper,subsample_15000,15000,6.569729054516253,134492
18,32,140,204,1.2913960963487625,76.55078125,1.1324957013130188,112.3994140625,111.1806640625,BASELINE_AGGREGATE,without_mapper,subsample_15000,15000,6.569729054516253,134492
19,32,109,184,1.289432868361473,76.7421875,1.1353958398103714,112.3994140625,111.1806640625,BASELINE_AGGREGATE,without_mapper,subsample_15000,15000,6.569729054516253,134492
20,32,184,233,1.2910999357700348,76.93359375,1.125585287809372,112.3994140625,111.1806640625,BASELINE_AGGREGATE,without_mapper,subsample_15000,15000,6.569729054516253,134492
21,32,192,234,1.2964755296707153,77.125,1.125384122133255,112.3994140625,111.1806640625,BASELINE_AGGREGATE,without_mapper,subsample_15000,15000,6.569729054516253,134492
22,32,173,215,1.2889094650745392,77.31640625,1.165531575679779,112.3994140625,111.1806640625,BASELINE_AGGREGATE,without_mapper,subsample_15000,15000,6.569729054516253,134492
23,32,141,208,1.3014040887355804,77.5078125,1.130344346165657,112.3994140625,111.1806640625,BASELINE_AGGREGATE,without_mapper,subsample_15000,15000,6.569729054516253,134492
24,32,136,205,1.564614474773407,77.69921875,1.129722222685814,112.3994140625,111.1806640625,BASELINE_AGGREGATE,without_mapper,subsample_15000,15000,6.569729054516253,134492
25,32,128,190,1.2961160391569138,77.890625,1.1637266725301743,112.3994140625,111.1806640625,BASELINE_AGGREGATE,without_mapper,subsample_15000,15000,6.569729054516253,134492
26,32,178,228,1.2913811951875687,78.08203125,1.2039374560117722,112.3994140625,111.1806640625,BASELINE_AGGREGATE,without_mapper,subsample_15000,15000,6.569729054516253,134492
27,32,135,202,1.3330653309822083,78.2734375,1.1842753738164902,112.3994140625,111.1806640625,BASELINE_AGGREGATE,without_mapper,subsample_15000,15000,6.569729054516253,134492
28,32,144,210,1.2912284582853317,78.46484375,1.1285897344350815,112.3994140625,111.1806640625,BASELINE_AGGREGATE,without_mapper,subsample_15000,15000,6.569729054516253,134492
29,32,160,223,1.3068858534097672,78.65625,1.1261869221925735,112.3994140625,111.1806640625,BASELINE_AGGREGATE,without_mapper,subsample_15000,15000,6.569729054516253,134492
30,32,157,209,1.2883953750133514,78.84765625,1.1354032903909683,112.3994140625,111.1806640625,BASELINE_AGGREGATE,without_mapper,subsample_15000,15000,6.569729054516253,134492
31,32,175,212,1.287851482629776,79.0390625,1.1263992637395859,112.3994140625,111.1806640625,BASELINE_AGGREGATE,without_mapper,subsample_15000,15000,6.569729054516253,134492
32,32,119,206,1.2962650507688522,79.23046875,1.1631157249212265,112.3994140625,111.1806640625,BASELINE_AGGREGATE,without_mapper,subsample_15000,15000,6.569729054516253,134492
33,32,132,191,1.2887287884950638,79.421875,1.128626987338066,112.3994140625,111.1806640625,BASELINE_AGGREGATE,without_mapper,subsample_15000,15000,6.569729054516253,134492
34,32,178,226,1.3629160821437836,79.61328125,1.1346247047185898,112.3994140625,111.1806640625,BASELINE_AGGREGATE,without_mapper,subsample_15000,15000,6.569729054516253,134492
35,32,126,200,1.5647560358047485,79.8046875,1.1259615421295166,112.3994140625,111.1806640625,BASELINE_AGGREGATE,without_mapper,subsample_15000,15000,6.569729054516253,134492
36,32,175,215,1.2872759252786636,79.99609375,1.1278670281171799,112.3994140625,111.1806640625,BASELINE_AGGREGATE,without_mapper,subsample_15000,15000,6.569729054516253,134492
37,32,127,195,1.295093446969986,80.1875,1.1291150003671646,112.3994140625,111.1806640625,BASELINE_AGGREGATE,without_mapper,subsample_15000,15000,6.569729054516253,134492
38,32,129,202,1.2805145233869553,80.37890625,1.1531077325344086,112.3994140625,111.1806640625,BASELINE_AGGREGATE,without_mapper,subsample_15000,15000,6.569729054516253,134492
39,32,152,204,1.2865588068962097,80.5703125,1.1274833232164383,112.3994140625,111.1806640625,BASELINE_AGGREGATE,without_mapper,subsample_15000,15000,6.569729054516253,134492
40,32,157,212,1.2835413217544556,80.76171875,1.133836805820465,112.3994140625,111.1806640625,BASELINE_AGGREGATE,without_mapper,subsample_15000,15000,6.569729054516253,134492
41,32,132,193,1.2940075248479843,80.953125,1.1411402374505997,112.3994140625,111.1806640625,BASELINE_AGGREGATE,without_mapper,subsample_15000,15000,6.569729054516253,134492
42,32,141,193,1.2759380042552948,81.14453125,1.138255000114441,112.3994140625,111.1806640625,BASELINE_AGGREGATE,without_mapper,subsample_15000,15000,6.569729054516253,134492
43,32,115,188,1.2867487967014313,81.3359375,1.1253729462623596,112.3994140625,111.1806640625,BASELINE_AGGREGATE,without_mapper,subsample_15000,15000,6.569729054516253,134492
44,32,159,205,1.3117212802171707,81.52734375,1.1221952736377716,112.3994140625,111.1806640625,BASELINE_AGGREGATE,without_mapper,subsample_15000,15000,6.569729054516253,134492
45,32,158,211,1.5585999935865402,81.71875,1.1204034090042114,112.3994140625,111.1806640625,BASELINE_AGGREGATE,without_mapper,subsample_15000,15000,6.569729054516253,134492
46,32,167,207,1.2976713478565216,81.91015625,1.1149626225233078,112.3994140625,111.1806640625,BASELINE_AGGREGATE,without_mapper,subsample_15000,15000,6.569729054516253,134492
47,32,153,225,1.2917723506689072,82.1015625,1.1318512260913849,112.3994140625,111.1806640625,BASELINE_AGGREGATE,without_mapper,subsample_15000,15000,6.569729054516253,134492
48,32,156,223,1.3067740947008133,82.29296875,1.134561374783516,112.3994140625,111.1806640625,BASELINE_AGGREGATE,without_mapper,subsample_15000,15000,6.569729054516253,134492
49,32,174,213,1.290794461965561,82.484375,1.1331494897603989,112.3994140625,111.1806640625,BASELINE_AGGREGATE,without_mapper,subsample_15000,15000,6.569729054516253,134492
50,32,124,193,1.290794461965561,82.67578125,1.1579953134059906,112.3994140625,111.1806640625,BASELINE_AGGREGATE,without_mapper,subsample_15000,15000,6.569729054516253,134492
51,32,122,185,1.2918505817651749,82.8671875,1.1435393244028091,112.3994140625,111.1806640625,BASELINE_AGGREGATE,without_mapper,subsample_15000,15000,6.569729054516253,134492
52,32,137,220,1.289350911974907,83.05859375,1.128723844885826,112.3994140625,111.1806640625,BASELINE_AGGREGATE,without_mapper,subsample_15000,15000,6.569729054516253,134492
53,32,162,227,1.2904070317745209,83.25,1.1310167610645294,112.3994140625,111.1806640625,BASELINE_AGGREGATE,without_mapper,subsample_15000,15000,6.569729054516253,134492
54,32,149,204,1.2887027114629745,83.44140625,1.1257529258728027,112.3994140625,111.1806640625,BASELINE_AGGREGATE,without_mapper,subsample_15000,15000,6.569729054516253,134492
55,32,177,216,1.6087740659713745,83.6328125,1.1186785995960236,112.3994140625,111.1806640625,BASELINE_AGGREGATE,without_mapper,subsample_15000,15000,6.569729054516253,134492
56,32,195,238,1.285690814256668,83.82421875,1.1294037103652954,112.3994140625,111.1806640625,BASELINE_AGGREGATE,without_mapper,subsample_15000,15000,6.569729054516253,134492
57,32,183,220,1.284463331103325,84.015625,1.1363830417394638,112.3994140625,111.1806640625,BASELINE_AGGREGATE,without_mapper,subsample_15000,15000,6.569729054516253,134492
58,32,127,193,1.2945085763931274,84.20703125,1.132899895310402,112.3994140625,111.1806640625,BASELINE_AGGREGATE,without_mapper,subsample_15000,15000,6.569729054516253,134492
59,32,141,195,1.2906361371278763,84.3984375,1.1269766837358475,112.3994140625,111.1806640625,BASELINE_AGGREGATE,without_mapper,subsample_15000,15000,6.569729054516253,134492
60,32,160,223,1.2870710343122482,84.58984375,1.1337492614984512,112.3994140625,111.1806640625,BASELINE_AGGREGATE,without_mapper,subsample_15000,15000,6.569729054516253,134492
61,32,122,200,1.28994882106781,84.78125,1.121504232287407,112.3994140625,111.1806640625,BASELINE_AGGREGATE,without_mapper,subsample_15000,15000,6.569729054516253,134492
62,32,163,217,1.3424195349216461,84.97265625,1.1355001479387283,112.3994140625,111.1806640625,BASELINE_AGGREGATE,without_mapper,subsample_15000,15000,6.569729054516253,134492
63,32,125,191,1.3288650661706924,85.1640625,1.126231625676155,112.3994140625,111.1806640625,BASELINE_AGGREGATE,without_mapper,subsample_15000,15000,6.569729054516253,134492
64,32,175,213,1.2811925262212753,85.35546875,1.139618456363678,112.3994140625,111.1806640625,BASELINE_AGGREGATE,without_mapper,subsample_15000,15000,6.569729054516253,134492
65,32,150,190,1.289350911974907,85.546875,1.1264197528362274,112.3994140625,111.1806640625,BASELINE_AGGREGATE,without_mapper,subsample_15000,15000,6.569729054516253,134492
66,32,165,207,1.5944689512252808,85.73828125,1.1278223246335983,112.3994140625,111.1806640625,BASELINE_AGGREGATE,without_mapper,subsample_15000,15000,6.569729054516253,134492
67,32,156,215,1.2809336185455322,85.9296875,1.13571435213089,112.3994140625,111.1806640625,BASELINE_AGGREGATE,without_mapper,subsample_15000,15000,6.569729054516253,134492
68,32,196,233,1.2850724160671234,86.12109375,1.1294670403003693,112.3994140625,111.1806640625,BASELINE_AGGREGATE,without_mapper,subsample_15000,15000,6.569729054516253,134492
69,32,140,198,1.2843497097492218,86.3125,1.1260416358709335,112.3994140625,111.1806640625,BASELINE_AGGREGATE,without_mapper,subsample_15000,15000,6.569729054516253,134492
70,32,201,252,1.2945011258125305,86.50390625,1.125924289226532,112.3994140625,111.1806640625,BASELINE_AGGREGATE,without_mapper,subsample_15000,15000,6.569729054516253,134492
71,32,143,201,1.291658729314804,86.6953125,1.1276490986347198,112.3994140625,111.1806640625,BASELINE_AGGREGATE,without_mapper,subsample_15000,15000,6.569729054516253,134492
72,32,155,222,1.2902002781629562,86.88671875,1.1238083243370056,112.3994140625,111.1806640625,BASELINE_AGGREGATE,without_mapper,subsample_15000,15000,6.569729054516253,134492
73,32,227,265,1.2890547513961792,87.078125,1.1244434863328934,112.3994140625,111.1806640625,BASELINE_AGGREGATE,without_mapper,subsample_15000,15000,6.569729054516253,134492
74,32,168,198,1.2977197766304016,87.26953125,1.133957877755165,112.3994140625,111.1806640625,BASELINE_AGGREGATE,without_mapper,subsample_15000,15000,6.569729054516253,134492
75,32,184,233,1.2877434492111206,87.4609375,1.1388566344976425,112.3994140625,111.1806640625,BASELINE_AGGREGATE,without_mapper,subsample_15000,15000,6.569729054516253,134492
76,32,128,215,1.5600789338350296,87.65234375,1.1342912912368774,112.3994140625,111.1806640625,BASELINE_AGGREGATE,without_mapper,subsample_15000,15000,6.569729054516253,134492
77,32,166,231,1.2900251895189285,87.84375,1.1250264942646027,112.3994140625,111.1806640625,BASELINE_AGGREGATE,without_mapper,subsample_15000,15000,6.569729054516253,134492
78,32,161,210,1.290682703256607,88.03515625,1.13699771463871,112.3994140625,111.1806640625,BASELINE_AGGREGATE,without_mapper,subsample_15000,15000,6.569729054516253,134492
79,32,172,224,1.3258643448352814,88.2265625,1.121891662478447,112.3994140625,111.1806640625,BASELINE_AGGREGATE,without_mapper,subsample_15000,15000,6.569729054516253,134492
80,32,171,206,1.2921728193759918,88.41796875,1.119762659072876,112.3994140625,111.1806640625,BASELINE_AGGREGATE,without_mapper,subsample_15000,15000,6.569729054516253,134492
81,32,124,182,1.37234665453434,88.609375,1.1222753673791885,112.3994140625,111.1806640625,BASELINE_AGGREGATE,without_mapper,subsample_15000,15000,6.569729054516253,134492
82,32,179,218,1.2873783707618713,88.80078125,1.1379849165678024,112.3994140625,111.1806640625,BASELINE_AGGREGATE,without_mapper,subsample_15000,15000,6.569729054516253,134492
83,32,153,215,1.2846197932958603,88.9921875,1.1652987450361252,112.3994140625,111.1806640625,BASELINE_AGGREGATE,without_mapper,subsample_15000,15000,6.569729054516253,134492
84,32,193,225,1.36462040245533,89.18359375,1.133965328335762,112.3994140625,111.1806640625,BASELINE_AGGREGATE,without_mapper,subsample_15000,15000,6.569729054516253,134492
85,32,169,232,1.2813787907361984,89.375,1.1326838284730911,112.3994140625,111.1806640625,BASELINE_AGGREGATE,without_mapper,subsample_15000,15000,6.569729054516253,134492
86,32,106,183,1.2841522693634033,89.56640625,1.1286232620477676,112.3994140625,111.1806640625,BASELINE_AGGREGATE,without_mapper,subsample_15000,15000,6.569729054516253,134492
87,32,150,201,1.549871638417244,89.7578125,1.1184141039848328,112.3994140625,111.1806640625,BASELINE_AGGREGATE,without_mapper,subsample_15000,15000,6.569729054516253,134492
88,32,133,201,1.2826062738895416,89.94921875,1.1322498321533203,112.3994140625,111.1806640625,BASELINE_AGGREGATE,without_mapper,subsample_15000,15000,6.569729054516253,134492
89,32,134,217,1.2861434370279312,90.140625,1.1327452957630157,112.3994140625,111.1806640625,BASELINE_AGGREGATE,without_mapper,subsample_15000,15000,6.569729054516253,134492
90,32,206,254,1.274818554520607,90.33203125,1.1254232376813889,112.3994140625,111.1806640625,BASELINE_AGGREGATE,without_mapper,subsample_15000,15000,6.569729054516253,134492
91,32,148,211,1.28895603120327,90.5234375,1.128779724240303,112.3994140625,111.1806640625,BASELINE_AGGREGATE,without_mapper,subsample_15000,15000,6.569729054516253,134492
92,32,126,189,1.2935679405927658,90.71484375,1.13677978515625,112.3994140625,111.1806640625,BASELINE_AGGREGATE,without_mapper,subsample_15000,15000,6.569729054516253,134492
93,32,154,208,1.3037864118814468,90.90625,1.1278465390205383,112.3994140625,111.1806640625,BASELINE_AGGREGATE,without_mapper,subsample_15000,15000,6.569729054516253,134492
94,32,151,210,1.2811645865440369,91.09765625,1.149892807006836,112.3994140625,111.1806640625,BASELINE_AGGREGATE,without_mapper,subsample_15000,15000,6.569729054516253,134492
95,32,123,191,1.2781675904989243,91.2890625,1.1103320866823196,112.3994140625,111.1806640625,BASELINE_AGGREGATE,without_mapper,subsample_15000,15000,6.569729054516253,134492
96,32,116,195,1.2719333171844482,91.48046875,1.12973153591156,112.3994140625,111.1806640625,BASELINE_AGGREGATE,without_mapper,subsample_15000,15000,6.569729054516253,134492
97,32,126,198,1.6085375100374222,91.671875,1.1445004492998123,112.3994140625,111.1806640625,BASELINE_AGGREGATE,without_mapper,subsample_15000,15000,6.569729054516253,134492
98,32,153,211,1.2727845460176468,91.86328125,1.1325068771839142,112.3994140625,111.1806640625,BASELINE_AGGREGATE,without_mapper,subsample_15000,15000,6.569729054516253,134492
99,32,148,204,1.2819785624742508,92.0546875,1.1349935084581375,112.3994140625,111.1806640625,BASELINE_AGGREGATE,without_mapper,subsample_15000,15000,6.569729054516253,134492
100,32,217,257,1.2765675783157349,92.24609375,1.3423096388578415,112.3994140625,111.1806640625,BASELINE_AGGREGATE,without_mapper,subsample_15000,15000,6.569729054516253,134492
101,32,116,206,1.3123583048582077,92.4375,1.1418294161558151,112.3994140625,111.1806640625,BASELINE_AGGREGATE,without_mapper,subsample_15000,15000,6.569729054516253,134492
102,32,125,204,1.2851003557443619,92.62890625,1.15940161049366,112.3994140625,111.1806640625,BASELINE_AGGREGATE,without_mapper,subsample_15000,15000,6.569729054516253,134492
103,32,118,189,1.2788176536560059,92.8203125,1.1370275169610977,112.3994140625,111.1806640625,BASELINE_AGGREGATE,without_mapper,subsample_15000,15000,6.569729054516253,134492
104,32,171,222,1.2672767043113708,93.01171875,1.1390522122383118,112.3994140625,111.1806640625,BASELINE_AGGREGATE,without_mapper,subsample_15000,15000,6.569729054516253,134492
105,32,106,186,1.2647118419408798,93.203125,1.1233985424041748,112.3994140625,111.1806640625,BASELINE_AGGREGATE,without_mapper,subsample_15000,15000,6.569729054516253,134492
106,32,170,229,1.2739002704620361,93.39453125,1.148868352174759,112.3994140625,111.1806640625,BASELINE_AGGREGATE,without_mapper,subsample_15000,15000,6.569729054516253,134492
107,32,123,198,1.271270215511322,93.5859375,1.1312980204820633,112.3994140625,111.1806640625,BASELINE_AGGREGATE,without_mapper,subsample_15000,15000,6.569729054516253,134492
108,32,118,184,1.5292558819055557,93.77734375,1.1504106223583221,112.3994140625,111.1806640625,BASELINE_AGGREGATE,without_mapper,subsample_15000,15000,6.569729054516253,134492
109,32,142,194,1.2671779841184616,93.96875,1.1437013745307922,112.3994140625,111.1806640625,BASELINE_AGGREGATE,without_mapper,subsample_15000,15000,6.569729054516253,134492
110,32,164,216,1.2667160481214523,94.16015625,1.1285636574029922,112.3994140625,111.1806640625,BASELINE_AGGREGATE,without_mapper,subsample_15000,15000,6.569729054516253,134492
111,32,174,224,1.2742634862661362,94.3515625,1.1249613016843796,112.3994140625,111.1806640625,BASELINE_AGGREGATE,without_mapper,subsample_15000,15000,6.569729054516253,134492
112,32,199,245,1.2641232460737228,94.54296875,1.1367499828338623,112.3994140625,111.1806640625,BASELINE_AGGREGATE,without_mapper,subsample_15000,15000,6.569729054516253,134492
113,32,178,212,1.2759249657392502,94.734375,1.1800602078437805,112.3994140625,111.1806640625,BASELINE_AGGREGATE,without_mapper,subsample_15000,15000,6.569729054516253,134492
114,32,150,201,1.272447407245636,94.92578125,1.1336356401443481,112.3994140625,111.1806640625,BASELINE_AGGREGATE,without_mapper,subsample_15000,15000,6.569729054516253,134492
115,32,139,200,1.2867841869592667,95.1171875,1.1261999607086182,112.3994140625,111.1806640625,BASELINE_AGGREGATE,without_mapper,subsample_15000,15000,6.569729054516253,134492
116,32,147,202,1.2743547558784485,95.30859375,1.1236481368541718,112.3994140625,111.1806640625,BASELINE_AGGREGATE,without_mapper,subsample_15000,15000,6.569729054516253,134492
117,32,114,202,1.2653227895498276,95.5,1.1335592716932297,112.3994140625,111.1806640625,BASELINE_AGGREGATE,without_mapper,subsample_15000,15000,6.569729054516253,134492
118,32,161,199,1.5506967902183533,95.69140625,1.125076785683632,112.3994140625,111.1806640625,BASELINE_AGGREGATE,without_mapper,subsample_15000,15000,6.569729054516253,134492
119,32,161,212,1.3603642582893372,95.8828125,1.1312197893857956,112.3994140625,111.1806640625,BASELINE_AGGREGATE,without_mapper,subsample_15000,15000,6.569729054516253,134492
120,32,125,191,1.2786313891410828,96.07421875,1.1375844478607178,112.3994140625,111.1806640625,BASELINE_AGGREGATE,without_mapper,subsample_15000,15000,6.569729054516253,134492
121,32,164,222,1.2814700603485107,96.265625,1.1344365775585175,112.3994140625,111.1806640625,BASELINE_AGGREGATE,without_mapper,subsample_15000,15000,6.569729054516253,134492
122,32,156,210,1.2702587991952896,96.45703125,1.120271161198616,112.3994140625,111.1806640625,BASELINE_AGGREGATE,without_mapper,subsample_15000,15000,6.569729054516253,134492
123,32,171,240,1.2669432908296585,96.6484375,1.1278744786977768,112.3994140625,111.1806640625,BASELINE_AGGREGATE,without_mapper,subsample_15000,15000,6.569729054516253,134492
124,32,171,218,1.2719258666038513,96.83984375,1.1358726769685745,112.3994140625,111.1806640625,BASELINE_AGGREGATE,without_mapper,subsample_15000,15000,6.569729054516253,134492
125,32,112,196,1.2733116745948792,97.03125,1.1236239224672318,112.3994140625,111.1806640625,BASELINE_AGGREGATE,without_mapper,subsample_15000,15000,6.569729054516253,134492
126,32,151,191,1.277100294828415,97.22265625,1.1238139122724533,112.3994140625,111.1806640625,BASELINE_AGGREGATE,without_mapper,subsample_15000,15000,6.569729054516253,134492
127,32,156,205,1.2686476111412048,97.4140625,1.1292565613985062,112.3994140625,111.1806640625,BASELINE_AGGREGATE,without_mapper,subsample_15000,15000,6.569729054516253,134492
128,32,170,219,1.270422711968422,97.60546875,1.1248290538787842,112.3994140625,111.1806640625,BASELINE_AGGREGATE,without_mapper,subsample_15000,15000,6.569729054516253,134492
129,32,181,234,1.5410874038934708,97.796875,1.1424310505390167,112.3994140625,111.1806640625,BASELINE_AGGREGATE,without_mapper,subsample_15000,15000,6.569729054516253,134492
130,32,186,232,1.6702525317668915,97.98828125,1.135135069489479,112.3994140625,111.1806640625,BASELINE_AGGREGATE,without_mapper,subsample_15000,15000,6.569729054516253,134492
131,32,168,228,1.2758802622556686,98.1796875,1.1361390352249146,112.3994140625,111.1806640625,BASELINE_AGGREGATE,without_mapper,subsample_15000,15000,6.569729054516253,134492
132,32,190,248,1.2829061597585678,98.37109375,1.122642308473587,112.3994140625,111.1806640625,BASELINE_AGGREGATE,without_mapper,subsample_15000,15000,6.569729054516253,134492
133,32,145,215,1.280423253774643,98.5625,1.1629723012447357,112.3994140625,111.1806640625,BASELINE_AGGREGATE,without_mapper,subsample_15000,15000,6.569729054516253,134492
134,32,190,212,1.2803860008716583,98.75390625,1.181427389383316,112.3994140625,111.1806640625,BASELINE_AGGREGATE,without_mapper,subsample_15000,15000,6.569729054516253,134492
135,32,179,231,1.2777764350175858,98.9453125,1.1319685727357864,112.3994140625,111.1806640625,BASELINE_AGGREGATE,without_mapper,subsample_15000,15000,6.569729054516253,134492
136,32,137,204,1.2974925339221954,99.13671875,1.1372603476047516,112.3994140625,111.1806640625,BASELINE_AGGREGATE,without_mapper,subsample_15000,15000,6.569729054516253,134492
137,32,195,240,1.2681744992733002,99.328125,1.1285413056612015,112.3994140625,111.1806640625,BASELINE_AGGREGATE,without_mapper,subsample_15000,15000,6.569729054516253,134492
138,32,180,226,1.3065952807664871,99.51953125,1.1381711810827255,112.3994140625,111.1806640625,BASELINE_AGGREGATE,without_mapper,subsample_15000,15000,6.569729054516253,134492
139,32,160,229,1.5469938516616821,99.7109375,1.138199120759964,112.3994140625,111.1806640625,BASELINE_AGGREGATE,without_mapper,subsample_15000,15000,6.569729054516253,134492
140,32,132,182,1.3043023645877838,99.90234375,1.1374857276678085,112.3994140625,111.1806640625,BASELINE_AGGREGATE,without_mapper,subsample_15000,15000,6.569729054516253,134492
141,32,172,222,1.312224194407463,100.09375,1.1325646191835403,112.3994140625,111.1806640625,BASELINE_AGGREGATE,without_mapper,subsample_15000,15000,6.569729054516253,134492
142,32,139,206,1.2694243341684341,100.28515625,1.1229310184717178,112.3994140625,111.1806640625,BASELINE_AGGREGATE,without_mapper,subsample_15000,15000,6.569729054516253,134492
143,32,118,195,1.2692362070083618,100.4765625,1.1276230216026306,112.3994140625,111.1806640625,BASELINE_AGGREGATE,without_mapper,subsample_15000,15000,6.569729054516253,134492
144,32,171,224,1.2784823775291443,100.66796875,1.128537580370903,112.3994140625,111.1806640625,BASELINE_AGGREGATE,without_mapper,subsample_15000,15000,6.569729054516253,134492
145,32,137,213,1.2959111481904984,100.859375,1.1373236775398254,112.3994140625,111.1806640625,BASELINE_AGGREGATE,without_mapper,subsample_15000,15000,6.569729054516253,134492
146,32,152,207,1.2703891843557358,101.05078125,1.1396799236536026,112.3994140625,111.1806640625,BASELINE_AGGREGATE,without_mapper,subsample_15000,15000,6.569729054516253,134492
147,32,121,192,1.2800320982933044,101.2421875,1.1225100606679916,112.3994140625,111.1806640625,BASELINE_AGGREGATE,without_mapper,subsample_15000,15000,6.569729054516253,134492
148,32,122,198,1.276414841413498,101.43359375,1.1447891592979431,112.3994140625,111.1806640625,BASELINE_AGGREGATE,without_mapper,subsample_15000,15000,6.569729054516253,134492
149,32,154,211,1.2877341359853745,101.625,1.1335425078868866,112.3994140625,111.1806640625,BASELINE_AGGREGATE,without_mapper,subsample_15000,15000,6.569729054516253,134492
150,32,112,195,1.5416685491800308,101.81640625,1.1275354772806168,112.3994140625,111.1806640625,BASELINE_AGGREGATE,without_mapper,subsample_15000,15000,6.569729054516253,134492
151,32,167,208,1.269439235329628,102.0078125,1.1265575885772705,112.3994140625,111.1806640625,BASELINE_AGGREGATE,without_mapper,subsample_15000,15000,6.569729054516253,134492
152,32,180,225,1.271551474928856,102.19921875,1.1278782039880753,112.3994140625,111.1806640625,BASELINE_AGGREGATE,without_mapper,subsample_15000,15000,6.569729054516253,134492
153,32,148,225,1.2795142829418182,102.390625,1.1223666369915009,112.3994140625,111.1806640625,BASELINE_AGGREGATE,without_mapper,subsample_15000,15000,6.569729054516253,134492
154,32,152,204,1.2741368263959885,102.58203125,1.1360347270965576,112.3994140625,111.1806640625,BASELINE_AGGREGATE,without_mapper,subsample_15000,15000,6.569729054516253,134492
155,32,208,231,1.2636370956897736,102.7734375,1.1377017945051193,112.3994140625,111.1806640625,BASELINE_AGGREGATE,without_mapper,subsample_15000,15000,6.569729054516253,134492
156,32,150,208,1.2653209269046783,102.96484375,1.139182597398758,112.3994140625,111.1806640625,BASELINE_AGGREGATE,without_mapper,subsample_15000,15000,6.569729054516253,134492
157,32,147,207,1.2701041996479034,103.15625,1.1350996792316437,112.3994140625,111.1806640625,BASELINE_AGGREGATE,without_mapper,subsample_15000,15000,6.569729054516253,134492
158,32,178,224,1.327812671661377,103.34765625,1.1321939527988434,112.3994140625,111.1806640625,BASELINE_AGGREGATE,without_mapper,subsample_15000,15000,6.569729054516253,134492
159,32,169,217,1.3343356549739838,103.5390625,1.1343862861394882,112.3994140625,111.1806640625,BASELINE_AGGREGATE,without_mapper,subsample_15000,15000,6.569729054516253,134492
160,32,152,199,1.6068145632743835,103.73046875,1.1340491473674774,112.3994140625,111.1806640625,BASELINE_AGGREGATE,without_mapper,subsample_15000,15000,6.569729054516253,134492
161,32,173,220,1.338483765721321,103.921875,1.1308994144201279,112.3994140625,111.1806640625,BASELINE_AGGREGATE,without_mapper,subsample_15000,15000,6.569729054516253,134492
162,32,130,198,1.3490281999111176,104.11328125,1.135772094130516,112.3994140625,111.1806640625,BASELINE_AGGREGATE,without_mapper,subsample_15000,15000,6.569729054516253,134492
163,32,141,205,1.28091499209404,104.3046875,1.1311080306768417,112.3994140625,111.1806640625,BASELINE_AGGREGATE,without_mapper,subsample_15000,15000,6.569729054516253,134492
164,32,137,192,1.2720823287963867,104.49609375,1.1297184973955154,112.3994140625,111.1806640625,BASELINE_AGGREGATE,without_mapper,subsample_15000,15000,6.569729054516253,134492
165,32,182,208,1.2679137289524078,104.6875,1.126997172832489,112.3994140625,111.1806640625,BASELINE_AGGREGATE,without_mapper,subsample_15000,15000,6.569729054516253,134492
166,32,155,216,1.272059977054596,104.87890625,1.1348351836204529,112.3994140625,111.1806640625,BASELINE_AGGREGATE,without_mapper,subsample_15000,15000,6.569729054516253,134492
167,32,160,219,1.2713484466075897,105.0703125,1.1250078678131104,112.3994140625,111.1806640625,BASELINE_AGGREGATE,without_mapper,subsample_15000,15000,6.569729054516253,134492
168,32,171,205,1.2701936066150665,105.26171875,1.1341404169797897,112.3994140625,111.1806640625,BASELINE_AGGREGATE,without_mapper,subsample_15000,15000,6.569729054516253,134492
169,32,151,209,1.2749619781970978,105.453125,1.134030520915985,112.3994140625,111.1806640625,BASELINE_AGGREGATE,without_mapper,subsample_15000,15000,6.569729054516253,134492
170,32,156,217,1.5424638986587524,105.64453125,1.2027062475681305,112.3994140625,111.1806640625,BASELINE_AGGREGATE,without_mapper,subsample_15000,15000,6.569729054516253,134492
171,32,166,224,1.2923870235681534,105.8359375,1.1157002300024033,112.3994140625,111.1806640625,BASELINE_AGGREGATE,without_mapper,subsample_15000,15000,6.569729054516253,134492
172,32,148,212,1.2739822268486023,106.02734375,1.1297855526208878,112.3994140625,111.1806640625,BASELINE_AGGREGATE,without_mapper,subsample_15000,15000,6.569729054516253,134492
173,32,157,212,1.282995566725731,106.21875,1.1283867061138153,112.3994140625,111.1806640625,BASELINE_AGGREGATE,without_mapper,subsample_15000,15000,6.569729054516253,134492
174,32,143,212,1.2827590107917786,106.41015625,1.1372212320566177,112.3994140625,111.1806640625,BASELINE_AGGREGATE,without_mapper,subsample_15000,15000,6.569729054516253,134492
175,32,161,222,1.2924037873744965,106.6015625,1.1588726192712784,112.3994140625,111.1806640625,BASELINE_AGGREGATE,without_mapper,subsample_15000,15000,6.569729054516253,134492
176,32,135,197,1.2700185179710388,106.79296875,1.159893348813057,112.3994140625,111.1806640625,BASELINE_AGGREGATE,without_mapper,subsample_15000,15000,6.569729054516253,134492
177,32,184,241,1.2755673378705978,106.984375,1.1925604194402695,112.3994140625,111.1806640625,BASELINE_AGGREGATE,without_mapper,subsample_15000,15000,6.569729054516253,134492
178,32,146,218,1.2806709855794907,107.17578125,1.2116450816392899,112.3994140625,111.1806640625,BASELINE_AGGREGATE,without_mapper,subsample_15000,15000,6.569729054516253,134492
179,32,126,195,1.276463270187378,107.3671875,1.2005027383565903,112.3994140625,111.1806640625,BASELINE_AGGREGATE,without_mapper,subsample_15000,15000,6.569729054516253,134492
180,32,133,194,1.2696385383605957,107.55859375,1.2044385075569153,112.3994140625,111.1806640625,BASELINE_AGGREGATE,without_mapper,subsample_15000,15000,6.569729054516253,134492
181,32,141,211,1.581002026796341,107.75,1.1540520936250687,112.3994140625,111.1806640625,BASELINE_AGGREGATE,without_mapper,subsample_15000,15000,6.569729054516253,134492
182,32,146,209,1.2774113565683365,107.94140625,1.1249314993619919,112.3994140625,111.1806640625,BASELINE_AGGREGATE,without_mapper,subsample_15000,15000,6.569729054516253,134492
183,32,120,206,1.2801345437765121,108.1328125,1.1266730725765228,112.3994140625,111.1806640625,BASELINE_AGGREGATE,without_mapper,subsample_15000,15000,6.569729054516253,134492
184,32,140,201,1.2643933296203613,108.32421875,1.1673085391521454,112.3994140625,111.1806640625,BASELINE_AGGREGATE,without_mapper,subsample_15000,15000,6.569729054516253,134492
185,32,128,198,1.2913905084133148,108.515625,1.1646784842014313,112.3994140625,111.1806640625,BASELINE_AGGREGATE,without_mapper,subsample_15000,15000,6.569729054516253,134492
186,32,130,193,1.2767259031534195,108.70703125,1.1267364025115967,112.3994140625,111.1806640625,BASELINE_AGGREGATE,without_mapper,subsample_15000,15000,6.569729054516253,134492
187,32,109,184,1.272052526473999,108.8984375,1.1300165206193924,112.3994140625,111.1806640625,BASELINE_AGGREGATE,without_mapper,subsample_15000,15000,6.569729054516253,134492
188,32,145,211,1.2693405151367188,109.08984375,1.1448673903942108,112.3994140625,111.1806640625,BASELINE_AGGREGATE,without_mapper,subsample_15000,15000,6.569729054516253,134492
189,32,147,200,1.273682340979576,109.28125,1.1259391903877258,112.3994140625,111.1806640625,BASELINE_AGGREGATE,without_mapper,subsample_15000,15000,6.569729054516253,134492
190,32,137,204,1.3087354600429535,109.47265625,1.148723065853119,112.3994140625,111.1806640625,BASELINE_AGGREGATE,without_mapper,subsample_15000,15000,6.569729054516253,134492
191,32,121,192,1.5360061079263687,109.6640625,1.1257920414209366,112.3994140625,111.1806640625,BASELINE_AGGREGATE,without_mapper,subsample_15000,15000,6.569729054516253,134492
192,32,158,213,1.2792591005563736,109.85546875,1.1401399970054626,112.3994140625,111.1806640625,BASELINE_AGGREGATE,without_mapper,subsample_15000,15000,6.569729054516253,134492
193,32,128,202,1.2825299054384232,110.046875,1.122012734413147,112.3994140625,111.1806640625,BASELINE_AGGREGATE,without_mapper,subsample_15000,15000,6.569729054516253,134492
194,32,162,207,1.266244798898697,110.23828125,1.131892204284668,112.3994140625,111.1806640625,BASELINE_AGGREGATE,without_mapper,subsample_15000,15000,6.569729054516253,134492
195,32,165,221,1.2627355754375458,110.4296875,1.2024454772472382,112.3994140625,111.1806640625,BASELINE_AGGREGATE,without_mapper,subsample_15000,15000,6.569729054516253,134492
196,32,147,210,1.2606196105480194,110.62109375,1.115819439291954,112.3994140625,111.1806640625,BASELINE_AGGREGATE,without_mapper,subsample_15000,15000,6.569729054516253,134492
197,32,121,180,1.2657344341278076,110.8125,1.1286437511444092,112.3994140625,111.1806640625,BASELINE_AGGREGATE,without_mapper,subsample_15000,15000,6.569729054516253,134492
198,32,139,208,1.2712422758340836,111.00390625,1.1302083730697632,112.3994140625,111.1806640625,BASELINE_AGGREGATE,without_mapper,subsample_15000,15000,6.569729054516253,134492
199,32,174,220,1.2724287807941437,111.1953125,1.1326707899570465,112.3994140625,111.1806640625,BASELINE_AGGREGATE,without_mapper,subsample_15000,15000,6.569729054516253,134492
0,32,166,212,2.872828394174576,102.64892578125,1.947108656167984,143.24560546875,142.02490234375,INDIVIDUAL_ANNOTATOR,with_mapper,subsample_15000,15000,6.569729054516253,134492
1,32,179,232,2.9052309691905975,102.84716796875,1.9368045032024384,143.24365234375,142.02587890625,INDIVIDUAL_ANNOTATOR,with_mapper,subsample_15000,15000,6.569729054516253,134492
2,32,146,213,3.136543557047844,103.04638671875,1.9238200038671494,143.24462890625,142.02490234375,INDIVIDUAL_ANNOTATOR,with_mapper,subsample_15000,15000,6.569729054516253,134492
3,32,151,208,2.849021926522255,103.24462890625,1.9548069685697556,143.24365234375,142.02587890625,INDIVIDUAL_ANNOTATOR,with_mapper,subsample_15000,15000,6.569729054516253,134492
4,32,113,180,2.8307735919952393,103.44384765625,1.9423160701990128,143.2431640625,142.0205078125,INDIVIDUAL_ANNOTATOR,with_mapper,subsample_15000,15000,6.569729054516253,134492
5,32,161,203,2.9405690729618073,103.638671875,1.925792545080185,143.23974609375,142.02294921875,INDIVIDUAL_ANNOTATOR,with_mapper,subsample_15000,15000,6.569729054516253,134492
6,32,126,199,2.8358716517686844,103.8359375,1.9390564411878586,143.24169921875,142.02197265625,INDIVIDUAL_ANNOTATOR,with_mapper,subsample_15000,15000,6.569729054516253,134492
7,32,142,185,2.827681601047516,104.0322265625,1.923421397805214,143.240234375,142.0224609375,INDIVIDUAL_ANNOTATOR,with_mapper,subsample_15000,15000,6.569729054516253,134492
8,32,193,241,2.9220692813396454,104.22900390625,1.9396375864744186,143.24267578125,142.02685546875,INDIVIDUAL_ANNOTATOR,with_mapper,subsample_15000,15000,6.569729054516253,134492
9,32,155,218,2.8689373284578323,104.42919921875,1.9238479435443878,143.24560546875,142.02490234375,INDIVIDUAL_ANNOTATOR,with_mapper,subsample_15000,15000,6.569729054516253,134492
10,32,141,180,2.824263647198677,104.62744140625,1.9431188702583313,143.2421875,142.0205078125,INDIVIDUAL_ANNOTATOR,with_mapper,subsample_15000,15000,6.569729054516253,134492
11,32,138,200,2.841208130121231,104.822265625,1.9282642751932144,143.23974609375,142.02294921875,INDIVIDUAL_ANNOTATOR,with_mapper,subsample_15000,15000,6.569729054516253,134492
12,32,138,200,3.0762366950511932,105.01953125,1.9711311906576157,143.24169921875,142.02294921875,INDIVIDUAL_ANNOTATOR,with_mapper,subsample_15000,15000,6.569729054516253,134492
13,32,132,186,2.8073005378246307,105.216796875,1.946059986948967,143.2412109375,142.021484375,INDIVIDUAL_ANNOTATOR,with_mapper,subsample_15000,15000,6.569729054516253,134492
14,32,168,220,2.89369560778141,105.41259765625,1.9990038126707077,143.24169921875,142.02490234375,INDIVIDUAL_ANNOTATOR,with_mapper,subsample_15000,15000,6.569729054516253,134492
15,32,192,229,2.92995385825634,105.61083984375,1.9410718232393265,143.24365234375,142.02587890625,INDIVIDUAL_ANNOTATOR,with_mapper,subsample_15000,15000,6.569729054516253,134492
16,32,142,199,2.838168293237686,105.81005859375,1.950027421116829,143.24365234375,142.02294921875,INDIVIDUAL_ANNOTATOR,with_mapper,subsample_15000,15000,6.569729054516253,134492
17,32,166,214,2.877766266465187,106.00732421875,1.986803486943245,143.24267578125,142.02587890625,INDIVIDUAL_ANNOTATOR,with_mapper,subsample_15000,15000,6.569729054516253,134492
18,32,140,204,2.8702523559331894,106.20654296875,1.9219089299440384,143.24365234375,142.02294921875,INDIVIDUAL_ANNOTATOR,with_mapper,subsample_15000,15000,6.569729054516253,134492
19,32,109,184,2.828143537044525,106.40380859375,1.942761242389679,143.2412109375,142.0224609375,INDIVIDUAL_ANNOTATOR,with_mapper,subsample_15000,15000,6.569729054516253,134492
20,32,184,233,2.8796959668397903,106.6005859375,1.94551981985569,143.24267578125,142.02587890625,INDIVIDUAL_ANNOTATOR,with_mapper,subsample_15000,15000,6.569729054516253,134492
21,32,192,234,2.8955917805433273,106.7998046875,1.9356030970811844,143.24462890625,142.02490234375,INDIVIDUAL_ANNOTATOR,with_mapper,subsample_15000,15000,6.569729054516253,134492
22,32,173,215,3.196394070982933,106.998046875,1.9194688647985458,143.24365234375,142.02685546875,INDIVIDUAL_ANNOTATOR,with_mapper,subsample_15000,15000,6.569729054516253,134492
23,32,141,208,2.94598750770092,107.1982421875,2.043863758444786,143.24560546875,142.02685546875,INDIVIDUAL_ANNOTATOR,with_mapper,subsample_15000,15000,6.569729054516253,134492
24,32,136,205,2.858344465494156,107.3984375,1.9257757812738419,143.24560546875,142.02490234375,INDIVIDUAL_ANNOTATOR,with_mapper,subsample_15000,15000,6.569729054516253,134492
25,32,128,190,2.8592944145202637,107.5966796875,1.9400045275688171,143.2421875,142.0224609375,INDIVIDUAL_ANNOTATOR,with_mapper,subsample_15000,15000,6.569729054516253,134492
26,32,178,228,2.870716154575348,107.79345703125,2.036541700363159,143.24267578125,142.02587890625,INDIVIDUAL_ANNOTATOR,with_mapper,subsample_15000,15000,6.569729054516253,134492
27,32,135,202,3.089258447289467,107.99267578125,1.9402150064706802,143.24365234375,142.02294921875,INDIVIDUAL_ANNOTATOR,with_mapper,subsample_15000,15000,6.569729054516253,134492
28,32,144,210,2.849338576197624,108.18994140625,1.9367765635252,143.24267578125,142.02587890625,INDIVIDUAL_ANNOTATOR,with_mapper,subsample_15000,15000,6.569729054516253,134492
29,32,160,223,2.8709489852190018,108.38916015625,1.9388850778341293,143.24462890625,142.02490234375,INDIVIDUAL_ANNOTATOR,with_mapper,subsample_15000,15000,6.569729054516253,134492
30,32,157,209,2.8864052146673203,108.58740234375,1.9379854202270508,143.24365234375,142.02490234375,INDIVIDUAL_ANNOTATOR,with_mapper,subsample_15000,15000,6.569729054516253,134492
31,32,175,212,2.8743967413902283,108.78564453125,1.9172970205545425,143.24267578125,142.02294921875,INDIVIDUAL_ANNOTATOR,with_mapper,subsample_15000,15000,6.569729054516253,134492
32,32,119,206,3.116076812148094,108.98291015625,1.9287783652544022,143.24169921875,142.02294921875,INDIVIDUAL_ANNOTATOR,with_mapper,subsample_15000,15000,6.569729054516253,134492
33,32,132,191,2.998989075422287,109.18017578125,1.9493922591209412,143.2412109375,142.021484375,INDIVIDUAL_ANNOTATOR,with_mapper,subsample_15000,15000,6.569729054516253,134492
34,32,178,226,2.8814896941184998,109.3759765625,1.9260924309492111,143.24169921875,142.02587890625,INDIVIDUAL_ANNOTATOR,with_mapper,subsample_15000,15000,6.569729054516253,134492
35,32,126,200,2.8367526829242706,109.5751953125,1.9359271973371506,143.24462890625,142.02490234375,INDIVIDUAL_ANNOTATOR,with_mapper,subsample_15000,15000,6.569729054516253,134492
36,32,175,215,2.8647948056459427,109.7734375,1.9173212349414825,143.24365234375,142.02587890625,INDIVIDUAL_ANNOTATOR,with_mapper,subsample_15000,15000,6.569729054516253,134492
37,32,127,195,2.8381813317537308,109.97265625,1.9225329160690308,143.24365234375,142.02294921875,INDIVIDUAL_ANNOTATOR,with_mapper,subsample_15000,15000,6.569729054516253,134492
38,32,129,202,2.810833975672722,110.169921875,1.905912533402443,143.24267578125,142.02490234375,INDIVIDUAL_ANNOTATOR,with_mapper,subsample_15000,15000,6.569729054516253,134492
39,32,152,204,2.898048609495163,110.3681640625,1.9173547625541687,143.24267578125,142.02294921875,INDIVIDUAL_ANNOTATOR,with_mapper,subsample_15000,15000,6.569729054516253,134492
40,32,157,212,3.1622089445590973,110.5654296875,1.939479261636734,143.24267578125,142.02587890625,INDIVIDUAL_ANNOTATOR,with_mapper,subsample_15000,15000,6.569729054516253,134492
41,32,132,193,3.0203312635421753,110.7646484375,1.9233766943216324,143.24365234375,142.02197265625,INDIVIDUAL_ANNOTATOR,with_mapper,subsample_15000,15000,6.569729054516253,134492
42,32,141,193,3.4941527992486954,110.9609375,1.9315704703330994,143.24072265625,142.02294921875,INDIVIDUAL_ANNOTATOR,with_mapper,subsample_15000,15000,6.569729054516253,134492
43,32,115,188,3.026418387889862,111.158203125,1.9272677600383759,143.2412109375,142.021484375,INDIVIDUAL_ANNOTATOR,with_mapper,subsample_15000,15000,6.569729054516253,134492
44,32,159,205,2.8594136238098145,111.35400390625,1.943504437804222,143.24169921875,142.02490234375,INDIVIDUAL_ANNOTATOR,with_mapper,subsample_15000,15000,6.569729054516253,134492
45,32,158,211,2.8500445187091827,111.55224609375,1.9220802932977676,143.24365234375,142.02490234375,INDIVIDUAL_ANNOTATOR,with_mapper,subsample_15000,15000,6.569729054516253,134492
46,32,167,207,2.841714769601822,111.75048828125,2.032570540904999,143.24267578125,142.02294921875,INDIVIDUAL_ANNOTATOR,with_mapper,subsample_15000,15000,6.569729054516253,134492
47,32,153,225,2.850949764251709,111.94775390625,1.9265301525592804,143.24267578125,142.02587890625,INDIVIDUAL_ANNOTATOR,with_mapper,subsample_15000,15000,6.569729054516253,134492
48,32,156,223,2.8735287487506866,112.14697265625,1.9121486693620682,143.24462890625,142.02587890625,INDIVIDUAL_ANNOTATOR,with_mapper,subsample_15000,15000,6.569729054516253,134492
49,32,174,213,2.853408455848694,112.34619140625,1.9179265946149826,143.24365234375,142.02294921875,INDIVIDUAL_ANNOTATOR,with_mapper,subsample_15000,15000,6.569729054516253,134492
50,32,124,193,2.814197912812233,112.54345703125,1.9280984997749329,143.24267578125,142.02490234375,INDIVIDUAL_ANNOTATOR,with_mapper,subsample_15000,15000,6.569729054516253,134492
51,32,122,185,2.7922596782445908,112.74169921875,1.936051994562149,143.2421875,142.0205078125,INDIVIDUAL_ANNOTATOR,with_mapper,subsample_15000,15000,6.569729054516253,134492
52,32,137,220,3.132527694106102,112.9365234375,1.9127056002616882,143.24072265625,142.02490234375,INDIVIDUAL_ANNOTATOR,with_mapper,subsample_15000,15000,6.569729054516253,134492
53,32,162,227,2.84760445356369,113.134765625,1.930195838212967,143.24267578125,142.02294921875,INDIVIDUAL_ANNOTATOR,with_mapper,subsample_15000,15000,6.569729054516253,134492
54,32,149,204,2.9081441462039948,113.33203125,1.9252337515354156,143.24169921875,142.02294921875,INDIVIDUAL_ANNOTATOR,with_mapper,subsample_15000,15000,6.569729054516253,134492
55,32,177,216,2.9648877680301666,113.529296875,2.004820853471756,143.24267578125,142.02490234375,INDIVIDUAL_ANNOTATOR,with_mapper,subsample_15000,15000,6.569729054516253,134492
56,32,195,238,2.8709620237350464,113.7275390625,1.9338782876729965,143.24365234375,142.02490234375,INDIVIDUAL_ANNOTATOR,with_mapper,subsample_15000,15000,6.569729054516253,134492
57,32,183,220,2.9591210186481476,113.92578125,1.904236152768135,143.24267578125,142.02294921875,INDIVIDUAL_ANNOTATOR,with_mapper,subsample_15000,15000,6.569729054516253,134492
58,32,127,193,2.858884632587433,114.123046875,1.9169338047504425,143.24169921875,142.02197265625,INDIVIDUAL_ANNOTATOR,with_mapper,subsample_15000,15000,6.569729054516253,134492
59,32,141,195,2.8299540281295776,114.3193359375,1.927800476551056,143.24072265625,142.02197265625,INDIVIDUAL_ANNOTATOR,with_mapper,subsample_15000,15000,6.569729054516253,134492
60,32,160,223,2.8751660138368607,114.515625,1.9209515303373337,143.24169921875,142.02587890625,INDIVIDUAL_ANNOTATOR,with_mapper,subsample_15000,15000,6.569729054516253,134492
61,32,122,200,2.8212107717990875,114.71484375,1.9500087946653366,143.24365234375,142.02294921875,INDIVIDUAL_ANNOTATOR,with_mapper,subsample_15000,15000,6.569729054516253,134492
62,32,163,217,2.8496719896793365,114.912109375,1.9280817359685898,143.24267578125,142.02685546875,INDIVIDUAL_ANNOTATOR,with_mapper,subsample_15000,15000,6.569729054516253,134492
63,32,125,191,3.0891355127096176,115.1123046875,1.9058845937252045,143.244140625,142.021484375,INDIVIDUAL_ANNOTATOR,with_mapper,subsample_15000,15000,6.569729054516253,134492
64,32,175,213,2.851104363799095,115.30810546875,1.9196998327970505,143.24169921875,142.02490234375,INDIVIDUAL_ANNOTATOR,with_mapper,subsample_15000,15000,6.569729054516253,134492
65,32,150,190,2.8122272342443466,115.50634765625,1.937786117196083,143.2421875,142.021484375,INDIVIDUAL_ANNOTATOR,with_mapper,subsample_15000,15000,6.569729054516253,134492
66,32,165,207,2.87812203168869,115.7021484375,1.9169673323631287,143.24072265625,142.02294921875,INDIVIDUAL_ANNOTATOR,with_mapper,subsample_15000,15000,6.569729054516253,134492
67,32,156,215,2.894297242164612,115.8994140625,1.9986927509307861,143.24169921875,142.02294921875,INDIVIDUAL_ANNOTATOR,with_mapper,subsample_15000,15000,6.569729054516253,134492
68,32,196,233,2.8762035071849823,116.0966796875,1.9246414303779602,143.24267578125,142.02490234375,INDIVIDUAL_ANNOTATOR,with_mapper,subsample_15000,15000,6.569729054516253,134492
69,32,140,198,2.8344783931970596,116.294921875,2.0269714295864105,143.24267578125,142.02294921875,INDIVIDUAL_ANNOTATOR,with_mapper,subsample_15000,15000,6.569729054516253,134492
70,32,201,252,2.916663885116577,116.4921875,1.9310079514980316,143.24267578125,142.02490234375,INDIVIDUAL_ANNOTATOR,with_mapper,subsample_15000,15000,6.569729054516253,134492
71,32,143,201,2.8370972722768784,116.6904296875,1.932971179485321,143.24267578125,142.02294921875,INDIVIDUAL_ANNOTATOR,with_mapper,subsample_15000,15000,6.569729054516253,134492
72,32,155,222,2.9694736003875732,116.8876953125,1.9341204315423965,143.24169921875,142.02294921875,INDIVIDUAL_ANNOTATOR,with_mapper,subsample_15000,15000,6.569729054516253,134492
73,32,227,265,3.1891483813524246,117.0849609375,1.927463337779045,143.2431640625,142.025390625,INDIVIDUAL_ANNOTATOR,with_mapper,subsample_15000,15000,6.569729054516253,134492
74,32,168,198,2.8397496789693832,117.28369140625,1.9205864518880844,143.24267578125,142.02294921875,INDIVIDUAL_ANNOTATOR,with_mapper,subsample_15000,15000,6.569729054516253,134492
75,32,184,233,2.870006486773491,117.48095703125,1.9241385161876678,143.24267578125,142.02783203125,INDIVIDUAL_ANNOTATOR,with_mapper,subsample_15000,15000,6.569729054516253,134492
76,32,128,215,2.836287021636963,117.68212890625,1.9013453274965286,143.24658203125,142.02490234375,INDIVIDUAL_ANNOTATOR,with_mapper,subsample_15000,15000,6.569729054516253,134492
77,32,166,231,2.9062405228614807,117.88037109375,1.9404664635658264,143.24365234375,142.02587890625,INDIVIDUAL_ANNOTATOR,with_mapper,subsample_15000,15000,6.569729054516253,134492
78,32,161,210,2.848343923687935,118.07958984375,1.9238144159317017,143.24462890625,142.02587890625,INDIVIDUAL_ANNOTATOR,with_mapper,subsample_15000,15000,6.569729054516253,134492
79,32,172,224,2.8522443026304245,118.27880859375,1.9380711019039154,143.24462890625,142.02587890625,INDIVIDUAL_ANNOTATOR,with_mapper,subsample_15000,15000,6.569729054516253,134492
80,32,171,206,2.8497353196144104,118.47802734375,1.930108293890953,143.24462890625,142.02490234375,INDIVIDUAL_ANNOTATOR,with_mapper,subsample_15000,15000,6.569729054516253,134492
81,32,124,182,2.8614867478609085,118.67626953125,1.934390515089035,143.2421875,142.0205078125,INDIVIDUAL_ANNOTATOR,with_mapper,subsample_15000,15000,6.569729054516253,134492
82,32,179,218,2.861877903342247,118.87109375,1.9302032887935638,143.24072265625,142.02490234375,INDIVIDUAL_ANNOTATOR,with_mapper,subsample_15000,15000,6.569729054516253,134492
83,32,153,215,3.115098923444748,119.0693359375,1.9988473504781723,143.24365234375,142.02783203125,INDIVIDUAL_ANNOTATOR,with_mapper,subsample_15000,15000,6.569729054516253,134492
84,32,193,225,2.8740745037794113,119.2705078125,1.935511827468872,143.24658203125,142.02490234375,INDIVIDUAL_ANNOTATOR,with_mapper,subsample_15000,15000,6.569729054516253,134492
85,32,169,232,2.8597265481948853,119.46875,1.9360724836587906,143.24365234375,142.02587890625,INDIVIDUAL_ANNOTATOR,with_mapper,subsample_15000,15000,6.569729054516253,134492
86,32,106,183,2.8119999915361404,119.66796875,1.9620414823293686,143.2431640625,142.0205078125,INDIVIDUAL_ANNOTATOR,with_mapper,subsample_15000,15000,6.569729054516253,134492
87,32,150,201,2.9111113399267197,119.86279296875,1.9557960331439972,143.23974609375,142.02294921875,INDIVIDUAL_ANNOTATOR,with_mapper,subsample_15000,15000,6.569729054516253,134492
88,32,133,201,2.8207432478666306,120.06005859375,1.9250717014074326,143.24169921875,142.02294921875,INDIVIDUAL_ANNOTATOR,with_mapper,subsample_15000,15000,6.569729054516253,134492
89,32,134,217,2.8319116681814194,120.25732421875,1.9470024853944778,143.24267578125,142.02490234375,INDIVIDUAL_ANNOTATOR,with_mapper,subsample_15000,15000,6.569729054516253,134492
90,32,206,254,2.8770435601472855,120.45556640625,1.9503291696310043,143.24365234375,142.02587890625,INDIVIDUAL_ANNOTATOR,with_mapper,subsample_15000,15000,6.569729054516253,134492
91,32,148,211,2.8302501887083054,120.65478515625,1.924421638250351,143.24462890625,142.02587890625,INDIVIDUAL_ANNOTATOR,with_mapper,subsample_15000,15000,6.569729054516253,134492
92,32,126,189,2.808583900332451,120.85400390625,1.9130576401948929,143.2431640625,142.021484375,INDIVIDUAL_ANNOTATOR,with_mapper,subsample_15000,15000,6.569729054516253,134492
93,32,154,208,3.093171864748001,121.0498046875,1.9183196127414703,143.24169921875,142.02490234375,INDIVIDUAL_ANNOTATOR,with_mapper,subsample_15000,15000,6.569729054516253,134492
94,32,151,210,2.8104446828365326,121.248046875,1.9294451922178268,143.24365234375,142.02587890625,INDIVIDUAL_ANNOTATOR,with_mapper,subsample_15000,15000,6.569729054516253,134492
95,32,123,191,2.795739099383354,121.447265625,1.920243725180626,143.2431640625,142.0205078125,INDIVIDUAL_ANNOTATOR,with_mapper,subsample_15000,15000,6.569729054516253,134492
96,32,116,195,2.8026681393384933,121.64208984375,1.931825652718544,143.23974609375,142.02197265625,INDIVIDUAL_ANNOTATOR,with_mapper,subsample_15000,15000,6.569729054516253,134492
97,32,126,198,2.8396286070346832,121.83837890625,1.9119437783956528,143.24072265625,142.02294921875,INDIVIDUAL_ANNOTATOR,with_mapper,subsample_15000,15000,6.569729054516253,134492
98,32,153,211,2.839522436261177,122.03564453125,1.9344650208950043,143.24267578125,142.02490234375,INDIVIDUAL_ANNOTATOR,with_mapper,subsample_15000,15000,6.569729054516253,134492
99,32,148,204,2.80551053583622,122.23388671875,2.0223762840032578,143.24267578125,142.02294921875,INDIVIDUAL_ANNOTATOR,with_mapper,subsample_15000,15000,6.569729054516253,134492
100,32,217,257,2.882283180952072,122.43115234375,1.924067735671997,143.2431640625,142.0263671875,INDIVIDUAL_ANNOTATOR,with_mapper,subsample_15000,15000,6.569729054516253,134492
101,32,116,206,2.8142835944890976,122.630859375,1.9263047724962234,143.24462890625,142.02490234375,INDIVIDUAL_ANNOTATOR,with_mapper,subsample_15000,15000,6.569729054516253,134492
102,32,125,204,2.8159618377685547,122.8291015625,1.9274204969406128,143.24365234375,142.02587890625,INDIVIDUAL_ANNOTATOR,with_mapper,subsample_15000,15000,6.569729054516253,134492
103,32,118,189,3.1196512281894684,123.0283203125,1.9199009984731674,143.2431640625,142.021484375,INDIVIDUAL_ANNOTATOR,with_mapper,subsample_15000,15000,6.569729054516253,134492
104,32,171,222,2.828659489750862,123.22412109375,1.965327188372612,143.24169921875,142.02490234375,INDIVIDUAL_ANNOTATOR,with_mapper,subsample_15000,15000,6.569729054516253,134492
105,32,106,186,2.790262922644615,123.42236328125,1.9172970205545425,143.2421875,142.0205078125,INDIVIDUAL_ANNOTATOR,with_mapper,subsample_15000,15000,6.569729054516253,134492
106,32,170,229,2.816304564476013,123.6171875,1.9323229789733887,143.24072265625,142.02490234375,INDIVIDUAL_ANNOTATOR,with_mapper,subsample_15000,15000,6.569729054516253,134492
107,32,123,198,2.800002694129944,123.8154296875,1.9238833338022232,143.24365234375,142.02587890625,INDIVIDUAL_ANNOTATOR,with_mapper,subsample_15000,15000,6.569729054516253,134492
108,32,118,184,2.780711278319359,124.0146484375,1.9271690398454666,143.2431640625,142.021484375,INDIVIDUAL_ANNOTATOR,with_mapper,subsample_15000,15000,6.569729054516253,134492
109,32,142,194,2.79974564909935,124.21044921875,1.9400622695684433,143.24072265625,142.02294921875,INDIVIDUAL_ANNOTATOR,with_mapper,subsample_15000,15000,6.569729054516253,134492
110,32,164,216,2.8406716883182526,124.40771484375,1.9135214388370514,143.24267578125,142.02490234375,INDIVIDUAL_ANNOTATOR,with_mapper,subsample_15000,15000,6.569729054516253,134492
111,32,174,224,2.8361231088638306,124.60595703125,1.9315145909786224,143.24365234375,142.02587890625,INDIVIDUAL_ANNOTATOR,with_mapper,subsample_15000,15000,6.569729054516253,134492
112,32,199,245,2.907983958721161,124.80517578125,1.9334163516759872,143.24462890625,142.02587890625,INDIVIDUAL_ANNOTATOR,with_mapper,subsample_15000,15000,6.569729054516253,134492
113,32,178,212,3.105219453573227,125.00439453125,1.9302070140838623,143.24365234375,142.02294921875,INDIVIDUAL_ANNOTATOR,with_mapper,subsample_15000,15000,6.569729054516253,134492
114,32,150,201,2.83600389957428,125.20166015625,2.0440947264432907,143.24169921875,142.02197265625,INDIVIDUAL_ANNOTATOR,with_mapper,subsample_15000,15000,6.569729054516253,134492
115,32,139,200,2.9007643461227417,125.39794921875,1.9395072013139725,143.24169921875,142.02490234375,INDIVIDUAL_ANNOTATOR,with_mapper,subsample_15000,15000,6.569729054516253,134492
116,32,147,202,2.8176717460155487,125.59619140625,1.9479263573884964,143.24365234375,142.02587890625,INDIVIDUAL_ANNOTATOR,with_mapper,subsample_15000,15000,6.569729054516253,134492
117,32,114,202,2.836780622601509,125.79541015625,1.956794410943985,143.24365234375,142.02294921875,INDIVIDUAL_ANNOTATOR,with_mapper,subsample_15000,15000,6.569729054516253,134492
118,32,161,199,2.80674546957016,125.99267578125,1.93706713616848,143.24169921875,142.02294921875,INDIVIDUAL_ANNOTATOR,with_mapper,subsample_15000,15000,6.569729054516253,134492
119,32,161,212,2.8151758015155792,126.18994140625,2.007037401199341,143.24267578125,142.02490234375,INDIVIDUAL_ANNOTATOR,with_mapper,subsample_15000,15000,6.569729054516253,134492
120,32,125,191,2.7901586145162582,126.38818359375,1.9634421914815903,143.2421875,142.021484375,INDIVIDUAL_ANNOTATOR,with_mapper,subsample_15000,15000,6.569729054516253,134492
121,32,164,222,2.8738733381032944,126.583984375,1.9328594207763672,143.24169921875,142.02587890625,INDIVIDUAL_ANNOTATOR,with_mapper,subsample_15000,15000,6.569729054516253,134492
122,32,156,210,2.818657085299492,126.783203125,1.9409414380788803,143.24462890625,142.02490234375,INDIVIDUAL_ANNOTATOR,with_mapper,subsample_15000,15000,6.569729054516253,134492
123,32,171,240,3.0961278825998306,126.9814453125,1.9358154386281967,143.24365234375,142.02490234375,INDIVIDUAL_ANNOTATOR,with_mapper,subsample_15000,15000,6.569729054516253,134492
124,32,171,218,2.8370581567287445,127.1796875,1.9411742687225342,143.24365234375,142.02490234375,INDIVIDUAL_ANNOTATOR,with_mapper,subsample_15000,15000,6.569729054516253,134492
125,32,112,196,2.8022155165672302,127.3779296875,1.9573792815208435,143.24267578125,142.02197265625,INDIVIDUAL_ANNOTATOR,with_mapper,subsample_15000,15000,6.569729054516253,134492
126,32,151,191,2.8091352432966232,127.57421875,1.9316375255584717,143.240234375,142.021484375,INDIVIDUAL_ANNOTATOR,with_mapper,subsample_15000,15000,6.569729054516253,134492
127,32,156,205,2.818979322910309,127.77001953125,1.9299257546663284,143.24169921875,142.02587890625,INDIVIDUAL_ANNOTATOR,with_mapper,subsample_15000,15000,6.569729054516253,134492
128,32,170,219,2.8448831290006638,127.96923828125,1.9626729190349579,143.24462890625,142.02490234375,INDIVIDUAL_ANNOTATOR,with_mapper,subsample_15000,15000,6.569729054516253,134492
129,32,181,234,2.862764522433281,128.16748046875,1.978578045964241,143.24365234375,142.02490234375,INDIVIDUAL_ANNOTATOR,with_mapper,subsample_15000,15000,6.569729054516253,134492
130,32,186,232,2.8665047138929367,128.36572265625,1.9299071282148361,143.24365234375,142.02685546875,INDIVIDUAL_ANNOTATOR,with_mapper,subsample_15000,15000,6.569729054516253,134492
131,32,168,228,2.858595922589302,128.56591796875,1.9285213202238083,143.24560546875,142.02685546875,INDIVIDUAL_ANNOTATOR,with_mapper,subsample_15000,15000,6.569729054516253,134492
132,32,190,248,2.963189035654068,128.76611328125,1.929422840476036,143.24560546875,142.02587890625,INDIVIDUAL_ANNOTATOR,with_mapper,subsample_15000,15000,6.569729054516253,134492
133,32,145,215,3.0879881232976913,128.96533203125,1.9376501441001892,143.24462890625,142.02587890625,INDIVIDUAL_ANNOTATOR,with_mapper,subsample_15000,15000,6.569729054516253,134492
134,32,190,212,2.8464868664741516,129.16455078125,1.934632658958435,143.24462890625,142.02587890625,INDIVIDUAL_ANNOTATOR,with_mapper,subsample_15000,15000,6.569729054516253,134492
135,32,179,231,2.858806401491165,129.36376953125,1.9347257912158966,143.24462890625,142.02587890625,INDIVIDUAL_ANNOTATOR,with_mapper,subsample_15000,15000,6.569729054516253,134492
136,32,137,204,2.826634794473648,129.56298828125,1.922421157360077,143.24462890625,142.02490234375,INDIVIDUAL_ANNOTATOR,with_mapper,subsample_15000,15000,6.569729054516253,134492
137,32,195,240,2.88178026676178,129.76123046875,1.9201133400201797,143.24365234375,142.02587890625,INDIVIDUAL_ANNOTATOR,with_mapper,subsample_15000,15000,6.569729054516253,134492
138,32,180,226,2.8568003326654434,129.96044921875,1.9234530627727509,143.24462890625,142.02490234375,INDIVIDUAL_ANNOTATOR,with_mapper,subsample_15000,15000,6.569729054516253,134492
139,32,160,229,2.827407792210579,130.15869140625,2.006940543651581,143.24267578125,142.02294921875,INDIVIDUAL_ANNOTATOR,with_mapper,subsample_15000,15000,6.569729054516253,134492
140,32,132,182,2.781882882118225,130.35595703125,2.007134258747101,143.2412109375,142.0205078125,INDIVIDUAL_ANNOTATOR,with_mapper,subsample_15000,15000,6.569729054516253,134492
141,32,172,222,2.8294920921325684,130.55078125,2.0106304436922073,143.24072265625,142.02490234375,INDIVIDUAL_ANNOTATOR,with_mapper,subsample_15000,15000,6.569729054516253,134492
142,32,139,206,2.8077755123376846,130.7490234375,2.018362283706665,143.24365234375,142.02685546875,INDIVIDUAL_ANNOTATOR,with_mapper,subsample_15000,15000,6.569729054516253,134492
143,32,118,195,3.0547864735126495,130.94921875,2.015821635723114,143.24462890625,142.02099609375,INDIVIDUAL_ANNOTATOR,with_mapper,subsample_15000,15000,6.569729054516253,134492
144,32,171,224,2.839023247361183,131.14453125,1.9298940896987915,143.24072265625,142.02587890625,INDIVIDUAL_ANNOTATOR,with_mapper,subsample_15000,15000,6.569729054516253,134492
145,32,137,213,2.8121117502450943,131.34375,1.933140680193901,143.24462890625,142.02490234375,INDIVIDUAL_ANNOTATOR,with_mapper,subsample_15000,15000,6.569729054516253,134492
146,32,152,207,2.8082504868507385,131.5419921875,1.9289534538984299,143.24267578125,142.02294921875,INDIVIDUAL_ANNOTATOR,with_mapper,subsample_15000,15000,6.569729054516253,134492
147,32,121,192,2.781432121992111,131.7392578125,1.9277334213256836,143.2412109375,142.0224609375,INDIVIDUAL_ANNOTATOR,with_mapper,subsample_15000,15000,6.569729054516253,134492
148,32,122,198,2.882804721593857,131.93603515625,1.9327756017446518,143.24169921875,142.02294921875,INDIVIDUAL_ANNOTATOR,with_mapper,subsample_15000,15000,6.569729054516253,134492
149,32,154,211,2.8299540281295776,132.13330078125,1.9285455346107483,143.24267578125,142.02490234375,INDIVIDUAL_ANNOTATOR,with_mapper,subsample_15000,15000,6.569729054516253,134492
150,32,112,195,2.7903709560632706,132.33154296875,1.9466355443000793,143.24267578125,142.02294921875,INDIVIDUAL_ANNOTATOR,with_mapper,subsample_15000,15000,6.569729054516253,134492
151,32,167,208,2.823077142238617,132.52880859375,1.9377246499061584,143.24169921875,142.02294921875,INDIVIDUAL_ANNOTATOR,with_mapper,subsample_15000,15000,6.569729054516253,134492
152,32,180,225,2.8326716274023056,132.72607421875,1.9844640046358109,143.24267578125,142.02490234375,INDIVIDUAL_ANNOTATOR,with_mapper,subsample_15000,15000,6.569729054516253,134492
153,32,148,225,3.1393393874168396,132.92431640625,1.9186921417713165,143.24365234375,142.02587890625,INDIVIDUAL_ANNOTATOR,with_mapper,subsample_15000,15000,6.569729054516253,134492
154,32,152,204,2.800276502966881,133.12353515625,2.0481497049331665,143.24462890625,142.02490234375,INDIVIDUAL_ANNOTATOR,with_mapper,subsample_15000,15000,6.569729054516253,134492
155,32,208,231,2.8252191841602325,133.32177734375,1.9262619316577911,143.24365234375,142.02490234375,INDIVIDUAL_ANNOTATOR,with_mapper,subsample_15000,15000,6.569729054516253,134492
156,32,150,208,2.809690311551094,133.52001953125,1.9340161234140396,143.24365234375,142.02587890625,INDIVIDUAL_ANNOTATOR,with_mapper,subsample_15000,15000,6.569729054516253,134492
157,32,147,207,2.791706472635269,133.71923828125,1.9286368042230606,143.24462890625,142.02490234375,INDIVIDUAL_ANNOTATOR,with_mapper,subsample_15000,15000,6.569729054516253,134492
158,32,178,224,2.844620496034622,133.91748046875,1.9395090639591217,143.24365234375,142.02587890625,INDIVIDUAL_ANNOTATOR,with_mapper,subsample_15000,15000,6.569729054516253,134492
159,32,169,217,2.850666642189026,134.11669921875,1.9212216138839722,143.24365234375,142.02294921875,INDIVIDUAL_ANNOTATOR,with_mapper,subsample_15000,15000,6.569729054516253,134492
160,32,152,199,2.791084349155426,134.31396484375,1.936640590429306,143.24169921875,142.02294921875,INDIVIDUAL_ANNOTATOR,with_mapper,subsample_15000,15000,6.569729054516253,134492
161,32,173,220,2.8322283178567886,134.51123046875,1.9352622330188751,143.24267578125,142.02587890625,INDIVIDUAL_ANNOTATOR,with_mapper,subsample_15000,15000,6.569729054516253,134492
162,32,130,198,2.812698483467102,134.71044921875,1.939333975315094,143.24462890625,142.02587890625,INDIVIDUAL_ANNOTATOR,with_mapper,subsample_15000,15000,6.569729054516253,134492
163,32,141,205,2.8270967304706573,134.90966796875,1.930881291627884,143.24365234375,142.02294921875,INDIVIDUAL_ANNOTATOR,with_mapper,subsample_15000,15000,6.569729054516253,134492
164,32,137,192,3.1387116760015488,135.10693359375,1.9308626651763916,143.2412109375,142.021484375,INDIVIDUAL_ANNOTATOR,with_mapper,subsample_15000,15000,6.569729054516253,134492
165,32,182,208,2.811240032315254,135.302734375,1.916985958814621,143.24169921875,142.02490234375,INDIVIDUAL_ANNOTATOR,with_mapper,subsample_15000,15000,6.569729054516253,134492
166,32,155,216,2.8254352509975433,135.5009765625,2.024279907345772,143.24365234375,142.02685546875,INDIVIDUAL_ANNOTATOR,with_mapper,subsample_15000,15000,6.569729054516253,134492
167,32,160,219,2.861900255084038,135.701171875,1.9735265523195267,143.24560546875,142.02490234375,INDIVIDUAL_ANNOTATOR,with_mapper,subsample_15000,15000,6.569729054516253,134492
168,32,171,205,2.907000482082367,135.8994140625,1.9230637699365616,143.24365234375,142.02490234375,INDIVIDUAL_ANNOTATOR,with_mapper,subsample_15000,15000,6.569729054516253,134492
169,32,151,209,2.8476715087890625,136.09765625,1.963246613740921,143.24365234375,142.02490234375,INDIVIDUAL_ANNOTATOR,with_mapper,subsample_15000,15000,6.569729054516253,134492
170,32,156,217,2.8299428522586823,136.2958984375,1.9303485751152039,143.24365234375,142.02490234375,INDIVIDUAL_ANNOTATOR,with_mapper,subsample_15000,15000,6.569729054516253,134492
171,32,166,224,2.83079594373703,136.494140625,1.930195838212967,143.24365234375,142.02587890625,INDIVIDUAL_ANNOTATOR,with_mapper,subsample_15000,15000,6.569729054516253,134492
172,32,148,212,2.884877845644951,136.693359375,1.9363518804311752,143.24365234375,142.02294921875,INDIVIDUAL_ANNOTATOR,with_mapper,subsample_15000,15000,6.569729054516253,134492
173,32,157,212,2.8051938861608505,136.890625,1.908848062157631,143.24169921875,142.02294921875,INDIVIDUAL_ANNOTATOR,with_mapper,subsample_15000,15000,6.569729054516253,134492
174,32,143,212,3.094613552093506,137.087890625,1.9326843321323395,143.24169921875,142.02294921875,INDIVIDUAL_ANNOTATOR,with_mapper,subsample_15000,15000,6.569729054516253,134492
175,32,161,222,2.8106532990932465,137.28515625,1.92265585064888,143.24267578125,142.02490234375,INDIVIDUAL_ANNOTATOR,with_mapper,subsample_15000,15000,6.569729054516253,134492
176,32,135,197,2.7938857674598694,137.4833984375,1.9237082451581955,143.24267578125,142.02294921875,INDIVIDUAL_ANNOTATOR,with_mapper,subsample_15000,15000,6.569729054516253,134492
177,32,184,241,2.8518103063106537,137.6806640625,1.9430797547101974,143.24267578125,142.02587890625,INDIVIDUAL_ANNOTATOR,with_mapper,subsample_15000,15000,6.569729054516253,134492
178,32,146,218,2.8657224029302597,137.8798828125,1.927575096487999,143.24365234375,142.02294921875,INDIVIDUAL_ANNOTATOR,with_mapper,subsample_15000,15000,6.569729054516253,134492
179,32,126,195,2.7865953743457794,138.0771484375,1.9620638340711594,143.24169921875,142.02294921875,INDIVIDUAL_ANNOTATOR,with_mapper,subsample_15000,15000,6.569729054516253,134492
180,32,133,194,2.8358623385429382,138.2744140625,1.9323881715536118,143.24169921875,142.02294921875,INDIVIDUAL_ANNOTATOR,with_mapper,subsample_15000,15000,6.569729054516253,134492
181,32,141,211,2.8167329728603363,138.4716796875,1.9489489495754242,143.24267578125,142.02685546875,INDIVIDUAL_ANNOTATOR,with_mapper,subsample_15000,15000,6.569729054516253,134492
182,32,146,209,2.806432545185089,138.671875,1.928132027387619,143.24462890625,142.02294921875,INDIVIDUAL_ANNOTATOR,with_mapper,subsample_15000,15000,6.569729054516253,134492
183,32,120,206,2.7980804443359375,138.869140625,1.9357521086931229,143.24267578125,142.02490234375,INDIVIDUAL_ANNOTATOR,with_mapper,subsample_15000,15000,6.569729054516253,134492
184,32,140,201,3.054676577448845,139.0673828125,1.9277799874544144,143.24267578125,142.02294921875,INDIVIDUAL_ANNOTATOR,with_mapper,subsample_15000,15000,6.569729054516253,134492
185,32,128,198,2.867642790079117,139.2646484375,1.9268598407506943,143.24267578125,142.02587890625,INDIVIDUAL_ANNOTATOR,with_mapper,subsample_15000,15000,6.569729054516253,134492
186,32,130,193,2.780606970191002,139.4638671875,1.930495724081993,143.24365234375,142.02197265625,INDIVIDUAL_ANNOTATOR,with_mapper,subsample_15000,15000,6.569729054516253,134492
187,32,109,184,2.7692951261997223,139.66015625,1.9321274012327194,143.240234375,142.0205078125,INDIVIDUAL_ANNOTATOR,with_mapper,subsample_15000,15000,6.569729054516253,134492
188,32,145,211,2.817230299115181,139.85498046875,1.9306447356939316,143.23974609375,142.02294921875,INDIVIDUAL_ANNOTATOR,with_mapper,subsample_15000,15000,6.569729054516253,134492
189,32,147,200,2.830296754837036,140.05224609375,1.9416473805904388,143.24169921875,142.02197265625,INDIVIDUAL_ANNOTATOR,with_mapper,subsample_15000,15000,6.569729054516253,134492
190,32,137,204,2.7977265417575836,140.24853515625,1.9679497927427292,143.24072265625,142.02294921875,INDIVIDUAL_ANNOTATOR,with_mapper,subsample_15000,15000,6.569729054516253,134492
191,32,121,192,2.8209779411554337,140.44580078125,1.9259918481111526,143.2412109375,142.021484375,INDIVIDUAL_ANNOTATOR,with_mapper,subsample_15000,15000,6.569729054516253,134492
192,32,158,213,2.90091335773468,140.6416015625,1.927325502038002,143.24169921875,142.02587890625,INDIVIDUAL_ANNOTATOR,with_mapper,subsample_15000,15000,6.569729054516253,134492
193,32,128,202,2.8106272220611572,140.8408203125,1.9129123538732529,143.24365234375,142.02197265625,INDIVIDUAL_ANNOTATOR,with_mapper,subsample_15000,15000,6.569729054516253,134492
194,32,162,207,3.0632466077804565,141.037109375,1.9171182066202164,143.24169921875,142.02490234375,INDIVIDUAL_ANNOTATOR,with_mapper,subsample_15000,15000,6.569729054516253,134492
195,32,165,221,2.81580351293087,141.2353515625,1.9349511712789536,143.24365234375,142.02587890625,INDIVIDUAL_ANNOTATOR,with_mapper,subsample_15000,15000,6.569729054516253,134492
196,32,147,210,2.819882705807686,141.4345703125,1.9375421106815338,143.24365234375,142.02294921875,INDIVIDUAL_ANNOTATOR,with_mapper,subsample_15000,15000,6.569729054516253,134492
197,32,121,180,2.788254991173744,141.6318359375,2.033643424510956,143.2412109375,142.0205078125,INDIVIDUAL_ANNOTATOR,with_mapper,subsample_15000,15000,6.569729054516253,134492
198,32,139,208,2.8054285794496536,141.82666015625,1.9467640668153763,143.24072265625,142.02490234375,INDIVIDUAL_ANNOTATOR,with_mapper,subsample_15000,15000,6.569729054516253,134492
199,32,174,220,2.8450116515159607,142.02490234375,1.923171803355217,143.24365234375,142.02490234375,INDIVIDUAL_ANNOTATOR,with_mapper,subsample_15000,15000,6.569729054516253,134492
0,32,166,212,2.8684400022029877,117.18212890625,27.577461674809456,157.77880859375,156.55810546875,INDIVIDUAL_ANNOTATOR_LOOP,with_mapper,subsample_15000,15000,6.569729054516253,134492
1,32,179,232,2.8765108436346054,117.38037109375,30.314255505800247,157.77685546875,156.55908203125,INDIVIDUAL_ANNOTATOR_LOOP,with_mapper,subsample_15000,15000,6.569729054516253,134492
2,32,146,213,2.8605833649635315,117.57958984375,27.68535539507866,157.77783203125,156.55810546875,INDIVIDUAL_ANNOTATOR_LOOP,with_mapper,subsample_15000,15000,6.569729054516253,134492
3,32,151,208,3.2099857926368713,117.77783203125,27.064012363553047,157.77685546875,156.55908203125,INDIVIDUAL_ANNOTATOR_LOOP,with_mapper,subsample_15000,15000,6.569729054516253,134492
4,32,113,180,2.8095655143260956,117.97705078125,23.72043952345848,157.7763671875,156.5537109375,INDIVIDUAL_ANNOTATOR_LOOP,with_mapper,subsample_15000,15000,6.569729054516253,134492
5,32,161,203,2.855811268091202,118.171875,26.98269858956337,157.77294921875,156.55615234375,INDIVIDUAL_ANNOTATOR_LOOP,with_mapper,subsample_15000,15000,6.569729054516253,134492
6,32,126,199,2.8204452246427536,118.369140625,26.17366798222065,157.77490234375,156.55517578125,INDIVIDUAL_ANNOTATOR_LOOP,with_mapper,subsample_15000,15000,6.569729054516253,134492
7,32,142,185,2.8461236506700516,118.5654296875,24.402698501944542,157.7734375,156.5556640625,INDIVIDUAL_ANNOTATOR_LOOP,with_mapper,subsample_15000,15000,6.569729054516253,134492
8,32,193,241,2.9320362955331802,118.76220703125,31.4432755112648,157.77587890625,156.56005859375,INDIVIDUAL_ANNOTATOR_LOOP,with_mapper,subsample_15000,15000,6.569729054516253,134492
9,32,155,218,2.861255779862404,118.96240234375,28.355799615383148,157.77880859375,156.55810546875,INDIVIDUAL_ANNOTATOR_LOOP,with_mapper,subsample_15000,15000,6.569729054516253,134492
10,32,141,180,2.8403494507074356,119.16064453125,24.223899468779564,157.775390625,156.5537109375,INDIVIDUAL_ANNOTATOR_LOOP,with_mapper,subsample_15000,15000,6.569729054516253,134492
11,32,138,200,2.8583649545907974,119.35546875,26.297079399228096,157.77294921875,156.55615234375,INDIVIDUAL_ANNOTATOR_LOOP,with_mapper,subsample_15000,15000,6.569729054516253,134492
12,32,138,200,2.871111035346985,119.552734375,26.401448994874954,157.77490234375,156.55615234375,INDIVIDUAL_ANNOTATOR_LOOP,with_mapper,subsample_15000,15000,6.569729054516253,134492
13,32,132,186,3.0844639986753464,119.75,24.655835703015327,157.7744140625,156.5546875,INDIVIDUAL_ANNOTATOR_LOOP,with_mapper,subsample_15000,15000,6.569729054516253,134492
14,32,168,220,2.8589479625225067,119.94580078125,28.58571708202362,157.77490234375,156.55810546875,INDIVIDUAL_ANNOTATOR_LOOP,with_mapper,subsample_15000,15000,6.569729054516253,134492
15,32,192,229,2.8903987258672714,120.14404296875,29.85933981835842,157.77685546875,156.55908203125,INDIVIDUAL_ANNOTATOR_LOOP,with_mapper,subsample_15000,15000,6.569729054516253,134492
16,32,142,199,2.914227545261383,120.34326171875,26.315072551369667,157.77685546875,156.55615234375,INDIVIDUAL_ANNOTATOR_LOOP,with_mapper,subsample_15000,15000,6.569729054516253,134492
17,32,166,214,2.864247187972069,120.54052734375,27.80814655125141,157.77587890625,156.55908203125,INDIVIDUAL_ANNOTATOR_LOOP,with_mapper,subsample_15000,15000,6.569729054516253,134492
18,32,140,204,2.833321690559387,120.73974609375,26.611557230353355,157.77685546875,156.55615234375,INDIVIDUAL_ANNOTATOR_LOOP,with_mapper,subsample_15000,15000,6.569729054516253,134492
19,32,109,184,2.7995258569717407,120.93701171875,24.10051040351391,157.7744140625,156.5556640625,INDIVIDUAL_ANNOTATOR_LOOP,with_mapper,subsample_15000,15000,6.569729054516253,134492
20,32,184,233,2.86652147769928,121.1337890625,30.484119430184364,157.77587890625,156.55908203125,INDIVIDUAL_ANNOTATOR_LOOP,with_mapper,subsample_15000,15000,6.569729054516253,134492
21,32,192,234,2.865707501769066,121.3330078125,30.453475192189217,157.77783203125,156.55810546875,INDIVIDUAL_ANNOTATOR_LOOP,with_mapper,subsample_15000,15000,6.569729054516253,134492
22,32,173,215,2.848668023943901,121.53125,28.087429702281952,157.77685546875,156.56005859375,INDIVIDUAL_ANNOTATOR_LOOP,with_mapper,subsample_15000,15000,6.569729054516253,134492
23,32,141,208,3.0985362827777863,121.7314453125,27.1514393389225,157.77880859375,156.56005859375,INDIVIDUAL_ANNOTATOR_LOOP,with_mapper,subsample_15000,15000,6.569729054516253,134492
24,32,136,205,2.843014895915985,121.931640625,26.655759662389755,157.77880859375,156.55810546875,INDIVIDUAL_ANNOTATOR_LOOP,with_mapper,subsample_15000,15000,6.569729054516253,134492
25,32,128,190,2.8186235576868057,122.1298828125,25.132916867733,157.775390625,156.5556640625,INDIVIDUAL_ANNOTATOR_LOOP,with_mapper,subsample_15000,15000,6.569729054516253,134492
26,32,178,228,2.876443788409233,122.32666015625,29.69478815793991,157.77587890625,156.55908203125,INDIVIDUAL_ANNOTATOR_LOOP,with_mapper,subsample_15000,15000,6.569729054516253,134492
27,32,135,202,2.991599962115288,122.52587890625,26.379885151982307,157.77685546875,156.55615234375,INDIVIDUAL_ANNOTATOR_LOOP,with_mapper,subsample_15000,15000,6.569729054516253,134492
28,32,144,210,2.8572753071784973,122.72314453125,27.141615748405457,157.77587890625,156.55908203125,INDIVIDUAL_ANNOTATOR_LOOP,with_mapper,subsample_15000,15000,6.569729054516253,134492
29,32,160,223,2.879709005355835,122.92236328125,29.004676267504692,157.77783203125,156.55810546875,INDIVIDUAL_ANNOTATOR_LOOP,with_mapper,subsample_15000,15000,6.569729054516253,134492
30,32,157,209,2.8379783034324646,123.12060546875,27.361463755369186,157.77685546875,156.55810546875,INDIVIDUAL_ANNOTATOR_LOOP,with_mapper,subsample_15000,15000,6.569729054516253,134492
31,32,175,212,2.867884933948517,123.31884765625,27.707843109965324,157.77587890625,156.55615234375,INDIVIDUAL_ANNOTATOR_LOOP,with_mapper,subsample_15000,15000,6.569729054516253,134492
32,32,119,206,2.84692645072937,123.51611328125,26.975233107805252,157.77490234375,156.55615234375,INDIVIDUAL_ANNOTATOR_LOOP,with_mapper,subsample_15000,15000,6.569729054516253,134492
33,32,132,191,3.094196319580078,123.71337890625,25.318223983049393,157.7744140625,156.5546875,INDIVIDUAL_ANNOTATOR_LOOP,with_mapper,subsample_15000,15000,6.569729054516253,134492
34,32,178,226,2.8586499392986298,123.9091796875,29.659640043973923,157.77490234375,156.55908203125,INDIVIDUAL_ANNOTATOR_LOOP,with_mapper,subsample_15000,15000,6.569729054516253,134492
35,32,126,200,2.829635515809059,124.1083984375,26.097463443875313,157.77783203125,156.55810546875,INDIVIDUAL_ANNOTATOR_LOOP,with_mapper,subsample_15000,15000,6.569729054516253,134492
36,32,175,215,2.83912755548954,124.306640625,28.046155348420143,157.77685546875,156.55908203125,INDIVIDUAL_ANNOTATOR_LOOP,with_mapper,subsample_15000,15000,6.569729054516253,134492
37,32,127,195,2.8303153812885284,124.505859375,25.604555383324623,157.77685546875,156.55615234375,INDIVIDUAL_ANNOTATOR_LOOP,with_mapper,subsample_15000,15000,6.569729054516253,134492
38,32,129,202,2.871595323085785,124.703125,26.387330144643784,157.77587890625,156.55810546875,INDIVIDUAL_ANNOTATOR_LOOP,with_mapper,subsample_15000,15000,6.569729054516253,134492
39,32,152,204,2.821868285536766,124.9013671875,26.642797514796257,157.77587890625,156.55615234375,INDIVIDUAL_ANNOTATOR_LOOP,with_mapper,subsample_15000,15000,6.569729054516253,134492
40,32,157,212,2.8517041355371475,125.0986328125,27.723707258701324,157.77587890625,156.55908203125,INDIVIDUAL_ANNOTATOR_LOOP,with_mapper,subsample_15000,15000,6.569729054516253,134492
41,32,132,193,2.822611480951309,125.2978515625,25.37423186004162,157.77685546875,156.55517578125,INDIVIDUAL_ANNOTATOR_LOOP,with_mapper,subsample_15000,15000,6.569729054516253,134492
42,32,141,193,2.822635695338249,125.494140625,25.455156341195107,157.77392578125,156.55615234375,INDIVIDUAL_ANNOTATOR_LOOP,with_mapper,subsample_15000,15000,6.569729054516253,134492
43,32,115,188,3.0748583376407623,125.69140625,24.545202031731606,157.7744140625,156.5546875,INDIVIDUAL_ANNOTATOR_LOOP,with_mapper,subsample_15000,15000,6.569729054516253,134492
44,32,159,205,2.9044970870018005,125.88720703125,26.72887220978737,157.77490234375,156.55810546875,INDIVIDUAL_ANNOTATOR_LOOP,with_mapper,subsample_15000,15000,6.569729054516253,134492
45,32,158,211,2.8559286147356033,126.08544921875,27.451850473880768,157.77685546875,156.55810546875,INDIVIDUAL_ANNOTATOR_LOOP,with_mapper,subsample_15000,15000,6.569729054516253,134492
46,32,167,207,2.8624478727579117,126.28369140625,27.155989781022072,157.77587890625,156.55615234375,INDIVIDUAL_ANNOTATOR_LOOP,with_mapper,subsample_15000,15000,6.569729054516253,134492
47,32,153,225,2.8546154499053955,126.48095703125,29.321536421775818,157.77587890625,156.55908203125,INDIVIDUAL_ANNOTATOR_LOOP,with_mapper,subsample_15000,15000,6.569729054516253,134492
48,32,156,223,2.87620909512043,126.68017578125,28.997918590903282,157.77783203125,156.55908203125,INDIVIDUAL_ANNOTATOR_LOOP,with_mapper,subsample_15000,15000,6.569729054516253,134492
49,32,174,213,2.8454121202230453,126.87939453125,28.46730686724186,157.77685546875,156.55615234375,INDIVIDUAL_ANNOTATOR_LOOP,with_mapper,subsample_15000,15000,6.569729054516253,134492
50,32,124,193,2.818286418914795,127.07666015625,25.365428999066353,157.77587890625,156.55810546875,INDIVIDUAL_ANNOTATOR_LOOP,with_mapper,subsample_15000,15000,6.569729054516253,134492
51,32,122,185,2.8008781373500824,127.27490234375,24.533921852707863,157.775390625,156.5537109375,INDIVIDUAL_ANNOTATOR_LOOP,with_mapper,subsample_15000,15000,6.569729054516253,134492
52,32,137,220,2.8557274490594864,127.4697265625,28.60933169722557,157.77392578125,156.55810546875,INDIVIDUAL_ANNOTATOR_LOOP,with_mapper,subsample_15000,15000,6.569729054516253,134492
53,32,162,227,3.113197162747383,127.66796875,29.51691672205925,157.77587890625,156.55615234375,INDIVIDUAL_ANNOTATOR_LOOP,with_mapper,subsample_15000,15000,6.569729054516253,134492
54,32,149,204,2.8224587440490723,127.865234375,26.795487850904465,157.77490234375,156.55615234375,INDIVIDUAL_ANNOTATOR_LOOP,with_mapper,subsample_15000,15000,6.569729054516253,134492
55,32,177,216,2.9369350522756577,128.0625,28.224121779203415,157.77587890625,156.55810546875,INDIVIDUAL_ANNOTATOR_LOOP,with_mapper,subsample_15000,15000,6.569729054516253,134492
56,32,195,238,2.8898268938064575,128.2607421875,31.12381137907505,157.77685546875,156.55810546875,INDIVIDUAL_ANNOTATOR_LOOP,with_mapper,subsample_15000,15000,6.569729054516253,134492
57,32,183,220,2.872694283723831,128.458984375,28.794150799512863,157.77587890625,156.55615234375,INDIVIDUAL_ANNOTATOR_LOOP,with_mapper,subsample_15000,15000,6.569729054516253,134492
58,32,127,193,2.8115157037973404,128.65625,25.354061275720596,157.77490234375,156.55517578125,INDIVIDUAL_ANNOTATOR_LOOP,with_mapper,subsample_15000,15000,6.569729054516253,134492
59,32,141,195,2.8180237859487534,128.8525390625,25.56883729994297,157.77392578125,156.55517578125,INDIVIDUAL_ANNOTATOR_LOOP,with_mapper,subsample_15000,15000,6.569729054516253,134492
60,32,160,223,2.8865449130535126,129.048828125,29.105035588145256,157.77490234375,156.55908203125,INDIVIDUAL_ANNOTATOR_LOOP,with_mapper,subsample_15000,15000,6.569729054516253,134492
61,32,122,200,2.8285346925258636,129.248046875,26.067661121487617,157.77685546875,156.55615234375,INDIVIDUAL_ANNOTATOR_LOOP,with_mapper,subsample_15000,15000,6.569729054516253,134492
62,32,163,217,2.8434917330741882,129.4453125,28.18145789206028,157.77587890625,156.56005859375,INDIVIDUAL_ANNOTATOR_LOOP,with_mapper,subsample_15000,15000,6.569729054516253,134492
63,32,125,191,3.136599436402321,129.6455078125,24.98343028128147,157.77734375,156.5546875,INDIVIDUAL_ANNOTATOR_LOOP,with_mapper,subsample_15000,15000,6.569729054516253,134492
64,32,175,213,2.87037156522274,129.84130859375,27.591831982135773,157.77490234375,156.55810546875,INDIVIDUAL_ANNOTATOR_LOOP,with_mapper,subsample_15000,15000,6.569729054516253,134492
65,32,150,190,2.81582772731781,130.03955078125,24.949179962277412,157.775390625,156.5546875,INDIVIDUAL_ANNOTATOR_LOOP,with_mapper,subsample_15000,15000,6.569729054516253,134492
66,32,165,207,2.862079069018364,130.2353515625,27.123654261231422,157.77392578125,156.55615234375,INDIVIDUAL_ANNOTATOR_LOOP,with_mapper,subsample_15000,15000,6.569729054516253,134492
67,32,156,215,2.839593216776848,130.4326171875,28.002487495541573,157.77490234375,156.55615234375,INDIVIDUAL_ANNOTATOR_LOOP,with_mapper,subsample_15000,15000,6.569729054516253,134492
68,32,196,233,2.998167648911476,130.6298828125,30.61506897211075,157.77587890625,156.55810546875,INDIVIDUAL_ANNOTATOR_LOOP,with_mapper,subsample_15000,15000,6.569729054516253,134492
69,32,140,198,2.832883968949318,130.828125,25.902654975652695,157.77587890625,156.55615234375,INDIVIDUAL_ANNOTATOR_LOOP,with_mapper,subsample_15000,15000,6.569729054516253,134492
70,32,201,252,2.8995107859373093,131.025390625,32.72019512951374,157.77587890625,156.55810546875,INDIVIDUAL_ANNOTATOR_LOOP,with_mapper,subsample_15000,15000,6.569729054516253,134492
71,32,143,201,2.8679147362709045,131.2236328125,26.31388045847416,157.77587890625,156.55615234375,INDIVIDUAL_ANNOTATOR_LOOP,with_mapper,subsample_15000,15000,6.569729054516253,134492
72,32,155,222,2.848571166396141,131.4208984375,28.910459950566292,157.77490234375,156.55615234375,INDIVIDUAL_ANNOTATOR_LOOP,with_mapper,subsample_15000,15000,6.569729054516253,134492
73,32,227,265,2.9248837381601334,131.6181640625,34.370334818959236,157.7763671875,156.55859375,INDIVIDUAL_ANNOTATOR_LOOP,with_mapper,subsample_15000,15000,6.569729054516253,134492
74,32,168,198,3.0993036925792694,131.81689453125,26.090120896697044,157.77587890625,156.55615234375,INDIVIDUAL_ANNOTATOR_LOOP,with_mapper,subsample_15000,15000,6.569729054516253,134492
75,32,184,233,2.883685752749443,132.01416015625,30.4136760532856,157.77587890625,156.56103515625,INDIVIDUAL_ANNOTATOR_LOOP,with_mapper,subsample_15000,15000,6.569729054516253,134492
76,32,128,215,2.917155623435974,132.21533203125,28.59717607498169,157.77978515625,156.55810546875,INDIVIDUAL_ANNOTATOR_LOOP,with_mapper,subsample_15000,15000,6.569729054516253,134492
77,32,166,231,2.9093101620674133,132.41357421875,30.08415922522545,157.77685546875,156.55908203125,INDIVIDUAL_ANNOTATOR_LOOP,with_mapper,subsample_15000,15000,6.569729054516253,134492
78,32,161,210,2.834359183907509,132.61279296875,27.479296550154686,157.77783203125,156.55908203125,INDIVIDUAL_ANNOTATOR_LOOP,with_mapper,subsample_15000,15000,6.569729054516253,134492
79,32,172,224,2.867516130208969,132.81201171875,29.552340507507324,157.77783203125,156.55908203125,INDIVIDUAL_ANNOTATOR_LOOP,with_mapper,subsample_15000,15000,6.569729054516253,134492
80,32,171,206,2.898694947361946,133.01123046875,27.130931615829468,157.77783203125,156.55810546875,INDIVIDUAL_ANNOTATOR_LOOP,with_mapper,subsample_15000,15000,6.569729054516253,134492
81,32,124,182,2.8007198125123978,133.20947265625,24.316076189279556,157.775390625,156.5537109375,INDIVIDUAL_ANNOTATOR_LOOP,with_mapper,subsample_15000,15000,6.569729054516253,134492
82,32,179,218,2.8692055493593216,133.404296875,29.041612520813942,157.77392578125,156.55810546875,INDIVIDUAL_ANNOTATOR_LOOP,with_mapper,subsample_15000,15000,6.569729054516253,134492
83,32,153,215,2.8553828597068787,133.6025390625,27.971824631094933,157.77685546875,156.56103515625,INDIVIDUAL_ANNOTATOR_LOOP,with_mapper,subsample_15000,15000,6.569729054516253,134492
84,32,193,225,3.132876008749008,133.8037109375,29.339978471398354,157.77978515625,156.55810546875,INDIVIDUAL_ANNOTATOR_LOOP,with_mapper,subsample_15000,15000,6.569729054516253,134492
85,32,169,232,2.8803981840610504,134.001953125,30.1511250436306,157.77685546875,156.55908203125,INDIVIDUAL_ANNOTATOR_LOOP,with_mapper,subsample_15000,15000,6.569729054516253,134492
86,32,106,183,2.796078100800514,134.201171875,24.077819660305977,157.7763671875,156.5537109375,INDIVIDUAL_ANNOTATOR_LOOP,with_mapper,subsample_15000,15000,6.569729054516253,134492
87,32,150,201,2.8535816818475723,134.39599609375,26.34071186184883,157.77294921875,156.55615234375,INDIVIDUAL_ANNOTATOR_LOOP,with_mapper,subsample_15000,15000,6.569729054516253,134492
88,32,133,201,2.8489194810390472,134.59326171875,26.20731107890606,157.77490234375,156.55615234375,INDIVIDUAL_ANNOTATOR_LOOP,with_mapper,subsample_15000,15000,6.569729054516253,134492
89,32,134,217,2.8643272817134857,134.79052734375,28.28875370323658,157.77587890625,156.55810546875,INDIVIDUAL_ANNOTATOR_LOOP,with_mapper,subsample_15000,15000,6.569729054516253,134492
90,32,206,254,2.903757616877556,134.98876953125,33.00866484642029,157.77685546875,156.55908203125,INDIVIDUAL_ANNOTATOR_LOOP,with_mapper,subsample_15000,15000,6.569729054516253,134492
91,32,148,211,2.8552431613206863,135.18798828125,27.472803369164467,157.77783203125,156.55908203125,INDIVIDUAL_ANNOTATOR_LOOP,with_mapper,subsample_15000,15000,6.569729054516253,134492
92,32,126,189,2.8266124427318573,135.38720703125,24.812595918774605,157.7763671875,156.5546875,INDIVIDUAL_ANNOTATOR_LOOP,with_mapper,subsample_15000,15000,6.569729054516253,134492
93,32,154,208,2.853306010365486,135.5830078125,27.202636003494263,157.77490234375,156.55810546875,INDIVIDUAL_ANNOTATOR_LOOP,with_mapper,subsample_15000,15000,6.569729054516253,134492
94,32,151,210,3.1062904745340347,135.78125,27.437536045908928,157.77685546875,156.55908203125,INDIVIDUAL_ANNOTATOR_LOOP,with_mapper,subsample_15000,15000,6.569729054516253,134492
95,32,123,191,2.815837040543556,135.98046875,25.1027662307024,157.7763671875,156.5537109375,INDIVIDUAL_ANNOTATOR_LOOP,with_mapper,subsample_15000,15000,6.569729054516253,134492
96,32,116,195,2.827676013112068,136.17529296875,25.498157367110252,157.77294921875,156.55517578125,INDIVIDUAL_ANNOTATOR_LOOP,with_mapper,subsample_15000,15000,6.569729054516253,134492
97,32,126,198,2.8297286480665207,136.37158203125,25.89399181306362,157.77392578125,156.55615234375,INDIVIDUAL_ANNOTATOR_LOOP,with_mapper,subsample_15000,15000,6.569729054516253,134492
98,32,153,211,2.857048064470291,136.56884765625,27.474191039800644,157.77587890625,156.55810546875,INDIVIDUAL_ANNOTATOR_LOOP,with_mapper,subsample_15000,15000,6.569729054516253,134492
99,32,148,204,2.8523318469524384,136.76708984375,26.85575745999813,157.77587890625,156.55615234375,INDIVIDUAL_ANNOTATOR_LOOP,with_mapper,subsample_15000,15000,6.569729054516253,134492
100,32,217,257,2.9790643602609634,136.96435546875,33.642131835222244,157.7763671875,156.5595703125,INDIVIDUAL_ANNOTATOR_LOOP,with_mapper,subsample_15000,15000,6.569729054516253,134492
101,32,116,206,2.843504771590233,137.1640625,27.237940579652786,157.77783203125,156.55810546875,INDIVIDUAL_ANNOTATOR_LOOP,with_mapper,subsample_15000,15000,6.569729054516253,134492
102,32,125,204,2.8260108083486557,137.3623046875,26.525307446718216,157.77685546875,156.55908203125,INDIVIDUAL_ANNOTATOR_LOOP,with_mapper,subsample_15000,15000,6.569729054516253,134492
103,32,118,189,2.8164833784103394,137.5615234375,24.755682796239853,157.7763671875,156.5546875,INDIVIDUAL_ANNOTATOR_LOOP,with_mapper,subsample_15000,15000,6.569729054516253,134492
104,32,171,222,3.124294802546501,137.75732421875,28.888389468193054,157.77490234375,156.55810546875,INDIVIDUAL_ANNOTATOR_LOOP,with_mapper,subsample_15000,15000,6.569729054516253,134492
105,32,106,186,2.889452502131462,137.95556640625,24.55943450331688,157.775390625,156.5537109375,INDIVIDUAL_ANNOTATOR_LOOP,with_mapper,subsample_15000,15000,6.569729054516253,134492
106,32,170,229,2.8605572879314423,138.150390625,29.82901968061924,157.77392578125,156.55810546875,INDIVIDUAL_ANNOTATOR_LOOP,with_mapper,subsample_15000,15000,6.569729054516253,134492
107,32,123,198,2.8496943414211273,138.3486328125,26.024332270026207,157.77685546875,156.55908203125,INDIVIDUAL_ANNOTATOR_LOOP,with_mapper,subsample_15000,15000,6.569729054516253,134492
108,32,118,184,2.795649692416191,138.5478515625,24.1983849555254,157.7763671875,156.5546875,INDIVIDUAL_ANNOTATOR_LOOP,with_mapper,subsample_15000,15000,6.569729054516253,134492
109,32,142,194,2.919379621744156,138.74365234375,25.375688448548317,157.77392578125,156.55615234375,INDIVIDUAL_ANNOTATOR_LOOP,with_mapper,subsample_15000,15000,6.569729054516253,134492
110,32,164,216,2.887919545173645,138.94091796875,28.27003411948681,157.77587890625,156.55810546875,INDIVIDUAL_ANNOTATOR_LOOP,with_mapper,subsample_15000,15000,6.569729054516253,134492
111,32,174,224,2.869684249162674,139.13916015625,29.192857444286346,157.77685546875,156.55908203125,INDIVIDUAL_ANNOTATOR_LOOP,with_mapper,subsample_15000,15000,6.569729054516253,134492
112,32,199,245,2.894975244998932,139.33837890625,32.22383186221123,157.77783203125,156.55908203125,INDIVIDUAL_ANNOTATOR_LOOP,with_mapper,subsample_15000,15000,6.569729054516253,134492
113,32,178,212,2.868231385946274,139.53759765625,27.697132900357246,157.77685546875,156.55615234375,INDIVIDUAL_ANNOTATOR_LOOP,with_mapper,subsample_15000,15000,6.569729054516253,134492
114,32,150,201,3.101011738181114,139.73486328125,26.3639185577631,157.77490234375,156.55517578125,INDIVIDUAL_ANNOTATOR_LOOP,with_mapper,subsample_15000,15000,6.569729054516253,134492
115,32,139,200,2.842916175723076,139.93115234375,26.266884058713913,157.77490234375,156.55810546875,INDIVIDUAL_ANNOTATOR_LOOP,with_mapper,subsample_15000,15000,6.569729054516253,134492
116,32,147,202,2.8362609446048737,140.12939453125,26.513174176216125,157.77685546875,156.55908203125,INDIVIDUAL_ANNOTATOR_LOOP,with_mapper,subsample_15000,15000,6.569729054516253,134492
117,32,114,202,2.873700112104416,140.32861328125,26.38615109026432,157.77685546875,156.55615234375,INDIVIDUAL_ANNOTATOR_LOOP,with_mapper,subsample_15000,15000,6.569729054516253,134492
118,32,161,199,2.8370507061481476,140.52587890625,26.27505734562874,157.77490234375,156.55615234375,INDIVIDUAL_ANNOTATOR_LOOP,with_mapper,subsample_15000,15000,6.569729054516253,134492
119,32,161,212,2.851717174053192,140.72314453125,27.774617075920105,157.77587890625,156.55810546875,INDIVIDUAL_ANNOTATOR_LOOP,with_mapper,subsample_15000,15000,6.569729054516253,134492
120,32,125,191,3.084002062678337,140.92138671875,25.072302669286728,157.775390625,156.5546875,INDIVIDUAL_ANNOTATOR_LOOP,with_mapper,subsample_15000,15000,6.569729054516253,134492
121,32,164,222,2.9441043734550476,141.1171875,28.76640111207962,157.77490234375,156.55908203125,INDIVIDUAL_ANNOTATOR_LOOP,with_mapper,subsample_15000,15000,6.569729054516253,134492
122,32,156,210,2.8479844331741333,141.31640625,27.398651465773582,157.77783203125,156.55810546875,INDIVIDUAL_ANNOTATOR_LOOP,with_mapper,subsample_15000,15000,6.569729054516253,134492
123,32,171,240,2.8959475457668304,141.5146484375,31.3750971108675,157.77685546875,156.55810546875,INDIVIDUAL_ANNOTATOR_LOOP,with_mapper,subsample_15000,15000,6.569729054516253,134492
124,32,171,218,3.12764011323452,141.712890625,28.39009091258049,157.77685546875,156.55810546875,INDIVIDUAL_ANNOTATOR_LOOP,with_mapper,subsample_15000,15000,6.569729054516253,134492
125,32,112,196,2.8334222733974457,141.9111328125,25.483928620815277,157.77587890625,156.55517578125,INDIVIDUAL_ANNOTATOR_LOOP,with_mapper,subsample_15000,15000,6.569729054516253,134492
126,32,151,191,2.8210096061229706,142.107421875,25.228453800082207,157.7734375,156.5546875,INDIVIDUAL_ANNOTATOR_LOOP,with_mapper,subsample_15000,15000,6.569729054516253,134492
127,32,156,205,2.844523638486862,142.30322265625,26.82422287762165,157.77490234375,156.55908203125,INDIVIDUAL_ANNOTATOR_LOOP,with_mapper,subsample_15000,15000,6.569729054516253,134492
128,32,170,219,2.8641317039728165,142.50244140625,28.376879170536995,157.77783203125,156.55810546875,INDIVIDUAL_ANNOTATOR_LOOP,with_mapper,subsample_15000,15000,6.569729054516253,134492
129,32,181,234,2.8603877872228622,142.70068359375,30.375199392437935,157.77685546875,156.55810546875,INDIVIDUAL_ANNOTATOR_LOOP,with_mapper,subsample_15000,15000,6.569729054516253,134492
130,32,186,232,2.887710928916931,142.89892578125,30.242126435041428,157.77685546875,156.56005859375,INDIVIDUAL_ANNOTATOR_LOOP,with_mapper,subsample_15000,15000,6.569729054516253,134492
131,32,168,228,2.865159884095192,143.09912109375,29.761144891381264,157.77880859375,156.56005859375,INDIVIDUAL_ANNOTATOR_LOOP,with_mapper,subsample_15000,15000,6.569729054516253,134492
132,32,190,248,2.8791073709726334,143.29931640625,32.25676901638508,157.77880859375,156.55908203125,INDIVIDUAL_ANNOTATOR_LOOP,with_mapper,subsample_15000,15000,6.569729054516253,134492
133,32,145,215,2.8402935713529587,143.49853515625,27.930395677685738,157.77783203125,156.55908203125,INDIVIDUAL_ANNOTATOR_LOOP,with_mapper,subsample_15000,15000,6.569729054516253,134492
134,32,190,212,3.169359639286995,143.69775390625,28.08825857937336,157.77783203125,156.55908203125,INDIVIDUAL_ANNOTATOR_LOOP,with_mapper,subsample_15000,15000,6.569729054516253,134492
135,32,179,231,2.8741154819726944,143.89697265625,30.1593616604805,157.77783203125,156.55908203125,INDIVIDUAL_ANNOTATOR_LOOP,with_mapper,subsample_15000,15000,6.569729054516253,134492
136,32,137,204,2.8395429253578186,144.09619140625,26.473406702280045,157.77783203125,156.55810546875,INDIVIDUAL_ANNOTATOR_LOOP,with_mapper,subsample_15000,15000,6.569729054516253,134492
137,32,195,240,2.8948690742254257,144.29443359375,31.088372692465782,157.77685546875,156.55908203125,INDIVIDUAL_ANNOTATOR_LOOP,with_mapper,subsample_15000,15000,6.569729054516253,134492
138,32,180,226,2.9740706086158752,144.49365234375,29.65129353106022,157.77783203125,156.55810546875,INDIVIDUAL_ANNOTATOR_LOOP,with_mapper,subsample_15000,15000,6.569729054516253,134492
139,32,160,229,2.861844375729561,144.69189453125,29.773779213428497,157.77587890625,156.55615234375,INDIVIDUAL_ANNOTATOR_LOOP,with_mapper,subsample_15000,15000,6.569729054516253,134492
140,32,132,182,2.831142395734787,144.88916015625,23.98802526295185,157.7744140625,156.5537109375,INDIVIDUAL_ANNOTATOR_LOOP,with_mapper,subsample_15000,15000,6.569729054516253,134492
141,32,172,222,2.860354259610176,145.083984375,28.87599729001522,157.77392578125,156.55810546875,INDIVIDUAL_ANNOTATOR_LOOP,with_mapper,subsample_15000,15000,6.569729054516253,134492
142,32,139,206,2.945147454738617,145.2822265625,26.80842950940132,157.77685546875,156.56005859375,INDIVIDUAL_ANNOTATOR_LOOP,with_mapper,subsample_15000,15000,6.569729054516253,134492
143,32,118,195,2.8520338237285614,145.482421875,25.490503758192062,157.77783203125,156.55419921875,INDIVIDUAL_ANNOTATOR_LOOP,with_mapper,subsample_15000,15000,6.569729054516253,134492
144,32,171,224,3.1155329197645187,145.677734375,29.183825477957726,157.77392578125,156.55908203125,INDIVIDUAL_ANNOTATOR_LOOP,with_mapper,subsample_15000,15000,6.569729054516253,134492
145,32,137,213,2.8345081955194473,145.876953125,27.60980650782585,157.77783203125,156.55810546875,INDIVIDUAL_ANNOTATOR_LOOP,with_mapper,subsample_15000,15000,6.569729054516253,134492
146,32,152,207,2.8614159673452377,146.0751953125,26.911498978734016,157.77587890625,156.55615234375,INDIVIDUAL_ANNOTATOR_LOOP,with_mapper,subsample_15000,15000,6.569729054516253,134492
147,32,121,192,2.8153546154499054,146.2724609375,25.089269503951073,157.7744140625,156.5556640625,INDIVIDUAL_ANNOTATOR_LOOP,with_mapper,subsample_15000,15000,6.569729054516253,134492
148,32,122,198,2.8073564171791077,146.46923828125,25.710972025990486,157.77490234375,156.55615234375,INDIVIDUAL_ANNOTATOR_LOOP,with_mapper,subsample_15000,15000,6.569729054516253,134492
149,32,154,211,2.827569842338562,146.66650390625,27.283044531941414,157.77587890625,156.55810546875,INDIVIDUAL_ANNOTATOR_LOOP,with_mapper,subsample_15000,15000,6.569729054516253,134492
150,32,112,195,2.8341691941022873,146.86474609375,25.270409882068634,157.77587890625,156.55615234375,INDIVIDUAL_ANNOTATOR_LOOP,with_mapper,subsample_15000,15000,6.569729054516253,134492
151,32,167,208,2.8409473598003387,147.06201171875,27.14492939412594,157.77490234375,156.55615234375,INDIVIDUAL_ANNOTATOR_LOOP,with_mapper,subsample_15000,15000,6.569729054516253,134492
152,32,180,225,2.8575677424669266,147.25927734375,29.420077800750732,157.77587890625,156.55810546875,INDIVIDUAL_ANNOTATOR_LOOP,with_mapper,subsample_15000,15000,6.569729054516253,134492
153,32,148,225,2.866184338927269,147.45751953125,29.06586416065693,157.77685546875,156.55908203125,INDIVIDUAL_ANNOTATOR_LOOP,with_mapper,subsample_15000,15000,6.569729054516253,134492
154,32,152,204,3.114834427833557,147.65673828125,26.606354862451553,157.77783203125,156.55810546875,INDIVIDUAL_ANNOTATOR_LOOP,with_mapper,subsample_15000,15000,6.569729054516253,134492
155,32,208,231,2.8990600258111954,147.85498046875,30.36533296108246,157.77685546875,156.55810546875,INDIVIDUAL_ANNOTATOR_LOOP,with_mapper,subsample_15000,15000,6.569729054516253,134492
156,32,150,208,2.8310995548963547,148.05322265625,27.12460234761238,157.77685546875,156.55908203125,INDIVIDUAL_ANNOTATOR_LOOP,with_mapper,subsample_15000,15000,6.569729054516253,134492
157,32,147,207,2.8190594166517258,148.25244140625,26.927292346954346,157.77783203125,156.55810546875,INDIVIDUAL_ANNOTATOR_LOOP,with_mapper,subsample_15000,15000,6.569729054516253,134492
158,32,178,224,2.930009737610817,148.45068359375,28.926841914653778,157.77685546875,156.55908203125,INDIVIDUAL_ANNOTATOR_LOOP,with_mapper,subsample_15000,15000,6.569729054516253,134492
159,32,169,217,2.8981510549783707,148.64990234375,28.49423512816429,157.77685546875,156.55615234375,INDIVIDUAL_ANNOTATOR_LOOP,with_mapper,subsample_15000,15000,6.569729054516253,134492
160,32,152,199,2.8323661535978317,148.84716796875,26.322610676288605,157.77490234375,156.55615234375,INDIVIDUAL_ANNOTATOR_LOOP,with_mapper,subsample_15000,15000,6.569729054516253,134492
161,32,173,220,2.8493795543909073,149.04443359375,28.62412855029106,157.77587890625,156.55908203125,INDIVIDUAL_ANNOTATOR_LOOP,with_mapper,subsample_15000,15000,6.569729054516253,134492
162,32,130,198,2.838253974914551,149.24365234375,25.87861754000187,157.77783203125,156.55908203125,INDIVIDUAL_ANNOTATOR_LOOP,with_mapper,subsample_15000,15000,6.569729054516253,134492
163,32,141,205,2.8264783322811127,149.44287109375,26.607278734445572,157.77685546875,156.55615234375,INDIVIDUAL_ANNOTATOR_LOOP,with_mapper,subsample_15000,15000,6.569729054516253,134492
164,32,137,192,3.0752457678318024,149.64013671875,25.421084836125374,157.7744140625,156.5546875,INDIVIDUAL_ANNOTATOR_LOOP,with_mapper,subsample_15000,15000,6.569729054516253,134492
165,32,182,208,2.8409920632839203,149.8359375,27.200261130928993,157.77490234375,156.55810546875,INDIVIDUAL_ANNOTATOR_LOOP,with_mapper,subsample_15000,15000,6.569729054516253,134492
166,32,155,216,2.860942855477333,150.0341796875,28.057396411895752,157.77685546875,156.56005859375,INDIVIDUAL_ANNOTATOR_LOOP,with_mapper,subsample_15000,15000,6.569729054516253,134492
167,32,160,219,2.860015258193016,150.234375,28.609108179807663,157.77880859375,156.55810546875,INDIVIDUAL_ANNOTATOR_LOOP,with_mapper,subsample_15000,15000,6.569729054516253,134492
168,32,171,205,2.8342753648757935,150.4326171875,27.043454349040985,157.77685546875,156.55810546875,INDIVIDUAL_ANNOTATOR_LOOP,with_mapper,subsample_15000,15000,6.569729054516253,134492
169,32,151,209,2.8316155076026917,150.630859375,27.469545602798462,157.77685546875,156.55810546875,INDIVIDUAL_ANNOTATOR_LOOP,with_mapper,subsample_15000,15000,6.569729054516253,134492
170,32,156,217,2.8903894126415253,150.8291015625,28.249992057681084,157.77685546875,156.55810546875,INDIVIDUAL_ANNOTATOR_LOOP,with_mapper,subsample_15000,15000,6.569729054516253,134492
171,32,166,224,2.8495416045188904,151.02734375,28.994431719183922,157.77685546875,156.55908203125,INDIVIDUAL_ANNOTATOR_LOOP,with_mapper,subsample_15000,15000,6.569729054516253,134492
172,32,148,212,2.833474427461624,151.2265625,27.518343180418015,157.77685546875,156.55615234375,INDIVIDUAL_ANNOTATOR_LOOP,with_mapper,subsample_15000,15000,6.569729054516253,134492
173,32,157,212,2.838302403688431,151.423828125,27.555430307984352,157.77490234375,156.55615234375,INDIVIDUAL_ANNOTATOR_LOOP,with_mapper,subsample_15000,15000,6.569729054516253,134492
174,32,143,212,2.9098689556121826,151.62109375,27.974553406238556,157.77490234375,156.55615234375,INDIVIDUAL_ANNOTATOR_LOOP,with_mapper,subsample_15000,15000,6.569729054516253,134492
175,32,161,222,3.099987283349037,151.818359375,28.759870678186417,157.77587890625,156.55810546875,INDIVIDUAL_ANNOTATOR_LOOP,with_mapper,subsample_15000,15000,6.569729054516253,134492
176,32,135,197,2.878202125430107,152.0166015625,25.729091838002205,157.77587890625,156.55615234375,INDIVIDUAL_ANNOTATOR_LOOP,with_mapper,subsample_15000,15000,6.569729054516253,134492
177,32,184,241,2.949681133031845,152.2138671875,31.63512423634529,157.77587890625,156.55908203125,INDIVIDUAL_ANNOTATOR_LOOP,with_mapper,subsample_15000,15000,6.569729054516253,134492
178,32,146,218,2.869192510843277,152.4130859375,28.309302404522896,157.77685546875,156.55615234375,INDIVIDUAL_ANNOTATOR_LOOP,with_mapper,subsample_15000,15000,6.569729054516253,134492
179,32,126,195,2.80148908495903,152.6103515625,25.503234937787056,157.77490234375,156.55615234375,INDIVIDUAL_ANNOTATOR_LOOP,with_mapper,subsample_15000,15000,6.569729054516253,134492
180,32,133,194,2.797076478600502,152.8076171875,25.363663211464882,157.77490234375,156.55615234375,INDIVIDUAL_ANNOTATOR_LOOP,with_mapper,subsample_15000,15000,6.569729054516253,134492
181,32,141,211,2.9502324759960175,153.0048828125,27.319278568029404,157.77587890625,156.56005859375,INDIVIDUAL_ANNOTATOR_LOOP,with_mapper,subsample_15000,15000,6.569729054516253,134492
182,32,146,209,2.845330163836479,153.205078125,27.279822155833244,157.77783203125,156.55615234375,INDIVIDUAL_ANNOTATOR_LOOP,with_mapper,subsample_15000,15000,6.569729054516253,134492
183,32,120,206,2.8456784784793854,153.40234375,26.915518566966057,157.77587890625,156.55810546875,INDIVIDUAL_ANNOTATOR_LOOP,with_mapper,subsample_15000,15000,6.569729054516253,134492
184,32,140,201,2.819634974002838,153.6005859375,26.208844035863876,157.77587890625,156.55615234375,INDIVIDUAL_ANNOTATOR_LOOP,with_mapper,subsample_15000,15000,6.569729054516253,134492
185,32,128,198,3.0887480825185776,153.7978515625,25.737056508660316,157.77587890625,156.55908203125,INDIVIDUAL_ANNOTATOR_LOOP,with_mapper,subsample_15000,15000,6.569729054516253,134492
186,32,130,193,2.8530173003673553,153.9970703125,25.15964023768902,157.77685546875,156.55517578125,INDIVIDUAL_ANNOTATOR_LOOP,with_mapper,subsample_15000,15000,6.569729054516253,134492
187,32,109,184,2.805003896355629,154.193359375,24.162473157048225,157.7734375,156.5537109375,INDIVIDUAL_ANNOTATOR_LOOP,with_mapper,subsample_15000,15000,6.569729054516253,134492
188,32,145,211,2.8285346925258636,154.38818359375,27.383944019675255,157.77294921875,156.55615234375,INDIVIDUAL_ANNOTATOR_LOOP,with_mapper,subsample_15000,15000,6.569729054516253,134492
189,32,147,200,2.8325989842414856,154.58544921875,26.428844779729843,157.77490234375,156.55517578125,INDIVIDUAL_ANNOTATOR_LOOP,with_mapper,subsample_15000,15000,6.569729054516253,134492
190,32,137,204,2.8835702687501907,154.78173828125,26.576127856969833,157.77392578125,156.55615234375,INDIVIDUAL_ANNOTATOR_LOOP,with_mapper,subsample_15000,15000,6.569729054516253,134492
191,32,121,192,2.7997568249702454,154.97900390625,24.98406544327736,157.7744140625,156.5546875,INDIVIDUAL_ANNOTATOR_LOOP,with_mapper,subsample_15000,15000,6.569729054516253,134492
192,32,158,213,2.8303712606430054,155.1748046875,27.571242302656174,157.77490234375,156.55908203125,INDIVIDUAL_ANNOTATOR_LOOP,with_mapper,subsample_15000,15000,6.569729054516253,134492
193,32,128,202,2.800561487674713,155.3740234375,26.240764185786247,157.77685546875,156.55517578125,INDIVIDUAL_ANNOTATOR_LOOP,with_mapper,subsample_15000,15000,6.569729054516253,134492
194,32,162,207,2.8572380542755127,155.5703125,27.3896437138319,157.77490234375,156.55810546875,INDIVIDUAL_ANNOTATOR_LOOP,with_mapper,subsample_15000,15000,6.569729054516253,134492
195,32,165,221,3.1106751412153244,155.7685546875,28.984900563955307,157.77685546875,156.55908203125,INDIVIDUAL_ANNOTATOR_LOOP,with_mapper,subsample_15000,15000,6.569729054516253,134492
196,32,147,210,2.823958173394203,155.9677734375,27.406804263591766,157.77685546875,156.55615234375,INDIVIDUAL_ANNOTATOR_LOOP,with_mapper,subsample_15000,15000,6.569729054516253,134492
197,32,121,180,2.8133243322372437,156.1650390625,23.62459897994995,157.7744140625,156.5537109375,INDIVIDUAL_ANNOTATOR_LOOP,with_mapper,subsample_15000,15000,6.569729054516253,134492
198,32,139,208,2.8255898505449295,156.35986328125,27.125032618641853,157.77392578125,156.55810546875,INDIVIDUAL_ANNOTATOR_LOOP,with_mapper,subsample_15000,15000,6.569729054516253,134492
199,32,174,220,2.8712768107652664,156.55810546875,28.63961271941662,157.77685546875,156.55810546875,INDIVIDUAL_ANNOTATOR_LOOP,with_mapper,subsample_15000,15000,6.569729054516253,134492
0,32,218,284,1.2978073209524155,73.10546875,1.2681838124990463,112.3994140625,111.1806640625,BASELINE_AGGREGATE,without_mapper,subsample_20000,20000,8.915325818636052,134492
1,32,243,317,1.303577795624733,73.296875,1.1346787214279175,112.3994140625,111.1806640625,BASELINE_AGGREGATE,without_mapper,subsample_20000,20000,8.915325818636052,134492
2,32,195,283,1.3034772127866745,73.48828125,1.129085198044777,112.3994140625,111.1806640625,BASELINE_AGGREGATE,without_mapper,subsample_20000,20000,8.915325818636052,134492
3,32,207,292,1.5717148780822754,73.6796875,1.1273883283138275,112.3994140625,111.1806640625,BASELINE_AGGREGATE,without_mapper,subsample_20000,20000,8.915325818636052,134492
4,32,154,247,1.300698146224022,73.87109375,1.129666343331337,112.3994140625,111.1806640625,BASELINE_AGGREGATE,without_mapper,subsample_20000,20000,8.915325818636052,134492
5,32,222,286,1.317344605922699,74.0625,1.122383400797844,112.3994140625,111.1806640625,BASELINE_AGGREGATE,without_mapper,subsample_20000,20000,8.915325818636052,134492
6,32,161,258,1.312118023633957,74.25390625,1.1270847171545029,112.3994140625,111.1806640625,BASELINE_AGGREGATE,without_mapper,subsample_20000,20000,8.915325818636052,134492
7,32,194,252,1.3710502535104752,74.4453125,1.1238213628530502,112.3994140625,111.1806640625,BASELINE_AGGREGATE,without_mapper,subsample_20000,20000,8.915325818636052,134492
8,32,268,336,1.3166368007659912,74.63671875,1.135125756263733,112.3994140625,111.1806640625,BASELINE_AGGREGATE,without_mapper,subsample_20000,20000,8.915325818636052,134492
9,32,205,295,1.3158395886421204,74.828125,1.1398456990718842,112.3994140625,111.1806640625,BASELINE_AGGREGATE,without_mapper,subsample_20000,20000,8.915325818636052,134492
10,32,184,238,1.384049654006958,75.01953125,1.1441763490438461,112.3994140625,111.1806640625,BASELINE_AGGREGATE,without_mapper,subsample_20000,20000,8.915325818636052,134492
11,32,199,289,1.6461145132780075,75.2109375,1.1458322405815125,112.3994140625,111.1806640625,BASELINE_AGGREGATE,without_mapper,subsample_20000,20000,8.915325818636052,134492
12,32,184,266,1.6858354210853577,75.40234375,1.1982228606939316,112.3994140625,111.1806640625,BASELINE_AGGREGATE,without_mapper,subsample_20000,20000,8.915325818636052,134492
13,32,182,256,1.4226287603378296,75.59375,1.1330898851156235,112.3994140625,111.1806640625,BASELINE_AGGREGATE,without_mapper,subsample_20000,20000,8.915325818636052,134492
14,32,232,307,1.7412230372428894,75.78515625,1.1186487972736359,112.3994140625,111.1806640625,BASELINE_AGGREGATE,without_mapper,subsample_20000,20000,8.915325818636052,134492
15,32,255,309,1.3412442058324814,75.9765625,1.1395886540412903,112.3994140625,111.1806640625,BASELINE_AGGREGATE,without_mapper,subsample_20000,20000,8.915325818636052,134492
16,32,194,270,1.4117788523435593,76.16796875,1.1523962020874023,112.3994140625,111.1806640625,BASELINE_AGGREGATE,without_mapper,subsample_20000,20000,8.915325818636052,134492
17,32,218,289,1.4015678316354752,76.359375,1.1252369731664658,112.3994140625,111.1806640625,BASELINE_AGGREGATE,without_mapper,subsample_20000,20000,8.915325818636052,134492
18,32,187,269,1.334603875875473,76.55078125,1.1313054710626602,112.3994140625,111.1806640625,BASELINE_AGGREGATE,without_mapper,subsample_20000,20000,8.915325818636052,134492
19,32,159,261,1.425221562385559,76.7421875,1.1438317596912384,112.3994140625,111.1806640625,BASELINE_AGGREGATE,without_mapper,subsample_20000,20000,8.915325818636052,134492
20,32,250,318,1.427769660949707,76.93359375,1.13774836063385,112.3994140625,111.1806640625,BASELINE_AGGREGATE,without_mapper,subsample_20000,20000,8.915325818636052,134492
21,32,262,324,1.4189239591360092,77.125,1.134827733039856,112.3994140625,111.1806640625,BASELINE_AGGREGATE,without_mapper,subsample_20000,20000,8.915325818636052,134492
22,32,230,286,1.399938017129898,77.31640625,1.1311285197734833,112.3994140625,111.1806640625,BASELINE_AGGREGATE,without_mapper,subsample_20000,20000,8.915325818636052,134492
23,32,190,282,1.3507399708032608,77.5078125,1.2331809848546982,112.3994140625,111.1806640625,BASELINE_AGGREGATE,without_mapper,subsample_20000,20000,8.915325818636052,134492
24,32,194,291,1.7123334109783173,77.69921875,1.1364556849002838,112.3994140625,111.1806640625,BASELINE_AGGREGATE,without_mapper,subsample_20000,20000,8.915325818636052,134492
25,32,180,266,1.4041699469089508,77.890625,1.1354964226484299,112.3994140625,111.1806640625,BASELINE_AGGREGATE,without_mapper,subsample_20000,20000,8.915325818636052,134492
26,32,245,317,1.3278964906930923,78.08203125,1.1222492903470993,112.3994140625,111.1806640625,BASELINE_AGGREGATE,without_mapper,subsample_20000,20000,8.915325818636052,134492
27,32,180,267,1.620044931769371,78.2734375,1.1265482753515244,112.3994140625,111.1806640625,BASELINE_AGGREGATE,without_mapper,subsample_20000,20000,8.915325818636052,134492
28,32,193,283,1.344127580523491,78.46484375,1.1279359459877014,112.3994140625,111.1806640625,BASELINE_AGGREGATE,without_mapper,subsample_20000,20000,8.915325818636052,134492
29,32,213,307,1.3365000486373901,78.65625,1.1952929198741913,112.3994140625,111.1806640625,BASELINE_AGGREGATE,without_mapper,subsample_20000,20000,8.915325818636052,134492
30,32,203,272,1.3565011322498322,78.84765625,1.1316053569316864,112.3994140625,111.1806640625,BASELINE_AGGREGATE,without_mapper,subsample_20000,20000,8.915325818636052,134492
31,32,242,297,1.331675797700882,79.0390625,1.1464264243841171,112.3994140625,111.1806640625,BASELINE_AGGREGATE,without_mapper,subsample_20000,20000,8.915325818636052,134492
32,32,156,273,1.3952665030956268,79.23046875,1.1260416358709335,112.3994140625,111.1806640625,BASELINE_AGGREGATE,without_mapper,subsample_20000,20000,8.915325818636052,134492
33,32,192,269,1.4170687645673752,79.421875,1.124303787946701,112.3994140625,111.1806640625,BASELINE_AGGREGATE,without_mapper,subsample_20000,20000,8.915325818636052,134492
34,32,241,304,1.3561155647039413,79.61328125,1.2103766202926636,112.3994140625,111.1806640625,BASELINE_AGGREGATE,without_mapper,subsample_20000,20000,8.915325818636052,134492
35,32,175,278,1.6357842832803726,79.8046875,1.1315569281578064,112.3994140625,111.1806640625,BASELINE_AGGREGATE,without_mapper,subsample_20000,20000,8.915325818636052,134492
36,32,243,301,1.5132799744606018,79.99609375,1.1238325387239456,112.3994140625,111.1806640625,BASELINE_AGGREGATE,without_mapper,subsample_20000,20000,8.915325818636052,134492
37,32,159,254,1.468811184167862,80.1875,1.1395737528800964,112.3994140625,111.1806640625,BASELINE_AGGREGATE,without_mapper,subsample_20000,20000,8.915325818636052,134492
38,32,171,277,1.5851575881242752,80.37890625,1.1698491871356964,112.3994140625,111.1806640625,BASELINE_AGGREGATE,without_mapper,subsample_20000,20000,8.915325818636052,134492
39,32,196,262,1.3474542647600174,80.5703125,1.1222176253795624,112.3994140625,111.1806640625,BASELINE_AGGREGATE,without_mapper,subsample_20000,20000,8.915325818636052,134492
40,32,207,278,1.4078076928853989,80.76171875,1.1321306228637695,112.3994140625,111.1806640625,BASELINE_AGGREGATE,without_mapper,subsample_20000,20000,8.915325818636052,134492
41,32,185,270,1.3967230916023254,80.953125,1.1306647211313248,112.3994140625,111.1806640625,BASELINE_AGGREGATE,without_mapper,subsample_20000,20000,8.915325818636052,134492
42,32,201,269,1.3453681021928787,81.14453125,1.1256244033575058,112.3994140625,111.1806640625,BASELINE_AGGREGATE,without_mapper,subsample_20000,20000,8.915325818636052,134492
43,32,155,253,1.3971421867609024,81.3359375,1.123296096920967,112.3994140625,111.1806640625,BASELINE_AGGREGATE,without_mapper,subsample_20000,20000,8.915325818636052,134492
44,32,223,282,1.41085684299469,81.52734375,1.1324211955070496,112.3994140625,111.1806640625,BASELINE_AGGREGATE,without_mapper,subsample_20000,20000,8.915325818636052,134492
45,32,206,273,1.619528979063034,81.71875,1.1311769485473633,112.3994140625,111.1806640625,BASELINE_AGGREGATE,without_mapper,subsample_20000,20000,8.915325818636052,134492
46,32,226,277,1.3316404074430466,81.91015625,1.1376719921827316,112.3994140625,111.1806640625,BASELINE_AGGREGATE,without_mapper,subsample_20000,20000,8.915325818636052,134492
47,32,204,294,1.4051608741283417,82.1015625,1.1416524648666382,112.3994140625,111.1806640625,BASELINE_AGGREGATE,without_mapper,subsample_20000,20000,8.915325818636052,134492
48,32,214,299,1.3955943286418915,82.29296875,1.130351796746254,112.3994140625,111.1806640625,BASELINE_AGGREGATE,without_mapper,subsample_20000,20000,8.915325818636052,134492
49,32,249,298,1.333683729171753,82.484375,1.1575967073440552,112.3994140625,111.1806640625,BASELINE_AGGREGATE,without_mapper,subsample_20000,20000,8.915325818636052,134492
50,32,172,275,1.3336911797523499,82.67578125,1.1254288256168365,112.3994140625,111.1806640625,BASELINE_AGGREGATE,without_mapper,subsample_20000,20000,8.915325818636052,134492
51,32,162,251,1.403873786330223,82.8671875,1.1358894407749176,112.3994140625,111.1806640625,BASELINE_AGGREGATE,without_mapper,subsample_20000,20000,8.915325818636052,134492
52,32,186,298,1.4173835515975952,83.05859375,1.1257044970989227,112.3994140625,111.1806640625,BASELINE_AGGREGATE,without_mapper,subsample_20000,20000,8.915325818636052,134492
53,32,227,313,1.6344916075468063,83.25,1.1312458664178848,112.3994140625,111.1806640625,BASELINE_AGGREGATE,without_mapper,subsample_20000,20000,8.915325818636052,134492
54,32,203,276,1.4229211956262589,83.44140625,1.4046486467123032,112.3994140625,111.1806640625,BASELINE_AGGREGATE,without_mapper,subsample_20000,20000,8.915325818636052,134492
55,32,238,292,1.688450574874878,83.6328125,1.1477824300527573,112.3994140625,111.1806640625,BASELINE_AGGREGATE,without_mapper,subsample_20000,20000,8.915325818636052,134492
56,32,273,327,1.5237703919410706,83.82421875,1.1398140341043472,112.3994140625,111.1806640625,BASELINE_AGGREGATE,without_mapper,subsample_20000,20000,8.915325818636052,134492
57,32,232,283,1.4422796666622162,84.015625,1.1590011417865753,112.3994140625,111.1806640625,BASELINE_AGGREGATE,without_mapper,subsample_20000,20000,8.915325818636052,134492
58,32,165,250,1.379169523715973,84.20703125,1.1222437024116516,112.3994140625,111.1806640625,BASELINE_AGGREGATE,without_mapper,subsample_20000,20000,8.915325818636052,134492
59,32,189,266,1.3928301632404327,84.3984375,1.1317972093820572,112.3994140625,111.1806640625,BASELINE_AGGREGATE,without_mapper,subsample_20000,20000,8.915325818636052,134492
60,32,224,313,1.390453428030014,84.58984375,1.1310074478387833,112.3994140625,111.1806640625,BASELINE_AGGREGATE,without_mapper,subsample_20000,20000,8.915325818636052,134492
61,32,169,282,1.339547336101532,84.78125,1.1440757662057877,112.3994140625,111.1806640625,BASELINE_AGGREGATE,without_mapper,subsample_20000,20000,8.915325818636052,134492
62,32,234,311,1.3607870787382126,84.97265625,1.1707395315170288,112.3994140625,111.1806640625,BASELINE_AGGREGATE,without_mapper,subsample_20000,20000,8.915325818636052,134492
63,32,160,262,1.320740208029747,85.1640625,1.1319741606712341,112.3994140625,111.1806640625,BASELINE_AGGREGATE,without_mapper,subsample_20000,20000,8.915325818636052,134492
64,32,238,289,1.3205204159021378,85.35546875,1.1494606733322144,112.3994140625,111.1806640625,BASELINE_AGGREGATE,without_mapper,subsample_20000,20000,8.915325818636052,134492
65,32,203,259,1.3938471674919128,85.546875,1.1315308511257172,112.3994140625,111.1806640625,BASELINE_AGGREGATE,without_mapper,subsample_20000,20000,8.915325818636052,134492
66,32,230,290,1.6744285821914673,85.73828125,1.1449605226516724,112.3994140625,111.1806640625,BASELINE_AGGREGATE,without_mapper,subsample_20000,20000,8.915325818636052,134492
67,32,215,289,1.4229658991098404,85.9296875,1.1438895016908646,112.3994140625,111.1806640625,BASELINE_AGGREGATE,without_mapper,subsample_20000,20000,8.915325818636052,134492
68,32,268,315,1.3961158692836761,86.12109375,1.133594661951065,112.3994140625,111.1806640625,BASELINE_AGGREGATE,without_mapper,subsample_20000,20000,8.915325818636052,134492
69,32,187,263,1.3891831040382385,86.3125,1.1370163410902023,112.3994140625,111.1806640625,BASELINE_AGGREGATE,without_mapper,subsample_20000,20000,8.915325818636052,134492
70,32,264,332,1.324271783232689,86.50390625,1.1515077203512192,112.3994140625,111.1806640625,BASELINE_AGGREGATE,without_mapper,subsample_20000,20000,8.915325818636052,134492
71,32,195,269,1.3363566249608994,86.6953125,1.132899895310402,112.3994140625,111.1806640625,BASELINE_AGGREGATE,without_mapper,subsample_20000,20000,8.915325818636052,134492
72,32,214,308,1.3453029096126556,86.88671875,1.150321215391159,112.3994140625,111.1806640625,BASELINE_AGGREGATE,without_mapper,subsample_20000,20000,8.915325818636052,134492
73,32,303,359,1.3273879885673523,87.078125,1.1377427726984024,112.3994140625,111.1806640625,BASELINE_AGGREGATE,without_mapper,subsample_20000,20000,8.915325818636052,134492
74,32,228,265,1.3553537428379059,87.26953125,1.1414233595132828,112.3994140625,111.1806640625,BASELINE_AGGREGATE,without_mapper,subsample_20000,20000,8.915325818636052,134492
75,32,249,318,1.3360287994146347,87.4609375,1.137368381023407,112.3994140625,111.1806640625,BASELINE_AGGREGATE,without_mapper,subsample_20000,20000,8.915325818636052,134492
76,32,182,295,1.620851457118988,87.65234375,1.1305902153253555,112.3994140625,111.1806640625,BASELINE_AGGREGATE,without_mapper,subsample_20000,20000,8.915325818636052,134492
77,32,228,320,1.319989562034607,87.84375,1.1370573192834854,112.3994140625,111.1806640625,BASELINE_AGGREGATE,without_mapper,subsample_20000,20000,8.915325818636052,134492
78,32,220,292,1.315610483288765,88.03515625,1.1380147188901901,112.3994140625,111.1806640625,BASELINE_AGGREGATE,without_mapper,subsample_20000,20000,8.915325818636052,134492
79,32,231,296,1.4380346983671188,88.2265625,1.1317059397697449,112.3994140625,111.1806640625,BASELINE_AGGREGATE,without_mapper,subsample_20000,20000,8.915325818636052,134492
80,32,223,273,1.3185106217861176,88.41796875,1.1399704962968826,112.3994140625,111.1806640625,BASELINE_AGGREGATE,without_mapper,subsample_20000,20000,8.915325818636052,134492
81,32,172,254,1.3213343918323517,88.609375,1.2664925307035446,112.3994140625,111.1806640625,BASELINE_AGGREGATE,without_mapper,subsample_20000,20000,8.915325818636052,134492
82,32,243,292,1.325860619544983,88.80078125,1.1335872113704681,112.3994140625,111.1806640625,BASELINE_AGGREGATE,without_mapper,subsample_20000,20000,8.915325818636052,134492
83,32,214,305,1.400170847773552,88.9921875,1.1310074478387833,112.3994140625,111.1806640625,BASELINE_AGGREGATE,without_mapper,subsample_20000,20000,8.915325818636052,134492
84,32,255,300,1.335587352514267,89.18359375,1.1326242238283157,112.3994140625,111.1806640625,BASELINE_AGGREGATE,without_mapper,subsample_20000,20000,8.915325818636052,134492
85,32,232,319,1.3220515102148056,89.375,1.1302009224891663,112.3994140625,111.1806640625,BASELINE_AGGREGATE,without_mapper,subsample_20000,20000,8.915325818636052,134492
86,32,146,254,1.3101939111948013,89.56640625,1.1291764676570892,112.3994140625,111.1806640625,BASELINE_AGGREGATE,without_mapper,subsample_20000,20000,8.915325818636052,134492
87,32,203,271,1.6218628734350204,89.7578125,1.1350270360708237,112.3994140625,111.1806640625,BASELINE_AGGREGATE,without_mapper,subsample_20000,20000,8.915325818636052,134492
88,32,180,265,1.3153068721294403,89.94921875,1.1238548904657364,112.3994140625,111.1806640625,BASELINE_AGGREGATE,without_mapper,subsample_20000,20000,8.915325818636052,134492
89,32,182,296,1.3202354311943054,90.140625,1.1211652308702469,112.3994140625,111.1806640625,BASELINE_AGGREGATE,without_mapper,subsample_20000,20000,8.915325818636052,134492
90,32,278,344,1.3143718242645264,90.33203125,1.1276677250862122,112.3994140625,111.1806640625,BASELINE_AGGREGATE,without_mapper,subsample_20000,20000,8.915325818636052,134492
91,32,204,283,1.3423208147287369,90.5234375,1.1370033025741577,112.3994140625,111.1806640625,BASELINE_AGGREGATE,without_mapper,subsample_20000,20000,8.915325818636052,134492
92,32,178,259,1.4348197728395462,90.71484375,1.1897888034582138,112.3994140625,111.1806640625,BASELINE_AGGREGATE,without_mapper,subsample_20000,20000,8.915325818636052,134492
93,32,215,294,1.323821023106575,90.90625,1.1258535087108612,112.3994140625,111.1806640625,BASELINE_AGGREGATE,without_mapper,subsample_20000,20000,8.915325818636052,134492
94,32,212,296,1.316642388701439,91.09765625,1.1429451406002045,112.3994140625,111.1806640625,BASELINE_AGGREGATE,without_mapper,subsample_20000,20000,8.915325818636052,134492
95,32,175,264,1.3135671615600586,91.2890625,1.1308863759040833,112.3994140625,111.1806640625,BASELINE_AGGREGATE,without_mapper,subsample_20000,20000,8.915325818636052,134492
96,32,163,270,1.3249628245830536,91.48046875,1.1288970708847046,112.3994140625,111.1806640625,BASELINE_AGGREGATE,without_mapper,subsample_20000,20000,8.915325818636052,134492
97,32,173,271,1.6290117055177689,91.671875,1.1244900524616241,112.3994140625,111.1806640625,BASELINE_AGGREGATE,without_mapper,subsample_20000,20000,8.915325818636052,134492
98,32,214,295,1.3951901346445084,91.86328125,1.118488609790802,112.3994140625,111.1806640625,BASELINE_AGGREGATE,without_mapper,subsample_20000,20000,8.915325818636052,134492
99,32,204,281,1.3331547379493713,92.0546875,1.1394955217838287,112.3994140625,111.1806640625,BASELINE_AGGREGATE,without_mapper,subsample_20000,20000,8.915325818636052,134492
100,32,294,344,1.305835321545601,92.24609375,1.125618815422058,112.3994140625,111.1806640625,BASELINE_AGGREGATE,without_mapper,subsample_20000,20000,8.915325818636052,134492
101,32,152,281,1.3108570128679276,92.4375,1.1308230459690094,112.3994140625,111.1806640625,BASELINE_AGGREGATE,without_mapper,subsample_20000,20000,8.915325818636052,134492
102,32,163,270,1.3139229267835617,92.62890625,1.2032631784677505,112.3994140625,111.1806640625,BASELINE_AGGREGATE,without_mapper,subsample_20000,20000,8.915325818636052,134492
103,32,157,257,1.3450291007757187,92.8203125,1.1240430176258087,112.3994140625,111.1806640625,BASELINE_AGGREGATE,without_mapper,subsample_20000,20000,8.915325818636052,134492
104,32,223,290,1.3260617852210999,93.01171875,1.1235252022743225,112.3994140625,111.1806640625,BASELINE_AGGREGATE,without_mapper,subsample_20000,20000,8.915325818636052,134492
105,32,152,265,1.3074278831481934,93.203125,1.1339262127876282,112.3994140625,111.1806640625,BASELINE_AGGREGATE,without_mapper,subsample_20000,20000,8.915325818636052,134492
106,32,225,302,1.3227760791778564,93.39453125,1.1402349919080734,112.3994140625,111.1806640625,BASELINE_AGGREGATE,without_mapper,subsample_20000,20000,8.915325818636052,134492
107,32,170,270,1.3183411210775375,93.5859375,1.1291466653347015,112.3994140625,111.1806640625,BASELINE_AGGREGATE,without_mapper,subsample_20000,20000,8.915325818636052,134492
108,32,165,256,1.5811063349246979,93.77734375,1.1266674846410751,112.3994140625,111.1806640625,BASELINE_AGGREGATE,without_mapper,subsample_20000,20000,8.915325818636052,134492
109,32,197,266,1.3052187860012054,93.96875,1.1368785053491592,112.3994140625,111.1806640625,BASELINE_AGGREGATE,without_mapper,subsample_20000,20000,8.915325818636052,134492
110,32,213,280,1.3053938746452332,94.16015625,1.1309441179037094,112.3994140625,111.1806640625,BASELINE_AGGREGATE,without_mapper,subsample_20000,20000,8.915325818636052,134492
111,32,243,311,1.3057570904493332,94.3515625,1.1397432535886765,112.3994140625,111.1806640625,BASELINE_AGGREGATE,without_mapper,subsample_20000,20000,8.915325818636052,134492
112,32,270,329,1.5198905020952225,94.54296875,1.1368542909622192,112.3994140625,111.1806640625,BASELINE_AGGREGATE,without_mapper,subsample_20000,20000,8.915325818636052,134492
113,32,250,295,1.309780403971672,94.734375,1.1303629726171494,112.3994140625,111.1806640625,BASELINE_AGGREGATE,without_mapper,subsample_20000,20000,8.915325818636052,134492
114,32,197,260,1.3023950159549713,94.92578125,1.1353269219398499,112.3994140625,111.1806640625,BASELINE_AGGREGATE,without_mapper,subsample_20000,20000,8.915325818636052,134492
115,32,190,272,1.3037864118814468,95.1171875,1.1363215744495392,112.3994140625,111.1806640625,BASELINE_AGGREGATE,without_mapper,subsample_20000,20000,8.915325818636052,134492
116,32,202,274,1.316305249929428,95.30859375,1.1290516704320908,112.3994140625,111.1806640625,BASELINE_AGGREGATE,without_mapper,subsample_20000,20000,8.915325818636052,134492
117,32,157,267,1.3217683881521225,95.5,1.1408738791942596,112.3994140625,111.1806640625,BASELINE_AGGREGATE,without_mapper,subsample_20000,20000,8.915325818636052,134492
118,32,211,261,1.6000047326087952,95.69140625,1.1264346539974213,112.3994140625,111.1806640625,BASELINE_AGGREGATE,without_mapper,subsample_20000,20000,8.915325818636052,134492
119,32,218,289,1.3858210295438766,95.8828125,1.1381953954696655,112.3994140625,111.1806640625,BASELINE_AGGREGATE,without_mapper,subsample_20000,20000,8.915325818636052,134492
120,32,164,250,1.3353098183870316,96.07421875,1.1243168264627457,112.3994140625,111.1806640625,BASELINE_AGGREGATE,without_mapper,subsample_20000,20000,8.915325818636052,134492
121,32,222,302,1.3322718441486359,96.265625,1.123255118727684,112.3994140625,111.1806640625,BASELINE_AGGREGATE,without_mapper,subsample_20000,20000,8.915325818636052,134492
122,32,207,280,1.3425983488559723,96.45703125,1.1216085404157639,112.3994140625,111.1806640625,BASELINE_AGGREGATE,without_mapper,subsample_20000,20000,8.915325818636052,134492
123,32,235,333,1.3272427022457123,96.6484375,1.1301524937152863,112.3994140625,111.1806640625,BASELINE_AGGREGATE,without_mapper,subsample_20000,20000,8.915325818636052,134492
124,32,230,304,1.388823613524437,96.83984375,1.1179689317941666,112.3994140625,111.1806640625,BASELINE_AGGREGATE,without_mapper,subsample_20000,20000,8.915325818636052,134492
125,32,152,259,1.400429755449295,97.03125,1.1420659720897675,112.3994140625,111.1806640625,BASELINE_AGGREGATE,without_mapper,subsample_20000,20000,8.915325818636052,134492
126,32,218,273,1.3889130204916,97.22265625,1.1231638491153717,112.3994140625,111.1806640625,BASELINE_AGGREGATE,without_mapper,subsample_20000,20000,8.915325818636052,134492
127,32,214,281,1.3202782720327377,97.4140625,1.1731311678886414,112.3994140625,111.1806640625,BASELINE_AGGREGATE,without_mapper,subsample_20000,20000,8.915325818636052,134492
128,32,236,299,1.3298466801643372,97.60546875,1.1348314583301544,112.3994140625,111.1806640625,BASELINE_AGGREGATE,without_mapper,subsample_20000,20000,8.915325818636052,134492
129,32,247,321,1.6106758266687393,97.796875,1.1327657848596573,112.3994140625,111.1806640625,BASELINE_AGGREGATE,without_mapper,subsample_20000,20000,8.915325818636052,134492
130,32,246,303,1.3207588344812393,97.98828125,1.1268556118011475,112.3994140625,111.1806640625,BASELINE_AGGREGATE,without_mapper,subsample_20000,20000,8.915325818636052,134492
131,32,223,301,1.310925930738449,98.1796875,1.1288467794656754,112.3994140625,111.1806640625,BASELINE_AGGREGATE,without_mapper,subsample_20000,20000,8.915325818636052,134492
132,32,253,333,1.31925567984581,98.37109375,1.1321138590574265,112.3994140625,111.1806640625,BASELINE_AGGREGATE,without_mapper,subsample_20000,20000,8.915325818636052,134492
133,32,189,282,1.3258922845125198,98.5625,1.1271089315414429,112.3994140625,111.1806640625,BASELINE_AGGREGATE,without_mapper,subsample_20000,20000,8.915325818636052,134492
134,32,248,278,1.3364888727664948,98.75390625,1.1320225894451141,112.3994140625,111.1806640625,BASELINE_AGGREGATE,without_mapper,subsample_20000,20000,8.915325818636052,134492
135,32,245,317,1.3310834765434265,98.9453125,1.1257268488407135,112.3994140625,111.1806640625,BASELINE_AGGREGATE,without_mapper,subsample_20000,20000,8.915325818636052,134492
136,32,185,273,1.3180486857891083,99.13671875,1.1261440813541412,112.3994140625,111.1806640625,BASELINE_AGGREGATE,without_mapper,subsample_20000,20000,8.915325818636052,134492
137,32,258,321,1.3206526637077332,99.328125,1.1472608894109726,112.3994140625,111.1806640625,BASELINE_AGGREGATE,without_mapper,subsample_20000,20000,8.915325818636052,134492
138,32,242,311,1.337151974439621,99.51953125,1.1232439428567886,112.3994140625,111.1806640625,BASELINE_AGGREGATE,without_mapper,subsample_20000,20000,8.915325818636052,134492
139,32,221,319,1.5943050384521484,99.7109375,1.1247582733631134,112.3994140625,111.1806640625,BASELINE_AGGREGATE,without_mapper,subsample_20000,20000,8.915325818636052,134492
140,32,172,248,1.3259779661893845,99.90234375,1.123230904340744,112.3994140625,111.1806640625,BASELINE_AGGREGATE,without_mapper,subsample_20000,20000,8.915325818636052,134492
141,32,231,296,1.3127252459526062,100.09375,1.1240709573030472,112.3994140625,111.1806640625,BASELINE_AGGREGATE,without_mapper,subsample_20000,20000,8.915325818636052,134492
142,32,192,282,1.3193711638450623,100.28515625,1.1311713606119156,112.3994140625,111.1806640625,BASELINE_AGGREGATE,without_mapper,subsample_20000,20000,8.915325818636052,134492
143,32,159,257,1.3162363320589066,100.4765625,1.126907765865326,112.3994140625,111.1806640625,BASELINE_AGGREGATE,without_mapper,subsample_20000,20000,8.915325818636052,134492
144,32,231,301,1.3131033629179,100.66796875,1.1370964348316193,112.3994140625,111.1806640625,BASELINE_AGGREGATE,without_mapper,subsample_20000,20000,8.915325818636052,134492
145,32,186,288,1.3212189078330994,100.859375,1.1328067630529404,112.3994140625,111.1806640625,BASELINE_AGGREGATE,without_mapper,subsample_20000,20000,8.915325818636052,134492
146,32,208,281,1.3173390179872513,101.05078125,1.1351704597473145,112.3994140625,111.1806640625,BASELINE_AGGREGATE,without_mapper,subsample_20000,20000,8.915325818636052,134492
147,32,165,255,1.299843192100525,101.2421875,1.1286884546279907,112.3994140625,111.1806640625,BASELINE_AGGREGATE,without_mapper,subsample_20000,20000,8.915325818636052,134492
148,32,157,258,1.3132523745298386,101.43359375,1.1455528438091278,112.3994140625,111.1806640625,BASELINE_AGGREGATE,without_mapper,subsample_20000,20000,8.915325818636052,134492
149,32,203,279,1.3204440474510193,101.625,1.139674335718155,112.3994140625,111.1806640625,BASELINE_AGGREGATE,without_mapper,subsample_20000,20000,8.915325818636052,134492
150,32,156,266,1.6052648425102234,101.81640625,1.134868711233139,112.3994140625,111.1806640625,BASELINE_AGGREGATE,without_mapper,subsample_20000,20000,8.915325818636052,134492
151,32,228,289,1.3259164988994598,102.0078125,1.1286046355962753,112.3994140625,111.1806640625,BASELINE_AGGREGATE,without_mapper,subsample_20000,20000,8.915325818636052,134492
152,32,243,305,1.3741105794906616,102.19921875,1.141473650932312,112.3994140625,111.1806640625,BASELINE_AGGREGATE,without_mapper,subsample_20000,20000,8.915325818636052,134492
153,32,203,308,1.296134665608406,102.390625,1.1277254670858383,112.3994140625,111.1806640625,BASELINE_AGGREGATE,without_mapper,subsample_20000,20000,8.915325818636052,134492
154,32,210,282,1.3264399021863937,102.58203125,1.21968612074852,112.3994140625,111.1806640625,BASELINE_AGGREGATE,without_mapper,subsample_20000,20000,8.915325818636052,134492
155,32,286,314,1.3245567679405212,102.7734375,1.1474359780550003,112.3994140625,111.1806640625,BASELINE_AGGREGATE,without_mapper,subsample_20000,20000,8.915325818636052,134492
156,32,192,269,1.3324078172445297,102.96484375,1.1251512914896011,112.3994140625,111.1806640625,BASELINE_AGGREGATE,without_mapper,subsample_20000,20000,8.915325818636052,134492
157,32,201,282,1.3178549706935883,103.15625,1.1227205395698547,112.3994140625,111.1806640625,BASELINE_AGGREGATE,without_mapper,subsample_20000,20000,8.915325818636052,134492
158,32,231,287,1.3123657554388046,103.34765625,1.2027788907289505,112.3994140625,111.1806640625,BASELINE_AGGREGATE,without_mapper,subsample_20000,20000,8.915325818636052,134492
159,32,234,297,1.3136565685272217,103.5390625,1.1319220066070557,112.3994140625,111.1806640625,BASELINE_AGGREGATE,without_mapper,subsample_20000,20000,8.915325818636052,134492
160,32,205,267,1.613512635231018,103.73046875,1.1257138103246689,112.3994140625,111.1806640625,BASELINE_AGGREGATE,without_mapper,subsample_20000,20000,8.915325818636052,134492
161,32,242,301,1.3208426535129547,103.921875,1.1340361088514328,112.3994140625,111.1806640625,BASELINE_AGGREGATE,without_mapper,subsample_20000,20000,8.915325818636052,134492
162,32,177,266,1.385452225804329,104.11328125,1.1256784200668335,112.3994140625,111.1806640625,BASELINE_AGGREGATE,without_mapper,subsample_20000,20000,8.915325818636052,134492
163,32,195,280,1.3334080576896667,104.3046875,1.150619238615036,112.3994140625,111.1806640625,BASELINE_AGGREGATE,without_mapper,subsample_20000,20000,8.915325818636052,134492
164,32,186,261,1.312127336859703,104.49609375,1.1405646800994873,112.3994140625,111.1806640625,BASELINE_AGGREGATE,without_mapper,subsample_20000,20000,8.915325818636052,134492
165,32,262,300,1.3312473893165588,104.6875,1.1214092373847961,112.3994140625,111.1806640625,BASELINE_AGGREGATE,without_mapper,subsample_20000,20000,8.915325818636052,134492
166,32,216,305,1.3439599424600601,104.87890625,1.136038452386856,112.3994140625,111.1806640625,BASELINE_AGGREGATE,without_mapper,subsample_20000,20000,8.915325818636052,134492
167,32,211,286,1.3303346931934357,105.0703125,1.233026385307312,112.3994140625,111.1806640625,BASELINE_AGGREGATE,without_mapper,subsample_20000,20000,8.915325818636052,134492
168,32,233,282,1.3099666684865952,105.26171875,1.1327080428600311,112.3994140625,111.1806640625,BASELINE_AGGREGATE,without_mapper,subsample_20000,20000,8.915325818636052,134492
169,32,208,285,1.302182674407959,105.453125,1.1317506432533264,112.3994140625,111.1806640625,BASELINE_AGGREGATE,without_mapper,subsample_20000,20000,8.915325818636052,134492
170,32,216,291,1.5928726643323898,105.64453125,1.1443980038166046,112.3994140625,111.1806640625,BASELINE_AGGREGATE,without_mapper,subsample_20000,20000,8.915325818636052,134492
171,32,225,299,1.3213232159614563,105.8359375,1.1340826749801636,112.3994140625,111.1806640625,BASELINE_AGGREGATE,without_mapper,subsample_20000,20000,8.915325818636052,134492
172,32,208,291,1.325836405158043,106.02734375,1.2037940323352814,112.3994140625,111.1806640625,BASELINE_AGGREGATE,without_mapper,subsample_20000,20000,8.915325818636052,134492
173,32,214,286,1.3024993240833282,106.21875,1.1262521147727966,112.3994140625,111.1806640625,BASELINE_AGGREGATE,without_mapper,subsample_20000,20000,8.915325818636052,134492
174,32,192,279,1.3162046670913696,106.41015625,1.1213608086109161,112.3994140625,111.1806640625,BASELINE_AGGREGATE,without_mapper,subsample_20000,20000,8.915325818636052,134492
175,32,216,301,1.3644304126501083,106.6015625,1.1236965656280518,112.3994140625,111.1806640625,BASELINE_AGGREGATE,without_mapper,subsample_20000,20000,8.915325818636052,134492
176,32,180,268,1.3142842799425125,106.79296875,1.123851165175438,112.3994140625,111.1806640625,BASELINE_AGGREGATE,without_mapper,subsample_20000,20000,8.915325818636052,134492
177,32,243,323,1.3188831508159637,106.984375,1.1343341320753098,112.3994140625,111.1806640625,BASELINE_AGGREGATE,without_mapper,subsample_20000,20000,8.915325818636052,134492
178,32,197,292,1.309867948293686,107.17578125,1.130448654294014,112.3994140625,111.1806640625,BASELINE_AGGREGATE,without_mapper,subsample_20000,20000,8.915325818636052,134492
179,32,165,256,1.3083834201097488,107.3671875,1.1196192353963852,112.3994140625,111.1806640625,BASELINE_AGGREGATE,without_mapper,subsample_20000,20000,8.915325818636052,134492
180,32,175,262,1.3284441083669662,107.55859375,1.1275839060544968,112.3994140625,111.1806640625,BASELINE_AGGREGATE,without_mapper,subsample_20000,20000,8.915325818636052,134492
181,32,192,282,1.5984568744897842,107.75,1.144086942076683,112.3994140625,111.1806640625,BASELINE_AGGREGATE,without_mapper,subsample_20000,20000,8.915325818636052,134492
182,32,198,289,1.3202372938394547,107.94140625,1.1202823370695114,112.3994140625,111.1806640625,BASELINE_AGGREGATE,without_mapper,subsample_20000,20000,8.915325818636052,134492
183,32,162,271,1.3192277401685715,108.1328125,1.1219494044780731,112.3994140625,111.1806640625,BASELINE_AGGREGATE,without_mapper,subsample_20000,20000,8.915325818636052,134492
184,32,194,270,1.3183243572711945,108.32421875,1.133730635046959,112.3994140625,111.1806640625,BASELINE_AGGREGATE,without_mapper,subsample_20000,20000,8.915325818636052,134492
185,32,176,269,1.3030711561441422,108.515625,1.12091563642025,112.3994140625,111.1806640625,BASELINE_AGGREGATE,without_mapper,subsample_20000,20000,8.915325818636052,134492
186,32,177,267,1.300659030675888,108.70703125,1.1354237794876099,112.3994140625,111.1806640625,BASELINE_AGGREGATE,without_mapper,subsample_20000,20000,8.915325818636052,134492
187,32,143,244,1.3084542006254196,108.8984375,1.1213067919015884,112.3994140625,111.1806640625,BASELINE_AGGREGATE,without_mapper,subsample_20000,20000,8.915325818636052,134492
188,32,205,288,1.3037137687206268,109.08984375,1.1217091232538223,112.3994140625,111.1806640625,BASELINE_AGGREGATE,without_mapper,subsample_20000,20000,8.915325818636052,134492
189,32,193,269,1.3203229755163193,109.28125,1.1339187622070312,112.3994140625,111.1806640625,BASELINE_AGGREGATE,without_mapper,subsample_20000,20000,8.915325818636052,134492
190,32,187,276,1.310771331191063,109.47265625,1.1329669505357742,112.3994140625,111.1806640625,BASELINE_AGGREGATE,without_mapper,subsample_20000,20000,8.915325818636052,134492
191,32,173,270,1.5800688415765762,109.6640625,1.1378172785043716,112.3994140625,111.1806640625,BASELINE_AGGREGATE,without_mapper,subsample_20000,20000,8.915325818636052,134492
192,32,213,287,1.3063400983810425,109.85546875,1.123238354921341,112.3994140625,111.1806640625,BASELINE_AGGREGATE,without_mapper,subsample_20000,20000,8.915325818636052,134492
193,32,174,271,1.2965481728315353,110.046875,1.1161807924509048,112.3994140625,111.1806640625,BASELINE_AGGREGATE,without_mapper,subsample_20000,20000,8.915325818636052,134492
194,32,229,291,1.3919863849878311,110.23828125,1.1500772088766098,112.3994140625,111.1806640625,BASELINE_AGGREGATE,without_mapper,subsample_20000,20000,8.915325818636052,134492
195,32,232,305,1.3028457760810852,110.4296875,1.1219661682844162,112.3994140625,111.1806640625,BASELINE_AGGREGATE,without_mapper,subsample_20000,20000,8.915325818636052,134492
196,32,197,286,1.29595585167408,110.62109375,1.1140480637550354,112.3994140625,111.1806640625,BASELINE_AGGREGATE,without_mapper,subsample_20000,20000,8.915325818636052,134492
197,32,172,251,1.324038952589035,110.8125,1.1149905622005463,112.3994140625,111.1806640625,BASELINE_AGGREGATE,without_mapper,subsample_20000,20000,8.915325818636052,134492
198,32,184,276,1.3101473450660706,111.00390625,1.1288300156593323,112.3994140625,111.1806640625,BASELINE_AGGREGATE,without_mapper,subsample_20000,20000,8.915325818636052,134492
199,32,240,300,1.3140887022018433,111.1953125,1.1340957134962082,112.3994140625,111.1806640625,BASELINE_AGGREGATE,without_mapper,subsample_20000,20000,8.915325818636052,134492
0,32,218,284,3.130445256829262,113.4296875,1.9381474703550339,154.41943359375,153.19970703125,INDIVIDUAL_ANNOTATOR,with_mapper,subsample_20000,20000,8.915325818636052,134492
1,32,243,317,3.481198102235794,113.63037109375,1.9236281514167786,154.41845703125,153.19970703125,INDIVIDUAL_ANNOTATOR,with_mapper,subsample_20000,20000,8.915325818636052,134492
2,32,195,283,3.132155165076256,113.8310546875,1.9433684647083282,154.41845703125,153.19873046875,INDIVIDUAL_ANNOTATOR,with_mapper,subsample_20000,20000,8.915325818636052,134492
3,32,207,292,2.9901284724473953,114.03076171875,1.9180458039045334,154.41748046875,153.20068359375,INDIVIDUAL_ANNOTATOR,with_mapper,subsample_20000,20000,8.915325818636052,134492
4,32,154,247,2.9332712292671204,114.232421875,1.9246339797973633,154.41796875,153.1943359375,INDIVIDUAL_ANNOTATOR,with_mapper,subsample_20000,20000,8.915325818636052,134492
5,32,222,286,2.9745977371931076,114.4287109375,1.9364356994628906,154.41455078125,153.19775390625,INDIVIDUAL_ANNOTATOR,with_mapper,subsample_20000,20000,8.915325818636052,134492
6,32,161,258,2.9251594096422195,114.62744140625,1.9247494637966156,154.41552734375,153.19580078125,INDIVIDUAL_ANNOTATOR,with_mapper,subsample_20000,20000,8.915325818636052,134492
7,32,194,252,2.9582642018795013,114.8251953125,1.919059082865715,154.4140625,153.1953125,INDIVIDUAL_ANNOTATOR,with_mapper,subsample_20000,20000,8.915325818636052,134492
8,32,268,336,3.055540844798088,115.0224609375,1.9296519458293915,154.4169921875,153.203125,INDIVIDUAL_ANNOTATOR,with_mapper,subsample_20000,20000,8.915325818636052,134492
9,32,205,295,2.99263559281826,115.2255859375,1.9357278943061829,154.42041015625,153.19970703125,INDIVIDUAL_ANNOTATOR,with_mapper,subsample_20000,20000,8.915325818636052,134492
10,32,184,238,2.9600169509649277,115.42626953125,1.9379090517759323,154.4169921875,153.1943359375,INDIVIDUAL_ANNOTATOR,with_mapper,subsample_20000,20000,8.915325818636052,134492
11,32,199,289,2.9746834188699722,115.62255859375,1.9275490194559097,154.41455078125,153.19873046875,INDIVIDUAL_ANNOTATOR,with_mapper,subsample_20000,20000,8.915325818636052,134492
12,32,184,266,3.2718628644943237,115.822265625,1.9338149577379227,154.41748046875,153.19775390625,INDIVIDUAL_ANNOTATOR,with_mapper,subsample_20000,20000,8.915325818636052,134492
13,32,182,256,2.948140725493431,116.02099609375,2.057984471321106,154.4150390625,153.1943359375,INDIVIDUAL_ANNOTATOR,with_mapper,subsample_20000,20000,8.915325818636052,134492
14,32,232,307,3.005160018801689,116.21728515625,1.94634310901165,154.41455078125,153.19970703125,INDIVIDUAL_ANNOTATOR,with_mapper,subsample_20000,20000,8.915325818636052,134492
15,32,255,309,3.028362989425659,116.41796875,1.9296333193778992,154.41845703125,153.19970703125,INDIVIDUAL_ANNOTATOR,with_mapper,subsample_20000,20000,8.915325818636052,134492
16,32,194,270,2.962343394756317,116.61865234375,1.9289106130599976,154.41845703125,153.19775390625,INDIVIDUAL_ANNOTATOR,with_mapper,subsample_20000,20000,8.915325818636052,134492
17,32,218,289,3.0008722096681595,116.8173828125,1.9321739673614502,154.41650390625,153.19970703125,INDIVIDUAL_ANNOTATOR,with_mapper,subsample_20000,20000,8.915325818636052,134492
18,32,187,269,2.9535293579101562,117.01806640625,1.9536949694156647,154.41845703125,153.19775390625,INDIVIDUAL_ANNOTATOR,with_mapper,subsample_20000,20000,8.915325818636052,134492
19,32,159,261,2.9368437826633453,117.216796875,1.9245464354753494,154.41650390625,153.19775390625,INDIVIDUAL_ANNOTATOR,with_mapper,subsample_20000,20000,8.915325818636052,134492
20,32,250,318,3.008047118782997,117.41552734375,1.9239317625761032,154.41748046875,153.20263671875,INDIVIDUAL_ANNOTATOR,with_mapper,subsample_20000,20000,8.915325818636052,134492
21,32,262,324,3.125760704278946,117.6181640625,1.9336435943841934,154.4208984375,153.2001953125,INDIVIDUAL_ANNOTATOR,with_mapper,subsample_20000,20000,8.915325818636052,134492
22,32,230,286,3.23442742228508,117.8193359375,1.9363034516572952,154.41845703125,153.20068359375,INDIVIDUAL_ANNOTATOR,with_mapper,subsample_20000,20000,8.915325818636052,134492
23,32,190,282,2.954728901386261,118.02099609375,1.9231270998716354,154.42041015625,153.20263671875,INDIVIDUAL_ANNOTATOR,with_mapper,subsample_20000,20000,8.915325818636052,134492
24,32,194,291,2.9957015067338943,118.2236328125,1.9219201058149338,154.42041015625,153.19970703125,INDIVIDUAL_ANNOTATOR,with_mapper,subsample_20000,20000,8.915325818636052,134492
25,32,180,266,2.9821712523698807,118.42431640625,1.9248835742473602,154.41845703125,153.19775390625,INDIVIDUAL_ANNOTATOR,with_mapper,subsample_20000,20000,8.915325818636052,134492
26,32,245,317,3.0485764145851135,118.623046875,1.9206572324037552,154.41650390625,153.20068359375,INDIVIDUAL_ANNOTATOR,with_mapper,subsample_20000,20000,8.915325818636052,134492
27,32,180,267,2.9704999178647995,118.82470703125,1.9225850701332092,154.41943359375,153.19775390625,INDIVIDUAL_ANNOTATOR,with_mapper,subsample_20000,20000,8.915325818636052,134492
28,32,193,283,2.989642322063446,119.0234375,1.9350294023752213,154.41650390625,153.20068359375,INDIVIDUAL_ANNOTATOR,with_mapper,subsample_20000,20000,8.915325818636052,134492
29,32,213,307,3.009893000125885,119.22509765625,1.9339043647050858,154.41943359375,153.19970703125,INDIVIDUAL_ANNOTATOR,with_mapper,subsample_20000,20000,8.915325818636052,134492
30,32,203,272,2.9861051589250565,119.42578125,1.9398890435695648,154.41845703125,153.19775390625,INDIVIDUAL_ANNOTATOR,with_mapper,subsample_20000,20000,8.915325818636052,134492
31,32,242,297,3.0045676976442337,119.62451171875,1.9426234066486359,154.41650390625,153.19873046875,INDIVIDUAL_ANNOTATOR,with_mapper,subsample_20000,20000,8.915325818636052,134492
32,32,156,273,3.1955335289239883,119.82421875,1.9667819142341614,154.41748046875,153.19775390625,INDIVIDUAL_ANNOTATOR,with_mapper,subsample_20000,20000,8.915325818636052,134492
33,32,192,269,2.9589198529720306,120.02294921875,1.9331108778715134,154.41552734375,153.19580078125,INDIVIDUAL_ANNOTATOR,with_mapper,subsample_20000,20000,8.915325818636052,134492
34,32,241,304,2.9951054602861404,120.220703125,1.9507482647895813,154.41552734375,153.20068359375,INDIVIDUAL_ANNOTATOR,with_mapper,subsample_20000,20000,8.915325818636052,134492
35,32,175,278,2.9518157243728638,120.42236328125,1.9583366811275482,154.41943359375,153.19970703125,INDIVIDUAL_ANNOTATOR,with_mapper,subsample_20000,20000,8.915325818636052,134492
36,32,243,301,2.991536632180214,120.623046875,1.9123367965221405,154.41845703125,153.20068359375,INDIVIDUAL_ANNOTATOR,with_mapper,subsample_20000,20000,8.915325818636052,134492
37,32,159,254,2.923322841525078,120.82470703125,1.9094087183475494,154.4189453125,153.197265625,INDIVIDUAL_ANNOTATOR,with_mapper,subsample_20000,20000,8.915325818636052,134492
38,32,171,277,2.9459521174430847,121.02294921875,1.9302759319543839,154.41650390625,153.20068359375,INDIVIDUAL_ANNOTATOR,with_mapper,subsample_20000,20000,8.915325818636052,134492
39,32,196,262,3.2351594418287277,121.224609375,1.9371677190065384,154.41943359375,153.19775390625,INDIVIDUAL_ANNOTATOR,with_mapper,subsample_20000,20000,8.915325818636052,134492
40,32,207,278,2.9888246208429337,121.42333984375,1.9227433949708939,154.41650390625,153.20068359375,INDIVIDUAL_ANNOTATOR,with_mapper,subsample_20000,20000,8.915325818636052,134492
41,32,185,270,2.9463917016983032,121.625,1.9264798611402512,154.41845703125,153.19580078125,INDIVIDUAL_ANNOTATOR,with_mapper,subsample_20000,20000,8.915325818636052,134492
42,32,201,269,3.2126661390066147,121.82275390625,1.9346997141838074,154.41552734375,153.19873046875,INDIVIDUAL_ANNOTATOR,with_mapper,subsample_20000,20000,8.915325818636052,134492
43,32,155,253,2.915631979703903,122.0224609375,1.9921772181987762,154.416015625,153.1953125,INDIVIDUAL_ANNOTATOR,with_mapper,subsample_20000,20000,8.915325818636052,134492
44,32,223,282,3.142472356557846,122.2197265625,1.932559534907341,154.41552734375,153.19873046875,INDIVIDUAL_ANNOTATOR,with_mapper,subsample_20000,20000,8.915325818636052,134492
45,32,206,273,2.957388758659363,122.41943359375,1.9557364284992218,154.41748046875,153.19873046875,INDIVIDUAL_ANNOTATOR,with_mapper,subsample_20000,20000,8.915325818636052,134492
46,32,226,277,2.942034974694252,122.619140625,1.932624727487564,154.41748046875,153.19873046875,INDIVIDUAL_ANNOTATOR,with_mapper,subsample_20000,20000,8.915325818636052,134492
47,32,204,294,2.9645804315805435,122.81884765625,1.9332952797412872,154.41748046875,153.20068359375,INDIVIDUAL_ANNOTATOR,with_mapper,subsample_20000,20000,8.915325818636052,134492
48,32,214,299,2.986729145050049,123.0205078125,1.9295886158943176,154.41943359375,153.20068359375,INDIVIDUAL_ANNOTATOR,with_mapper,subsample_20000,20000,8.915325818636052,134492
49,32,249,298,3.0492469668388367,123.22216796875,1.922735944390297,154.41943359375,153.19873046875,INDIVIDUAL_ANNOTATOR,with_mapper,subsample_20000,20000,8.915325818636052,134492
50,32,172,275,2.9326435178518295,123.421875,1.9352138042449951,154.41748046875,153.19970703125,INDIVIDUAL_ANNOTATOR,with_mapper,subsample_20000,20000,8.915325818636052,134492
51,32,162,251,2.9206816107034683,123.62255859375,1.927252858877182,154.4169921875,153.1943359375,INDIVIDUAL_ANNOTATOR,with_mapper,subsample_20000,20000,8.915325818636052,134492
52,32,186,298,3.2054558396339417,123.81884765625,1.9174851477146149,154.41455078125,153.19970703125,INDIVIDUAL_ANNOTATOR,with_mapper,subsample_20000,20000,8.915325818636052,134492
53,32,227,313,2.98464298248291,124.01953125,1.940591260790825,154.41845703125,153.19873046875,INDIVIDUAL_ANNOTATOR,with_mapper,subsample_20000,20000,8.915325818636052,134492
54,32,203,276,2.9339250177145004,124.21923828125,1.9388273358345032,154.41650390625,153.19580078125,INDIVIDUAL_ANNOTATOR,with_mapper,subsample_20000,20000,8.915325818636052,134492
55,32,238,292,2.97359935939312,124.4169921875,2.045556902885437,154.41552734375,153.19970703125,INDIVIDUAL_ANNOTATOR,with_mapper,subsample_20000,20000,8.915325818636052,134492
56,32,273,327,3.0326787382364273,124.61767578125,1.9392948597669601,154.4189453125,153.201171875,INDIVIDUAL_ANNOTATOR,with_mapper,subsample_20000,20000,8.915325818636052,134492
57,32,232,283,2.9622316360473633,124.81982421875,1.9161086529493332,154.41943359375,153.19775390625,INDIVIDUAL_ANNOTATOR,with_mapper,subsample_20000,20000,8.915325818636052,134492
58,32,165,250,2.8956905007362366,125.0185546875,1.9461363554000854,154.4150390625,153.1943359375,INDIVIDUAL_ANNOTATOR,with_mapper,subsample_20000,20000,8.915325818636052,134492
59,32,189,266,3.0190609395504,125.21484375,1.9289050251245499,154.41357421875,153.19580078125,INDIVIDUAL_ANNOTATOR,with_mapper,subsample_20000,20000,8.915325818636052,134492
60,32,224,313,2.9757916927337646,125.41259765625,1.9448716193437576,154.41552734375,153.20068359375,INDIVIDUAL_ANNOTATOR,with_mapper,subsample_20000,20000,8.915325818636052,134492
61,32,169,282,2.942267805337906,125.6142578125,1.9874293357133865,154.41943359375,153.19775390625,INDIVIDUAL_ANNOTATOR,with_mapper,subsample_20000,20000,8.915325818636052,134492
62,32,234,311,3.2161660492420197,125.81298828125,1.9447673112154007,154.41748046875,153.20263671875,INDIVIDUAL_ANNOTATOR,with_mapper,subsample_20000,20000,8.915325818636052,134492
63,32,160,262,2.9330309480428696,126.015625,1.9327551126480103,154.41943359375,153.19482421875,INDIVIDUAL_ANNOTATOR,with_mapper,subsample_20000,20000,8.915325818636052,134492
64,32,238,289,2.9688887298107147,126.21240234375,1.933656632900238,154.41455078125,153.19970703125,INDIVIDUAL_ANNOTATOR,with_mapper,subsample_20000,20000,8.915325818636052,134492
65,32,203,259,3.0604302883148193,126.4130859375,2.037445083260536,154.41845703125,153.19775390625,INDIVIDUAL_ANNOTATOR,with_mapper,subsample_20000,20000,8.915325818636052,134492
66,32,230,290,2.9769260436296463,126.61181640625,1.9343290477991104,154.41650390625,153.19775390625,INDIVIDUAL_ANNOTATOR,with_mapper,subsample_20000,20000,8.915325818636052,134492
67,32,215,289,2.9691867530345917,126.810546875,1.9251611083745956,154.41650390625,153.19775390625,INDIVIDUAL_ANNOTATOR,with_mapper,subsample_20000,20000,8.915325818636052,134492
68,32,268,315,2.9850974678993225,127.00927734375,1.9305851310491562,154.41650390625,153.19873046875,INDIVIDUAL_ANNOTATOR,with_mapper,subsample_20000,20000,8.915325818636052,134492
69,32,187,263,2.918688580393791,127.208984375,1.9194185733795166,154.41748046875,153.19775390625,INDIVIDUAL_ANNOTATOR,with_mapper,subsample_20000,20000,8.915325818636052,134492
70,32,264,332,2.9935073107481003,127.40771484375,1.9328799098730087,154.4169921875,153.2001953125,INDIVIDUAL_ANNOTATOR,with_mapper,subsample_20000,20000,8.915325818636052,134492
71,32,195,269,2.9225684702396393,127.60888671875,2.0131971687078476,154.41845703125,153.19775390625,INDIVIDUAL_ANNOTATOR,with_mapper,subsample_20000,20000,8.915325818636052,134492
72,32,214,308,3.2575931400060654,127.8076171875,1.9485056400299072,154.41650390625,153.19873046875,INDIVIDUAL_ANNOTATOR,with_mapper,subsample_20000,20000,8.915325818636052,134492
73,32,303,359,3.0568428337574005,128.00732421875,1.943463459610939,154.41796875,153.19921875,INDIVIDUAL_ANNOTATOR,with_mapper,subsample_20000,20000,8.915325818636052,134492
74,32,228,265,2.942487597465515,128.20751953125,1.9395165145397186,154.41748046875,153.19775390625,INDIVIDUAL_ANNOTATOR,with_mapper,subsample_20000,20000,8.915325818636052,134492
75,32,249,318,2.977246418595314,128.40625,1.9260160624980927,154.41748046875,153.20263671875,INDIVIDUAL_ANNOTATOR,with_mapper,subsample_20000,20000,8.915325818636052,134492
76,32,182,295,2.947557717561722,128.60888671875,1.9524488598108292,154.42041015625,153.19873046875,INDIVIDUAL_ANNOTATOR,with_mapper,subsample_20000,20000,8.915325818636052,134492
77,32,228,320,2.985583618283272,128.80859375,1.924704760313034,154.41748046875,153.20068359375,INDIVIDUAL_ANNOTATOR,with_mapper,subsample_20000,20000,8.915325818636052,134492
78,32,220,292,2.958802506327629,129.01025390625,1.914888620376587,154.41943359375,153.20068359375,INDIVIDUAL_ANNOTATOR,with_mapper,subsample_20000,20000,8.915325818636052,134492
79,32,231,296,2.978026866912842,129.2119140625,1.9278470426797867,154.41943359375,153.19970703125,INDIVIDUAL_ANNOTATOR,with_mapper,subsample_20000,20000,8.915325818636052,134492
80,32,223,273,2.956381067633629,129.41259765625,1.9386820495128632,154.41845703125,153.19970703125,INDIVIDUAL_ANNOTATOR,with_mapper,subsample_20000,20000,8.915325818636052,134492
81,32,172,254,2.93765589594841,129.61328125,1.9324813038110733,154.4169921875,153.1943359375,INDIVIDUAL_ANNOTATOR,with_mapper,subsample_20000,20000,8.915325818636052,134492
82,32,243,292,3.222975879907608,129.8095703125,1.9163191318511963,154.41455078125,153.19873046875,INDIVIDUAL_ANNOTATOR,with_mapper,subsample_20000,20000,8.915325818636052,134492
83,32,214,305,2.9680877923965454,130.00927734375,1.948036253452301,154.41845703125,153.20361328125,INDIVIDUAL_ANNOTATOR,with_mapper,subsample_20000,20000,8.915325818636052,134492
84,32,255,300,2.9701702296733856,130.212890625,1.9661933183670044,154.42138671875,153.19873046875,INDIVIDUAL_ANNOTATOR,with_mapper,subsample_20000,20000,8.915325818636052,134492
85,32,232,319,2.990482375025749,130.41259765625,1.923583447933197,154.41748046875,153.20068359375,INDIVIDUAL_ANNOTATOR,with_mapper,subsample_20000,20000,8.915325818636052,134492
86,32,146,254,2.89047509431839,130.6142578125,1.9263196736574173,154.41796875,153.1943359375,INDIVIDUAL_ANNOTATOR,with_mapper,subsample_20000,20000,8.915325818636052,134492
87,32,203,271,2.934623509645462,130.810546875,1.9448455423116684,154.41357421875,153.19580078125,INDIVIDUAL_ANNOTATOR,with_mapper,subsample_20000,20000,8.915325818636052,134492
88,32,180,265,3.1091105192899704,131.00830078125,1.9330233335494995,154.41552734375,153.19775390625,INDIVIDUAL_ANNOTATOR,with_mapper,subsample_20000,20000,8.915325818636052,134492
89,32,182,296,2.9341448098421097,131.20703125,1.9509494304656982,154.41650390625,153.19970703125,INDIVIDUAL_ANNOTATOR,with_mapper,subsample_20000,20000,8.915325818636052,134492
90,32,278,344,3.0096638947725296,131.40771484375,1.9387435168027878,154.4189453125,153.201171875,INDIVIDUAL_ANNOTATOR,with_mapper,subsample_20000,20000,8.915325818636052,134492
91,32,204,283,2.925405278801918,131.60986328125,2.0249560475349426,154.41943359375,153.19970703125,INDIVIDUAL_ANNOTATOR,with_mapper,subsample_20000,20000,8.915325818636052,134492
92,32,178,259,3.1840670853853226,131.810546875,2.0141564309597015,154.41748046875,153.19482421875,INDIVIDUAL_ANNOTATOR,with_mapper,subsample_20000,20000,8.915325818636052,134492
93,32,215,294,2.942504361271858,132.00732421875,2.0090173929929733,154.41455078125,153.19970703125,INDIVIDUAL_ANNOTATOR,with_mapper,subsample_20000,20000,8.915325818636052,134492
94,32,212,296,2.9521044343709946,132.2080078125,2.0001325756311417,154.41845703125,153.20068359375,INDIVIDUAL_ANNOTATOR,with_mapper,subsample_20000,20000,8.915325818636052,134492
95,32,175,264,2.912282943725586,132.40966796875,2.007443457841873,154.41845703125,153.19482421875,INDIVIDUAL_ANNOTATOR,with_mapper,subsample_20000,20000,8.915325818636052,134492
96,32,163,270,2.905203029513359,132.6064453125,1.918921247124672,154.41455078125,153.19775390625,INDIVIDUAL_ANNOTATOR,with_mapper,subsample_20000,20000,8.915325818636052,134492
97,32,173,271,3.0671488493680954,132.80517578125,1.9956864416599274,154.41650390625,153.19775390625,INDIVIDUAL_ANNOTATOR,with_mapper,subsample_20000,20000,8.915325818636052,134492
98,32,214,295,2.9798373579978943,133.00390625,1.9319318234920502,154.41650390625,153.19970703125,INDIVIDUAL_ANNOTATOR,with_mapper,subsample_20000,20000,8.915325818636052,134492
99,32,204,281,2.9414407908916473,133.20458984375,1.9354615360498428,154.41845703125,153.19775390625,INDIVIDUAL_ANNOTATOR,with_mapper,subsample_20000,20000,8.915325818636052,134492
100,32,294,344,3.044256940484047,133.4033203125,1.9300803542137146,154.4169921875,153.201171875,INDIVIDUAL_ANNOTATOR,with_mapper,subsample_20000,20000,8.915325818636052,134492
101,32,152,281,2.912849187850952,133.60546875,1.9212663173675537,154.41943359375,153.19873046875,INDIVIDUAL_ANNOTATOR,with_mapper,subsample_20000,20000,8.915325818636052,134492
102,32,163,270,3.185039386153221,133.80517578125,1.9198320806026459,154.41748046875,153.19970703125,INDIVIDUAL_ANNOTATOR,with_mapper,subsample_20000,20000,8.915325818636052,134492
103,32,157,257,2.8767623007297516,134.005859375,1.935003325343132,154.41845703125,153.19775390625,INDIVIDUAL_ANNOTATOR,with_mapper,subsample_20000,20000,8.915325818636052,134492
104,32,223,290,2.910180017352104,134.20458984375,1.9322242587804794,154.41650390625,153.20068359375,INDIVIDUAL_ANNOTATOR,with_mapper,subsample_20000,20000,8.915325818636052,134492
105,32,152,265,2.9016807675361633,134.40625,1.9502639770507812,154.41845703125,153.19482421875,INDIVIDUAL_ANNOTATOR,with_mapper,subsample_20000,20000,8.915325818636052,134492
106,32,225,302,2.9485970735549927,134.60302734375,1.9510667771100998,154.41455078125,153.19873046875,INDIVIDUAL_ANNOTATOR,with_mapper,subsample_20000,20000,8.915325818636052,134492
107,32,170,270,2.914104610681534,134.802734375,1.9324775785207748,154.41748046875,153.19970703125,INDIVIDUAL_ANNOTATOR,with_mapper,subsample_20000,20000,8.915325818636052,134492
108,32,165,256,2.8926897794008255,135.00341796875,1.9483957439661026,154.4169921875,153.1953125,INDIVIDUAL_ANNOTATOR,with_mapper,subsample_20000,20000,8.915325818636052,134492
109,32,197,266,2.9411185532808304,135.20068359375,1.909833401441574,154.41552734375,153.19775390625,INDIVIDUAL_ANNOTATOR,with_mapper,subsample_20000,20000,8.915325818636052,134492
110,32,213,280,2.9484890401363373,135.3994140625,1.9447524100542068,154.41650390625,153.19873046875,INDIVIDUAL_ANNOTATOR,with_mapper,subsample_20000,20000,8.915325818636052,134492
111,32,243,311,2.951784059405327,135.59912109375,1.9290409982204437,154.41748046875,153.20068359375,INDIVIDUAL_ANNOTATOR,with_mapper,subsample_20000,20000,8.915325818636052,134492
112,32,270,329,3.2924171537160873,135.80078125,1.941479742527008,154.419921875,153.201171875,INDIVIDUAL_ANNOTATOR,with_mapper,subsample_20000,20000,8.915325818636052,134492
113,32,250,295,3.018975257873535,136.0029296875,1.9398406147956848,154.41943359375,153.19775390625,INDIVIDUAL_ANNOTATOR,with_mapper,subsample_20000,20000,8.915325818636052,134492
114,32,197,260,2.9289405792951584,136.20166015625,2.1570418030023575,154.41650390625,153.19775390625,INDIVIDUAL_ANNOTATOR,with_mapper,subsample_20000,20000,8.915325818636052,134492
115,32,190,272,2.902105450630188,136.400390625,1.9577126950025558,154.41650390625,153.19970703125,INDIVIDUAL_ANNOTATOR,with_mapper,subsample_20000,20000,8.915325818636052,134492
116,32,202,274,2.906257286667824,136.60107421875,1.9754525274038315,154.41845703125,153.20068359375,INDIVIDUAL_ANNOTATOR,with_mapper,subsample_20000,20000,8.915325818636052,134492
117,32,157,267,2.896757796406746,136.802734375,1.9535087049007416,154.41943359375,153.19775390625,INDIVIDUAL_ANNOTATOR,with_mapper,subsample_20000,20000,8.915325818636052,134492
118,32,211,261,2.925308421254158,137.00146484375,1.970149576663971,154.41650390625,153.19775390625,INDIVIDUAL_ANNOTATOR,with_mapper,subsample_20000,20000,8.915325818636052,134492
119,32,218,289,2.96180322766304,137.2001953125,1.9532088190317154,154.41650390625,153.19873046875,INDIVIDUAL_ANNOTATOR,with_mapper,subsample_20000,20000,8.915325818636052,134492
120,32,164,250,3.075927495956421,137.39990234375,1.9555632025003433,154.416015625,153.1953125,INDIVIDUAL_ANNOTATOR,with_mapper,subsample_20000,20000,8.915325818636052,134492
121,32,222,302,2.969440072774887,137.59716796875,1.9489731639623642,154.41552734375,153.20068359375,INDIVIDUAL_ANNOTATOR,with_mapper,subsample_20000,20000,8.915325818636052,134492
122,32,207,280,3.1965672969818115,137.798828125,1.9424837082624435,154.41943359375,153.19970703125,INDIVIDUAL_ANNOTATOR,with_mapper,subsample_20000,20000,8.915325818636052,134492
123,32,235,333,2.990882843732834,137.99951171875,1.9501373171806335,154.4189453125,153.201171875,INDIVIDUAL_ANNOTATOR,with_mapper,subsample_20000,20000,8.915325818636052,134492
124,32,230,304,2.9766745865345,138.20166015625,1.9215364009141922,154.41943359375,153.19873046875,INDIVIDUAL_ANNOTATOR,with_mapper,subsample_20000,20000,8.915325818636052,134492
125,32,152,259,2.897476777434349,138.4013671875,1.9309502094984055,154.41650390625,153.19580078125,INDIVIDUAL_ANNOTATOR,with_mapper,subsample_20000,20000,8.915325818636052,134492
126,32,218,273,2.9425639659166336,138.59912109375,1.947995275259018,154.41552734375,153.19775390625,INDIVIDUAL_ANNOTATOR,with_mapper,subsample_20000,20000,8.915325818636052,134492
127,32,214,281,2.9570478945970535,138.7978515625,1.9464287906885147,154.41650390625,153.20068359375,INDIVIDUAL_ANNOTATOR,with_mapper,subsample_20000,20000,8.915325818636052,134492
128,32,236,299,2.9629673808813095,138.99951171875,1.9427947700023651,154.41943359375,153.19970703125,INDIVIDUAL_ANNOTATOR,with_mapper,subsample_20000,20000,8.915325818636052,134492
129,32,247,321,3.0030235648155212,139.2001953125,2.1434370428323746,154.4189453125,153.201171875,INDIVIDUAL_ANNOTATOR,with_mapper,subsample_20000,20000,8.915325818636052,134492
130,32,246,303,2.957163378596306,139.40234375,1.96797214448452,154.41943359375,153.20068359375,INDIVIDUAL_ANNOTATOR,with_mapper,subsample_20000,20000,8.915325818636052,134492
131,32,223,301,2.9667168855667114,139.60400390625,1.958763226866722,154.42041015625,153.20263671875,INDIVIDUAL_ANNOTATOR,with_mapper,subsample_20000,20000,8.915325818636052,134492
132,32,253,333,3.2518990337848663,139.806640625,1.917961984872818,154.421875,153.2041015625,INDIVIDUAL_ANNOTATOR,with_mapper,subsample_20000,20000,8.915325818636052,134492
133,32,189,282,2.939017489552498,140.0107421875,1.9522830843925476,154.42138671875,153.19970703125,INDIVIDUAL_ANNOTATOR,with_mapper,subsample_20000,20000,8.915325818636052,134492
134,32,248,278,2.9496531933546066,140.21142578125,1.9223671406507492,154.41845703125,153.19970703125,INDIVIDUAL_ANNOTATOR,with_mapper,subsample_20000,20000,8.915325818636052,134492
135,32,245,317,2.976568415760994,140.412109375,1.9521117210388184,154.41845703125,153.19970703125,INDIVIDUAL_ANNOTATOR,with_mapper,subsample_20000,20000,8.915325818636052,134492
136,32,185,273,2.904510125517845,140.61279296875,1.9243955612182617,154.41845703125,153.20068359375,INDIVIDUAL_ANNOTATOR,with_mapper,subsample_20000,20000,8.915325818636052,134492
137,32,258,321,3.056040033698082,140.814453125,1.9512120634317398,154.419921875,153.201171875,INDIVIDUAL_ANNOTATOR,with_mapper,subsample_20000,20000,8.915325818636052,134492
138,32,242,311,2.981269732117653,141.0166015625,1.9425228238105774,154.41943359375,153.19873046875,INDIVIDUAL_ANNOTATOR,with_mapper,subsample_20000,20000,8.915325818636052,134492
139,32,221,319,2.9752999544143677,141.21630859375,1.9317157566547394,154.41748046875,153.19873046875,INDIVIDUAL_ANNOTATOR,with_mapper,subsample_20000,20000,8.915325818636052,134492
140,32,172,248,2.9075276106595993,141.416015625,1.9117817282676697,154.416015625,153.1943359375,INDIVIDUAL_ANNOTATOR,with_mapper,subsample_20000,20000,8.915325818636052,134492
141,32,231,296,2.9624421149492264,141.6123046875,1.9522029906511307,154.41455078125,153.19873046875,INDIVIDUAL_ANNOTATOR,with_mapper,subsample_20000,20000,8.915325818636052,134492
142,32,192,282,3.1973272562026978,141.81201171875,1.94459967315197,154.41748046875,153.20068359375,INDIVIDUAL_ANNOTATOR,with_mapper,subsample_20000,20000,8.915325818636052,134492
143,32,159,257,2.89854034781456,142.013671875,1.947423443198204,154.41845703125,153.19482421875,INDIVIDUAL_ANNOTATOR,with_mapper,subsample_20000,20000,8.915325818636052,134492
144,32,231,301,2.9513202607631683,142.21044921875,1.9395481795072556,154.41455078125,153.20068359375,INDIVIDUAL_ANNOTATOR,with_mapper,subsample_20000,20000,8.915325818636052,134492
145,32,186,288,2.942841500043869,142.412109375,1.9532591104507446,154.41943359375,153.19970703125,INDIVIDUAL_ANNOTATOR,with_mapper,subsample_20000,20000,8.915325818636052,134492
146,32,208,281,2.9114577919244766,142.61279296875,1.9668452441692352,154.41845703125,153.19775390625,INDIVIDUAL_ANNOTATOR,with_mapper,subsample_20000,20000,8.915325818636052,134492
147,32,165,255,2.8955619782209396,142.8115234375,1.9199233502149582,154.416015625,153.197265625,INDIVIDUAL_ANNOTATOR,with_mapper,subsample_20000,20000,8.915325818636052,134492
148,32,157,258,2.896040678024292,143.009765625,1.935325562953949,154.41650390625,153.19775390625,INDIVIDUAL_ANNOTATOR,with_mapper,subsample_20000,20000,8.915325818636052,134492
149,32,203,279,2.9293950647115707,143.20849609375,1.939019188284874,154.41650390625,153.19873046875,INDIVIDUAL_ANNOTATOR,with_mapper,subsample_20000,20000,8.915325818636052,134492
150,32,156,266,2.8887279331684113,143.408203125,1.9348710775375366,154.41748046875,153.19775390625,INDIVIDUAL_ANNOTATOR,with_mapper,subsample_20000,20000,8.915325818636052,134492
151,32,228,289,2.949438989162445,143.60693359375,1.9481237977743149,154.41650390625,153.19873046875,INDIVIDUAL_ANNOTATOR,with_mapper,subsample_20000,20000,8.915325818636052,134492
152,32,243,305,3.2267868518829346,143.806640625,1.9269604235887527,154.41748046875,153.19970703125,INDIVIDUAL_ANNOTATOR,with_mapper,subsample_20000,20000,8.915325818636052,134492
153,32,203,308,2.936197444796562,144.00732421875,1.9145365804433823,154.41845703125,153.20068359375,INDIVIDUAL_ANNOTATOR,with_mapper,subsample_20000,20000,8.915325818636052,134492
154,32,210,282,2.9451344162225723,144.208984375,1.9377712160348892,154.41943359375,153.20068359375,INDIVIDUAL_ANNOTATOR,with_mapper,subsample_20000,20000,8.915325818636052,134492
155,32,286,314,3.011820837855339,144.41064453125,1.9412953406572342,154.41943359375,153.19873046875,INDIVIDUAL_ANNOTATOR,with_mapper,subsample_20000,20000,8.915325818636052,134492
156,32,192,269,2.922751009464264,144.6103515625,1.9325539469718933,154.41748046875,153.20068359375,INDIVIDUAL_ANNOTATOR,with_mapper,subsample_20000,20000,8.915325818636052,134492
157,32,201,282,2.9498375952243805,144.81201171875,1.9378270953893661,154.41943359375,153.20068359375,INDIVIDUAL_ANNOTATOR,with_mapper,subsample_20000,20000,8.915325818636052,134492
158,32,231,287,2.9466673731803894,145.013671875,1.9488725811243057,154.41943359375,153.19970703125,INDIVIDUAL_ANNOTATOR,with_mapper,subsample_20000,20000,8.915325818636052,134492
159,32,234,297,2.9587503522634506,145.21435546875,1.9430629909038544,154.41845703125,153.19873046875,INDIVIDUAL_ANNOTATOR,with_mapper,subsample_20000,20000,8.915325818636052,134492
160,32,205,267,2.9217246919870377,145.4140625,1.9123293459415436,154.41748046875,153.19873046875,INDIVIDUAL_ANNOTATOR,with_mapper,subsample_20000,20000,8.915325818636052,134492
161,32,242,301,2.97640822827816,145.61376953125,2.194557338953018,154.41748046875,153.20068359375,INDIVIDUAL_ANNOTATOR,with_mapper,subsample_20000,20000,8.915325818636052,134492
162,32,177,266,3.1452514231204987,145.8154296875,1.923300325870514,154.41943359375,153.19970703125,INDIVIDUAL_ANNOTATOR,with_mapper,subsample_20000,20000,8.915325818636052,134492
163,32,195,280,2.9228515923023224,146.01611328125,2.055332064628601,154.41845703125,153.19775390625,INDIVIDUAL_ANNOTATOR,with_mapper,subsample_20000,20000,8.915325818636052,134492
164,32,186,261,2.90532223880291,146.21484375,1.9709598273038864,154.41552734375,153.19580078125,INDIVIDUAL_ANNOTATOR,with_mapper,subsample_20000,20000,8.915325818636052,134492
165,32,262,300,3.1493790447711945,146.41259765625,1.9715633243322372,154.41552734375,153.19873046875,INDIVIDUAL_ANNOTATOR,with_mapper,subsample_20000,20000,8.915325818636052,134492
166,32,216,305,2.9556043446063995,146.6123046875,1.9510798156261444,154.41748046875,153.20068359375,INDIVIDUAL_ANNOTATOR,with_mapper,subsample_20000,20000,8.915325818636052,134492
167,32,211,286,2.928799018263817,146.81396484375,1.9535478204488754,154.41943359375,153.19873046875,INDIVIDUAL_ANNOTATOR,with_mapper,subsample_20000,20000,8.915325818636052,134492
168,32,233,282,2.951236441731453,147.013671875,1.964883878827095,154.41748046875,153.19970703125,INDIVIDUAL_ANNOTATOR,with_mapper,subsample_20000,20000,8.915325818636052,134492
169,32,208,285,2.9403530061244965,147.21435546875,2.1187160164117813,154.41845703125,153.19873046875,INDIVIDUAL_ANNOTATOR,with_mapper,subsample_20000,20000,8.915325818636052,134492
170,32,216,291,3.1432919204235077,147.4140625,1.9264519214630127,154.41748046875,153.19873046875,INDIVIDUAL_ANNOTATOR,with_mapper,subsample_20000,20000,8.915325818636052,134492
171,32,225,299,2.953534945845604,147.61376953125,1.9572731107473373,154.41845703125,153.20263671875,INDIVIDUAL_ANNOTATOR,with_mapper,subsample_20000,20000,8.915325818636052,134492
172,32,208,291,3.2080747187137604,147.81640625,2.01311893761158,154.42041015625,153.19873046875,INDIVIDUAL_ANNOTATOR,with_mapper,subsample_20000,20000,8.915325818636052,134492
173,32,214,286,2.9781125485897064,148.01611328125,1.944810152053833,154.41748046875,153.19775390625,INDIVIDUAL_ANNOTATOR,with_mapper,subsample_20000,20000,8.915325818636052,134492
174,32,192,279,2.92273610830307,148.21484375,1.9288565963506699,154.41650390625,153.19775390625,INDIVIDUAL_ANNOTATOR,with_mapper,subsample_20000,20000,8.915325818636052,134492
175,32,216,301,3.0387360602617264,148.41357421875,1.9499622285366058,154.41650390625,153.19970703125,INDIVIDUAL_ANNOTATOR,with_mapper,subsample_20000,20000,8.915325818636052,134492
176,32,180,268,2.913443371653557,148.6142578125,1.9417107105255127,154.41845703125,153.19775390625,INDIVIDUAL_ANNOTATOR,with_mapper,subsample_20000,20000,8.915325818636052,134492
177,32,243,323,3.175463527441025,148.81298828125,1.9438322633504868,154.4169921875,153.201171875,INDIVIDUAL_ANNOTATOR,with_mapper,subsample_20000,20000,8.915325818636052,134492
178,32,197,292,2.9266197234392166,149.01513671875,1.962384209036827,154.41943359375,153.19775390625,INDIVIDUAL_ANNOTATOR,with_mapper,subsample_20000,20000,8.915325818636052,134492
179,32,165,256,2.868855372071266,149.2138671875,1.9451268017292023,154.4150390625,153.1953125,INDIVIDUAL_ANNOTATOR,with_mapper,subsample_20000,20000,8.915325818636052,134492
180,32,175,262,2.9446911066770554,149.4111328125,1.9343607127666473,154.41552734375,153.19775390625,INDIVIDUAL_ANNOTATOR,with_mapper,subsample_20000,20000,8.915325818636052,134492
181,32,192,282,2.913897857069969,149.60986328125,1.9462984055280685,154.41748046875,153.20263671875,INDIVIDUAL_ANNOTATOR,with_mapper,subsample_20000,20000,8.915325818636052,134492
182,32,198,289,3.1761527061462402,149.8125,1.988900825381279,154.42041015625,153.19775390625,INDIVIDUAL_ANNOTATOR,with_mapper,subsample_20000,20000,8.915325818636052,134492
183,32,162,271,2.8897766023874283,150.01123046875,1.9525419920682907,154.41650390625,153.19873046875,INDIVIDUAL_ANNOTATOR,with_mapper,subsample_20000,20000,8.915325818636052,134492
184,32,194,270,2.8784871101379395,150.2109375,1.9348245114088058,154.41650390625,153.19580078125,INDIVIDUAL_ANNOTATOR,with_mapper,subsample_20000,20000,8.915325818636052,134492
185,32,176,269,2.988399937748909,150.40869140625,1.9554141908884048,154.41552734375,153.19970703125,INDIVIDUAL_ANNOTATOR,with_mapper,subsample_20000,20000,8.915325818636052,134492
186,32,177,267,2.899017184972763,150.609375,1.958431676030159,154.41748046875,153.19580078125,INDIVIDUAL_ANNOTATOR,with_mapper,subsample_20000,20000,8.915325818636052,134492
187,32,143,244,2.845926210284233,150.80712890625,2.112027257680893,154.4140625,153.1943359375,INDIVIDUAL_ANNOTATOR,with_mapper,subsample_20000,20000,8.915325818636052,134492
188,32,205,288,2.9179826378822327,151.00341796875,1.9413754343986511,154.41455078125,153.19873046875,INDIVIDUAL_ANNOTATOR,with_mapper,subsample_20000,20000,8.915325818636052,134492
189,32,193,269,2.91350856423378,151.203125,1.9355546683073044,154.41650390625,153.19580078125,INDIVIDUAL_ANNOTATOR,with_mapper,subsample_20000,20000,8.915325818636052,134492
190,32,187,276,2.909507602453232,151.40087890625,1.9571073353290558,154.41552734375,153.19775390625,INDIVIDUAL_ANNOTATOR,with_mapper,subsample_20000,20000,8.915325818636052,134492
191,32,173,270,2.909872680902481,151.599609375,1.9271373748779297,154.41650390625,153.19775390625,INDIVIDUAL_ANNOTATOR,with_mapper,subsample_20000,20000,8.915325818636052,134492
192,32,213,287,3.194086253643036,151.79833984375,1.940133050084114,154.41650390625,153.20068359375,INDIVIDUAL_ANNOTATOR,with_mapper,subsample_20000,20000,8.915325818636052,134492
193,32,174,271,2.8957612812519073,152.0,1.9433628767728806,154.41845703125,153.19580078125,INDIVIDUAL_ANNOTATOR,with_mapper,subsample_20000,20000,8.915325818636052,134492
194,32,229,291,2.9325634241104126,152.19775390625,1.9306056201457977,154.41552734375,153.19970703125,INDIVIDUAL_ANNOTATOR,with_mapper,subsample_20000,20000,8.915325818636052,134492
195,32,232,305,2.9605720192193985,152.3984375,1.9380729645490646,154.41845703125,153.20068359375,INDIVIDUAL_ANNOTATOR,with_mapper,subsample_20000,20000,8.915325818636052,134492
196,32,197,286,3.025626763701439,152.60009765625,1.9415505230426788,154.41943359375,153.19775390625,INDIVIDUAL_ANNOTATOR,with_mapper,subsample_20000,20000,8.915325818636052,134492
197,32,172,251,2.8758756816387177,152.798828125,2.133028581738472,154.4150390625,153.1943359375,INDIVIDUAL_ANNOTATOR,with_mapper,subsample_20000,20000,8.915325818636052,134492
198,32,184,276,2.8971191495656967,152.9951171875,2.0488686859607697,154.41455078125,153.19873046875,INDIVIDUAL_ANNOTATOR,with_mapper,subsample_20000,20000,8.915325818636052,134492
199,32,240,300,2.944415435194969,153.19482421875,1.9191745668649673,154.41748046875,153.19970703125,INDIVIDUAL_ANNOTATOR,with_mapper,subsample_20000,20000,8.915325818636052,134492
0,32,218,284,3.072412684559822,131.8701171875,36.21659427881241,172.85986328125,171.64013671875,INDIVIDUAL_ANNOTATOR_LOOP,with_mapper,subsample_20000,20000,8.915325818636052,134492
1,32,243,317,3.072775900363922,132.07080078125,39.92683067917824,172.85888671875,171.64013671875,INDIVIDUAL_ANNOTATOR_LOOP,with_mapper,subsample_20000,20000,8.915325818636052,134492
2,32,195,283,3.051159903407097,132.271484375,35.80254316329956,172.85888671875,171.63916015625,INDIVIDUAL_ANNOTATOR_LOOP,with_mapper,subsample_20000,20000,8.915325818636052,134492
3,32,207,292,3.0128881335258484,132.47119140625,36.93929314613342,172.85791015625,171.64111328125,INDIVIDUAL_ANNOTATOR_LOOP,with_mapper,subsample_20000,20000,8.915325818636052,134492
4,32,154,247,2.9642414301633835,132.6728515625,31.460709869861603,172.8583984375,171.634765625,INDIVIDUAL_ANNOTATOR_LOOP,with_mapper,subsample_20000,20000,8.915325818636052,134492
5,32,222,286,3.0212141573429108,132.869140625,36.43225319683552,172.85498046875,171.63818359375,INDIVIDUAL_ANNOTATOR_LOOP,with_mapper,subsample_20000,20000,8.915325818636052,134492
6,32,161,258,2.9757991433143616,133.06787109375,32.70947188138962,172.85595703125,171.63623046875,INDIVIDUAL_ANNOTATOR_LOOP,with_mapper,subsample_20000,20000,8.915325818636052,134492
7,32,194,252,2.952229231595993,133.265625,32.161496579647064,172.8544921875,171.6357421875,INDIVIDUAL_ANNOTATOR_LOOP,with_mapper,subsample_20000,20000,8.915325818636052,134492
8,32,268,336,3.0651241540908813,133.462890625,42.47049614787102,172.857421875,171.6435546875,INDIVIDUAL_ANNOTATOR_LOOP,with_mapper,subsample_20000,20000,8.915325818636052,134492
9,32,205,295,3.2509304583072662,133.666015625,37.28169947862625,172.86083984375,171.64013671875,INDIVIDUAL_ANNOTATOR_LOOP,with_mapper,subsample_20000,20000,8.915325818636052,134492
10,32,184,238,2.9385536909103394,133.86669921875,30.615393072366714,172.857421875,171.634765625,INDIVIDUAL_ANNOTATOR_LOOP,with_mapper,subsample_20000,20000,8.915325818636052,134492
11,32,199,289,3.022966906428337,134.06298828125,36.73882037401199,172.85498046875,171.63916015625,INDIVIDUAL_ANNOTATOR_LOOP,with_mapper,subsample_20000,20000,8.915325818636052,134492
12,32,184,266,2.9549002647399902,134.2626953125,33.98106247186661,172.85791015625,171.63818359375,INDIVIDUAL_ANNOTATOR_LOOP,with_mapper,subsample_20000,20000,8.915325818636052,134492
13,32,182,256,2.9754526913166046,134.46142578125,32.625362277030945,172.85546875,171.634765625,INDIVIDUAL_ANNOTATOR_LOOP,with_mapper,subsample_20000,20000,8.915325818636052,134492
14,32,232,307,3.1143464148044586,134.65771484375,38.75833377242088,172.85498046875,171.64013671875,INDIVIDUAL_ANNOTATOR_LOOP,with_mapper,subsample_20000,20000,8.915325818636052,134492
15,32,255,309,3.048008307814598,134.8583984375,39.14175182580948,172.85888671875,171.64013671875,INDIVIDUAL_ANNOTATOR_LOOP,with_mapper,subsample_20000,20000,8.915325818636052,134492
16,32,194,270,2.971924841403961,135.05908203125,34.52654182910919,172.85888671875,171.63818359375,INDIVIDUAL_ANNOTATOR_LOOP,with_mapper,subsample_20000,20000,8.915325818636052,134492
17,32,218,289,3.021102398633957,135.2578125,36.75873205065727,172.85693359375,171.64013671875,INDIVIDUAL_ANNOTATOR_LOOP,with_mapper,subsample_20000,20000,8.915325818636052,134492
18,32,187,269,2.988990396261215,135.45849609375,34.458110108971596,172.85888671875,171.63818359375,INDIVIDUAL_ANNOTATOR_LOOP,with_mapper,subsample_20000,20000,8.915325818636052,134492
19,32,159,261,3.2363571226596832,135.6572265625,33.256690949201584,172.85693359375,171.63818359375,INDIVIDUAL_ANNOTATOR_LOOP,with_mapper,subsample_20000,20000,8.915325818636052,134492
20,32,250,318,3.029579296708107,135.85595703125,40.07403552532196,172.85791015625,171.64306640625,INDIVIDUAL_ANNOTATOR_LOOP,with_mapper,subsample_20000,20000,8.915325818636052,134492
21,32,262,324,3.055104985833168,136.05859375,40.97321815788746,172.861328125,171.640625,INDIVIDUAL_ANNOTATOR_LOOP,with_mapper,subsample_20000,20000,8.915325818636052,134492
22,32,230,286,2.982012927532196,136.259765625,36.220427602529526,172.85888671875,171.64111328125,INDIVIDUAL_ANNOTATOR_LOOP,with_mapper,subsample_20000,20000,8.915325818636052,134492
23,32,190,282,2.997264266014099,136.46142578125,35.77692061662674,172.86083984375,171.64306640625,INDIVIDUAL_ANNOTATOR_LOOP,with_mapper,subsample_20000,20000,8.915325818636052,134492
24,32,194,291,3.014504909515381,136.6640625,36.61639243364334,172.86083984375,171.64013671875,INDIVIDUAL_ANNOTATOR_LOOP,with_mapper,subsample_20000,20000,8.915325818636052,134492
25,32,180,266,2.97657772898674,136.86474609375,33.68302620947361,172.85888671875,171.63818359375,INDIVIDUAL_ANNOTATOR_LOOP,with_mapper,subsample_20000,20000,8.915325818636052,134492
26,32,245,317,3.031458705663681,137.0634765625,40.137454867362976,172.85693359375,171.64111328125,INDIVIDUAL_ANNOTATOR_LOOP,with_mapper,subsample_20000,20000,8.915325818636052,134492
27,32,180,267,3.0223559588193893,137.26513671875,33.93564000725746,172.85986328125,171.63818359375,INDIVIDUAL_ANNOTATOR_LOOP,with_mapper,subsample_20000,20000,8.915325818636052,134492
28,32,193,283,3.0065272003412247,137.4638671875,35.990601405501366,172.85693359375,171.64111328125,INDIVIDUAL_ANNOTATOR_LOOP,with_mapper,subsample_20000,20000,8.915325818636052,134492
29,32,213,307,3.282276913523674,137.66552734375,38.7884546071291,172.85986328125,171.64013671875,INDIVIDUAL_ANNOTATOR_LOOP,with_mapper,subsample_20000,20000,8.915325818636052,134492
30,32,203,272,2.9723644256591797,137.8662109375,34.64662842452526,172.85888671875,171.63818359375,INDIVIDUAL_ANNOTATOR_LOOP,with_mapper,subsample_20000,20000,8.915325818636052,134492
31,32,242,297,3.020644187927246,138.06494140625,37.81341575086117,172.85693359375,171.63916015625,INDIVIDUAL_ANNOTATOR_LOOP,with_mapper,subsample_20000,20000,8.915325818636052,134492
32,32,156,273,2.9602963477373123,138.2646484375,34.48907844722271,172.85791015625,171.63818359375,INDIVIDUAL_ANNOTATOR_LOOP,with_mapper,subsample_20000,20000,8.915325818636052,134492
33,32,192,269,3.003479912877083,138.46337890625,34.23265554010868,172.85595703125,171.63623046875,INDIVIDUAL_ANNOTATOR_LOOP,with_mapper,subsample_20000,20000,8.915325818636052,134492
34,32,241,304,2.990400418639183,138.6611328125,38.60923275351524,172.85595703125,171.64111328125,INDIVIDUAL_ANNOTATOR_LOOP,with_mapper,subsample_20000,20000,8.915325818636052,134492
35,32,175,278,2.9609613120555878,138.86279296875,35.14256328344345,172.85986328125,171.64013671875,INDIVIDUAL_ANNOTATOR_LOOP,with_mapper,subsample_20000,20000,8.915325818636052,134492
36,32,243,301,3.228146582841873,139.0634765625,44.47556473314762,172.85888671875,171.64111328125,INDIVIDUAL_ANNOTATOR_LOOP,with_mapper,subsample_20000,20000,8.915325818636052,134492
37,32,159,254,2.9245764017105103,139.26513671875,34.48165766894817,172.859375,171.6376953125,INDIVIDUAL_ANNOTATOR_LOOP,with_mapper,subsample_20000,20000,8.915325818636052,134492
38,32,171,277,2.9358472675085068,139.46337890625,35.28868779540062,172.85693359375,171.64111328125,INDIVIDUAL_ANNOTATOR_LOOP,with_mapper,subsample_20000,20000,8.915325818636052,134492
39,32,196,262,3.230137750506401,139.6650390625,33.46810303628445,172.85986328125,171.63818359375,INDIVIDUAL_ANNOTATOR_LOOP,with_mapper,subsample_20000,20000,8.915325818636052,134492
40,32,207,278,2.9929671436548233,139.86376953125,35.411493852734566,172.85693359375,171.64111328125,INDIVIDUAL_ANNOTATOR_LOOP,with_mapper,subsample_20000,20000,8.915325818636052,134492
41,32,185,270,2.979246899485588,140.0654296875,34.37423147261143,172.85888671875,171.63623046875,INDIVIDUAL_ANNOTATOR_LOOP,with_mapper,subsample_20000,20000,8.915325818636052,134492
42,32,201,269,2.9614772647619247,140.26318359375,34.31767039000988,172.85595703125,171.63916015625,INDIVIDUAL_ANNOTATOR_LOOP,with_mapper,subsample_20000,20000,8.915325818636052,134492
43,32,155,253,2.9582679271698,140.462890625,32.48097188770771,172.8564453125,171.6357421875,INDIVIDUAL_ANNOTATOR_LOOP,with_mapper,subsample_20000,20000,8.915325818636052,134492
44,32,223,282,2.973221242427826,140.66015625,35.689759999513626,172.85595703125,171.63916015625,INDIVIDUAL_ANNOTATOR_LOOP,with_mapper,subsample_20000,20000,8.915325818636052,134492
45,32,206,273,2.979544922709465,140.85986328125,34.7055159509182,172.85791015625,171.63916015625,INDIVIDUAL_ANNOTATOR_LOOP,with_mapper,subsample_20000,20000,8.915325818636052,134492
46,32,226,277,3.066984936594963,141.0595703125,35.34001298248768,172.85791015625,171.63916015625,INDIVIDUAL_ANNOTATOR_LOOP,with_mapper,subsample_20000,20000,8.915325818636052,134492
47,32,204,294,2.9990803450345993,141.25927734375,37.19279728829861,172.85791015625,171.64111328125,INDIVIDUAL_ANNOTATOR_LOOP,with_mapper,subsample_20000,20000,8.915325818636052,134492
48,32,214,299,2.9938481748104095,141.4609375,37.85663656890392,172.85986328125,171.64111328125,INDIVIDUAL_ANNOTATOR_LOOP,with_mapper,subsample_20000,20000,8.915325818636052,134492
49,32,249,298,3.3156704157590866,141.66259765625,40.684618055820465,172.85986328125,171.63916015625,INDIVIDUAL_ANNOTATOR_LOOP,with_mapper,subsample_20000,20000,8.915325818636052,134492
50,32,172,275,2.9693953692913055,141.8623046875,37.042105570435524,172.85791015625,171.64013671875,INDIVIDUAL_ANNOTATOR_LOOP,with_mapper,subsample_20000,20000,8.915325818636052,134492
51,32,162,251,2.9209498316049576,142.06298828125,33.302297815680504,172.857421875,171.634765625,INDIVIDUAL_ANNOTATOR_LOOP,with_mapper,subsample_20000,20000,8.915325818636052,134492
52,32,186,298,2.972470596432686,142.25927734375,39.18995149433613,172.85498046875,171.64013671875,INDIVIDUAL_ANNOTATOR_LOOP,with_mapper,subsample_20000,20000,8.915325818636052,134492
53,32,227,313,3.001691773533821,142.4599609375,41.06861539185047,172.85888671875,171.63916015625,INDIVIDUAL_ANNOTATOR_LOOP,with_mapper,subsample_20000,20000,8.915325818636052,134492
54,32,203,276,2.949904650449753,142.65966796875,35.59413552284241,172.85693359375,171.63623046875,INDIVIDUAL_ANNOTATOR_LOOP,with_mapper,subsample_20000,20000,8.915325818636052,134492
55,32,238,292,2.987431362271309,142.857421875,37.416478618979454,172.85595703125,171.64013671875,INDIVIDUAL_ANNOTATOR_LOOP,with_mapper,subsample_20000,20000,8.915325818636052,134492
56,32,273,327,3.0407197773456573,143.05810546875,41.67160764336586,172.859375,171.6416015625,INDIVIDUAL_ANNOTATOR_LOOP,with_mapper,subsample_20000,20000,8.915325818636052,134492
57,32,232,283,3.0768271535634995,143.26025390625,36.34380362927914,172.85986328125,171.63818359375,INDIVIDUAL_ANNOTATOR_LOOP,with_mapper,subsample_20000,20000,8.915325818636052,134492
58,32,165,250,2.9253195971250534,143.458984375,32.63754025101662,172.85546875,171.634765625,INDIVIDUAL_ANNOTATOR_LOOP,with_mapper,subsample_20000,20000,8.915325818636052,134492
59,32,189,266,3.2756533473730087,143.6552734375,34.328049048781395,172.85400390625,171.63623046875,INDIVIDUAL_ANNOTATOR_LOOP,with_mapper,subsample_20000,20000,8.915325818636052,134492
60,32,224,313,3.0182842165231705,143.85302734375,39.91009294986725,172.85595703125,171.64111328125,INDIVIDUAL_ANNOTATOR_LOOP,with_mapper,subsample_20000,20000,8.915325818636052,134492
61,32,169,282,3.0091647058725357,144.0546875,35.87322123348713,172.85986328125,171.63818359375,INDIVIDUAL_ANNOTATOR_LOOP,with_mapper,subsample_20000,20000,8.915325818636052,134492
62,32,234,311,3.013666719198227,144.25341796875,39.85108435153961,172.85791015625,171.64306640625,INDIVIDUAL_ANNOTATOR_LOOP,with_mapper,subsample_20000,20000,8.915325818636052,134492
63,32,160,262,2.931203693151474,144.4560546875,33.63959677517414,172.85986328125,171.63525390625,INDIVIDUAL_ANNOTATOR_LOOP,with_mapper,subsample_20000,20000,8.915325818636052,134492
64,32,238,289,2.9934756457805634,144.65283203125,37.15356066823006,172.85498046875,171.64013671875,INDIVIDUAL_ANNOTATOR_LOOP,with_mapper,subsample_20000,20000,8.915325818636052,134492
65,32,203,259,2.9600877314805984,144.853515625,33.336177468299866,172.85888671875,171.63818359375,INDIVIDUAL_ANNOTATOR_LOOP,with_mapper,subsample_20000,20000,8.915325818636052,134492
66,32,230,290,3.0052531510591507,145.05224609375,36.728618666529655,172.85693359375,171.63818359375,INDIVIDUAL_ANNOTATOR_LOOP,with_mapper,subsample_20000,20000,8.915325818636052,134492
67,32,215,289,2.974867820739746,145.2509765625,36.73903085291386,172.85693359375,171.63818359375,INDIVIDUAL_ANNOTATOR_LOOP,with_mapper,subsample_20000,20000,8.915325818636052,134492
68,32,268,315,3.0250810086727142,145.44970703125,39.87169824540615,172.85693359375,171.63916015625,INDIVIDUAL_ANNOTATOR_LOOP,with_mapper,subsample_20000,20000,8.915325818636052,134492
69,32,187,263,3.2705217599868774,145.6494140625,33.65659341216087,172.85791015625,171.63818359375,INDIVIDUAL_ANNOTATOR_LOOP,with_mapper,subsample_20000,20000,8.915325818636052,134492
70,32,264,332,3.0890051275491714,145.84814453125,42.165184393525124,172.857421875,171.640625,INDIVIDUAL_ANNOTATOR_LOOP,with_mapper,subsample_20000,20000,8.915325818636052,134492
71,32,195,269,3.566516563296318,146.04931640625,34.439340233802795,172.85888671875,171.63818359375,INDIVIDUAL_ANNOTATOR_LOOP,with_mapper,subsample_20000,20000,8.915325818636052,134492
72,32,214,308,3.205465152859688,146.248046875,38.98206539452076,172.85693359375,171.63916015625,INDIVIDUAL_ANNOTATOR_LOOP,with_mapper,subsample_20000,20000,8.915325818636052,134492
73,32,303,359,3.255646675825119,146.44775390625,45.50962336361408,172.8583984375,171.6396484375,INDIVIDUAL_ANNOTATOR_LOOP,with_mapper,subsample_20000,20000,8.915325818636052,134492
74,32,228,265,3.041395917534828,146.64794921875,34.27155874669552,172.85791015625,171.63818359375,INDIVIDUAL_ANNOTATOR_LOOP,with_mapper,subsample_20000,20000,8.915325818636052,134492
75,32,249,318,3.0198730528354645,146.8466796875,40.626607835292816,172.85791015625,171.64306640625,INDIVIDUAL_ANNOTATOR_LOOP,with_mapper,subsample_20000,20000,8.915325818636052,134492
76,32,182,295,3.0262842774391174,147.04931640625,37.32691891491413,172.86083984375,171.63916015625,INDIVIDUAL_ANNOTATOR_LOOP,with_mapper,subsample_20000,20000,8.915325818636052,134492
77,32,228,320,3.0435360968112946,147.2490234375,40.457289665937424,172.85791015625,171.64111328125,INDIVIDUAL_ANNOTATOR_LOOP,with_mapper,subsample_20000,20000,8.915325818636052,134492
78,32,220,292,3.070639446377754,147.45068359375,37.17472217977047,172.85986328125,171.64111328125,INDIVIDUAL_ANNOTATOR_LOOP,with_mapper,subsample_20000,20000,8.915325818636052,134492
79,32,231,296,3.290744498372078,147.65234375,37.7728920429945,172.85986328125,171.64013671875,INDIVIDUAL_ANNOTATOR_LOOP,with_mapper,subsample_20000,20000,8.915325818636052,134492
80,32,223,273,2.982376143336296,147.85302734375,34.74992699921131,172.85888671875,171.64013671875,INDIVIDUAL_ANNOTATOR_LOOP,with_mapper,subsample_20000,20000,8.915325818636052,134492
81,32,172,254,2.95465812087059,148.0537109375,32.54525922238827,172.857421875,171.634765625,INDIVIDUAL_ANNOTATOR_LOOP,with_mapper,subsample_20000,20000,8.915325818636052,134492
82,32,243,292,3.0223000794649124,148.25,37.37807460129261,172.85498046875,171.63916015625,INDIVIDUAL_ANNOTATOR_LOOP,with_mapper,subsample_20000,20000,8.915325818636052,134492
83,32,214,305,3.0159465968608856,148.44970703125,38.663748651742935,172.85888671875,171.64404296875,INDIVIDUAL_ANNOTATOR_LOOP,with_mapper,subsample_20000,20000,8.915325818636052,134492
84,32,255,300,3.0539575964212418,148.6533203125,38.077717646956444,172.86181640625,171.63916015625,INDIVIDUAL_ANNOTATOR_LOOP,with_mapper,subsample_20000,20000,8.915325818636052,134492
85,32,232,319,3.0406657606363297,148.85302734375,40.479471907019615,172.85791015625,171.64111328125,INDIVIDUAL_ANNOTATOR_LOOP,with_mapper,subsample_20000,20000,8.915325818636052,134492
86,32,146,254,2.9533542692661285,149.0546875,32.44478814303875,172.8583984375,171.634765625,INDIVIDUAL_ANNOTATOR_LOOP,with_mapper,subsample_20000,20000,8.915325818636052,134492
87,32,203,271,3.052676096558571,149.2509765625,34.56868417561054,172.85400390625,171.63623046875,INDIVIDUAL_ANNOTATOR_LOOP,with_mapper,subsample_20000,20000,8.915325818636052,134492
88,32,180,265,2.953439950942993,149.44873046875,33.85542333126068,172.85595703125,171.63818359375,INDIVIDUAL_ANNOTATOR_LOOP,with_mapper,subsample_20000,20000,8.915325818636052,134492
89,32,182,296,3.2738856971263885,149.6474609375,37.633517757058144,172.85693359375,171.64013671875,INDIVIDUAL_ANNOTATOR_LOOP,with_mapper,subsample_20000,20000,8.915325818636052,134492
90,32,278,344,3.0581559985876083,149.84814453125,43.5536727309227,172.859375,171.6416015625,INDIVIDUAL_ANNOTATOR_LOOP,with_mapper,subsample_20000,20000,8.915325818636052,134492
91,32,204,283,3.018507733941078,150.05029296875,35.97423993051052,172.85986328125,171.64013671875,INDIVIDUAL_ANNOTATOR_LOOP,with_mapper,subsample_20000,20000,8.915325818636052,134492
92,32,178,259,3.0598416924476624,150.2509765625,33.27310271561146,172.85791015625,171.63525390625,INDIVIDUAL_ANNOTATOR_LOOP,with_mapper,subsample_20000,20000,8.915325818636052,134492
93,32,215,294,2.991350367665291,150.44775390625,37.39474341273308,172.85498046875,171.64013671875,INDIVIDUAL_ANNOTATOR_LOOP,with_mapper,subsample_20000,20000,8.915325818636052,134492
94,32,212,296,3.0438732355833054,150.6484375,37.5172458589077,172.85888671875,171.64111328125,INDIVIDUAL_ANNOTATOR_LOOP,with_mapper,subsample_20000,20000,8.915325818636052,134492
95,32,175,264,2.922695130109787,150.85009765625,33.53746421635151,172.85888671875,171.63525390625,INDIVIDUAL_ANNOTATOR_LOOP,with_mapper,subsample_20000,20000,8.915325818636052,134492
96,32,163,270,3.032255917787552,151.046875,34.28470157086849,172.85498046875,171.63818359375,INDIVIDUAL_ANNOTATOR_LOOP,with_mapper,subsample_20000,20000,8.915325818636052,134492
97,32,173,271,2.9719211161136627,151.24560546875,34.66644138097763,172.85693359375,171.63818359375,INDIVIDUAL_ANNOTATOR_LOOP,with_mapper,subsample_20000,20000,8.915325818636052,134492
98,32,214,295,3.042815253138542,151.4443359375,37.65206038951874,172.85693359375,171.64013671875,INDIVIDUAL_ANNOTATOR_LOOP,with_mapper,subsample_20000,20000,8.915325818636052,134492
99,32,204,281,3.2601915299892426,151.64501953125,36.1153706908226,172.85888671875,171.63818359375,INDIVIDUAL_ANNOTATOR_LOOP,with_mapper,subsample_20000,20000,8.915325818636052,134492
100,32,294,344,3.0604247003793716,151.84375,43.70178282260895,172.857421875,171.6416015625,INDIVIDUAL_ANNOTATOR_LOOP,with_mapper,subsample_20000,20000,8.915325818636052,134492
101,32,152,281,2.9586516320705414,152.0458984375,35.69605574011803,172.85986328125,171.63916015625,INDIVIDUAL_ANNOTATOR_LOOP,with_mapper,subsample_20000,20000,8.915325818636052,134492
102,32,163,270,3.0752159655094147,152.24560546875,34.340864047408104,172.85791015625,171.64013671875,INDIVIDUAL_ANNOTATOR_LOOP,with_mapper,subsample_20000,20000,8.915325818636052,134492
103,32,157,257,2.923564985394478,152.4462890625,32.802993431687355,172.85888671875,171.63818359375,INDIVIDUAL_ANNOTATOR_LOOP,with_mapper,subsample_20000,20000,8.915325818636052,134492
104,32,223,290,2.9894132167100906,152.64501953125,36.904944106936455,172.85693359375,171.64111328125,INDIVIDUAL_ANNOTATOR_LOOP,with_mapper,subsample_20000,20000,8.915325818636052,134492
105,32,152,265,2.9440857470035553,152.8466796875,33.64015743136406,172.85888671875,171.63525390625,INDIVIDUAL_ANNOTATOR_LOOP,with_mapper,subsample_20000,20000,8.915325818636052,134492
106,32,225,302,2.9977671802043915,153.04345703125,38.30239176750183,172.85498046875,171.63916015625,INDIVIDUAL_ANNOTATOR_LOOP,with_mapper,subsample_20000,20000,8.915325818636052,134492
107,32,170,270,2.965761348605156,153.2431640625,34.41992960870266,172.85791015625,171.64013671875,INDIVIDUAL_ANNOTATOR_LOOP,with_mapper,subsample_20000,20000,8.915325818636052,134492
108,32,165,256,2.9481034725904465,153.44384765625,32.645463943481445,172.857421875,171.6357421875,INDIVIDUAL_ANNOTATOR_LOOP,with_mapper,subsample_20000,20000,8.915325818636052,134492
109,32,197,266,3.2456181943416595,153.64111328125,34.13688205182552,172.85595703125,171.63818359375,INDIVIDUAL_ANNOTATOR_LOOP,with_mapper,subsample_20000,20000,8.915325818636052,134492
110,32,213,280,2.990506589412689,153.83984375,35.97863391041756,172.85693359375,171.63916015625,INDIVIDUAL_ANNOTATOR_LOOP,with_mapper,subsample_20000,20000,8.915325818636052,134492
111,32,243,311,3.0025076121091843,154.03955078125,39.31734152138233,172.85791015625,171.64111328125,INDIVIDUAL_ANNOTATOR_LOOP,with_mapper,subsample_20000,20000,8.915325818636052,134492
112,32,270,329,3.0679311603307724,154.2412109375,41.75570793449879,172.8603515625,171.6416015625,INDIVIDUAL_ANNOTATOR_LOOP,with_mapper,subsample_20000,20000,8.915325818636052,134492
113,32,250,295,3.0591562390327454,154.443359375,37.96437382698059,172.85986328125,171.63818359375,INDIVIDUAL_ANNOTATOR_LOOP,with_mapper,subsample_20000,20000,8.915325818636052,134492
114,32,197,260,3.053070977330208,154.64208984375,33.53450447320938,172.85693359375,171.63818359375,INDIVIDUAL_ANNOTATOR_LOOP,with_mapper,subsample_20000,20000,8.915325818636052,134492
115,32,190,272,2.9672235250473022,154.8408203125,34.79807637631893,172.85693359375,171.64013671875,INDIVIDUAL_ANNOTATOR_LOOP,with_mapper,subsample_20000,20000,8.915325818636052,134492
116,32,202,274,2.9419604688882828,155.04150390625,35.05447506904602,172.85888671875,171.64111328125,INDIVIDUAL_ANNOTATOR_LOOP,with_mapper,subsample_20000,20000,8.915325818636052,134492
117,32,157,267,2.9478464275598526,155.2431640625,33.937159925699234,172.85986328125,171.63818359375,INDIVIDUAL_ANNOTATOR_LOOP,with_mapper,subsample_20000,20000,8.915325818636052,134492
118,32,211,261,2.9580332338809967,155.44189453125,33.42652507126331,172.85693359375,171.63818359375,INDIVIDUAL_ANNOTATOR_LOOP,with_mapper,subsample_20000,20000,8.915325818636052,134492
119,32,218,289,3.2683704048395157,155.640625,36.768119782209396,172.85693359375,171.63916015625,INDIVIDUAL_ANNOTATOR_LOOP,with_mapper,subsample_20000,20000,8.915325818636052,134492
120,32,164,250,2.9283687472343445,155.84033203125,32.36520476639271,172.8564453125,171.6357421875,INDIVIDUAL_ANNOTATOR_LOOP,with_mapper,subsample_20000,20000,8.915325818636052,134492
121,32,222,302,2.973916009068489,156.03759765625,38.30457665026188,172.85595703125,171.64111328125,INDIVIDUAL_ANNOTATOR_LOOP,with_mapper,subsample_20000,20000,8.915325818636052,134492
122,32,207,280,2.965124323964119,156.2392578125,35.55126115679741,172.85986328125,171.64013671875,INDIVIDUAL_ANNOTATOR_LOOP,with_mapper,subsample_20000,20000,8.915325818636052,134492
123,32,235,333,3.0080564320087433,156.43994140625,41.93992540240288,172.859375,171.6416015625,INDIVIDUAL_ANNOTATOR_LOOP,with_mapper,subsample_20000,20000,8.915325818636052,134492
124,32,230,304,3.1914114952087402,156.64208984375,38.584308698773384,172.85986328125,171.63916015625,INDIVIDUAL_ANNOTATOR_LOOP,with_mapper,subsample_20000,20000,8.915325818636052,134492
125,32,152,259,2.9399190098047256,156.841796875,32.979484647512436,172.85693359375,171.63623046875,INDIVIDUAL_ANNOTATOR_LOOP,with_mapper,subsample_20000,20000,8.915325818636052,134492
126,32,218,273,2.9409918934106827,157.03955078125,34.978967159986496,172.85595703125,171.63818359375,INDIVIDUAL_ANNOTATOR_LOOP,with_mapper,subsample_20000,20000,8.915325818636052,134492
127,32,214,281,2.9949359595775604,157.23828125,35.93328408896923,172.85693359375,171.64111328125,INDIVIDUAL_ANNOTATOR_LOOP,with_mapper,subsample_20000,20000,8.915325818636052,134492
128,32,236,299,3.5474635660648346,157.43994140625,38.12038153409958,172.85986328125,171.64013671875,INDIVIDUAL_ANNOTATOR_LOOP,with_mapper,subsample_20000,20000,8.915325818636052,134492
129,32,247,321,3.5058334469795227,157.640625,41.43206775188446,172.859375,171.6416015625,INDIVIDUAL_ANNOTATOR_LOOP,with_mapper,subsample_20000,20000,8.915325818636052,134492
130,32,246,303,3.0186250805854797,157.8427734375,38.56046311557293,172.85986328125,171.64111328125,INDIVIDUAL_ANNOTATOR_LOOP,with_mapper,subsample_20000,20000,8.915325818636052,134492
131,32,223,301,2.99801304936409,158.04443359375,38.42305392026901,172.86083984375,171.64306640625,INDIVIDUAL_ANNOTATOR_LOOP,with_mapper,subsample_20000,20000,8.915325818636052,134492
132,32,253,333,3.0498281121253967,158.2470703125,41.86442866921425,172.8623046875,171.64453125,INDIVIDUAL_ANNOTATOR_LOOP,with_mapper,subsample_20000,20000,8.915325818636052,134492
133,32,189,282,2.986399456858635,158.451171875,35.85209511220455,172.86181640625,171.64013671875,INDIVIDUAL_ANNOTATOR_LOOP,with_mapper,subsample_20000,20000,8.915325818636052,134492
134,32,248,278,3.009876236319542,158.65185546875,35.505183041095734,172.85888671875,171.64013671875,INDIVIDUAL_ANNOTATOR_LOOP,with_mapper,subsample_20000,20000,8.915325818636052,134492
135,32,245,317,3.0007362365722656,158.8525390625,40.171537548303604,172.85888671875,171.64013671875,INDIVIDUAL_ANNOTATOR_LOOP,with_mapper,subsample_20000,20000,8.915325818636052,134492
136,32,185,273,2.955477684736252,159.05322265625,34.959567710757256,172.85888671875,171.64111328125,INDIVIDUAL_ANNOTATOR_LOOP,with_mapper,subsample_20000,20000,8.915325818636052,134492
137,32,258,321,3.022570163011551,159.2548828125,40.67596048116684,172.8603515625,171.6416015625,INDIVIDUAL_ANNOTATOR_LOOP,with_mapper,subsample_20000,20000,8.915325818636052,134492
138,32,242,311,3.0233077704906464,159.45703125,39.4508671015501,172.85986328125,171.63916015625,INDIVIDUAL_ANNOTATOR_LOOP,with_mapper,subsample_20000,20000,8.915325818636052,134492
139,32,221,319,3.2761823385953903,159.65673828125,40.15239700675011,172.85791015625,171.63916015625,INDIVIDUAL_ANNOTATOR_LOOP,with_mapper,subsample_20000,20000,8.915325818636052,134492
140,32,172,248,2.9289275407791138,159.8564453125,31.863396987318993,172.8564453125,171.634765625,INDIVIDUAL_ANNOTATOR_LOOP,with_mapper,subsample_20000,20000,8.915325818636052,134492
141,32,231,296,3.0033793300390244,160.052734375,37.65968419611454,172.85498046875,171.63916015625,INDIVIDUAL_ANNOTATOR_LOOP,with_mapper,subsample_20000,20000,8.915325818636052,134492
142,32,192,282,2.9616132378578186,160.25244140625,36.013390868902206,172.85791015625,171.64111328125,INDIVIDUAL_ANNOTATOR_LOOP,with_mapper,subsample_20000,20000,8.915325818636052,134492
143,32,159,257,2.9298365116119385,160.4541015625,33.078163862228394,172.85888671875,171.63525390625,INDIVIDUAL_ANNOTATOR_LOOP,with_mapper,subsample_20000,20000,8.915325818636052,134492
144,32,231,301,3.046570345759392,160.65087890625,38.5589636862278,172.85498046875,171.64111328125,INDIVIDUAL_ANNOTATOR_LOOP,with_mapper,subsample_20000,20000,8.915325818636052,134492
145,32,186,288,2.965850755572319,160.8525390625,36.59566305577755,172.85986328125,171.64013671875,INDIVIDUAL_ANNOTATOR_LOOP,with_mapper,subsample_20000,20000,8.915325818636052,134492
146,32,208,281,2.974770963191986,161.05322265625,35.83508916199207,172.85888671875,171.63818359375,INDIVIDUAL_ANNOTATOR_LOOP,with_mapper,subsample_20000,20000,8.915325818636052,134492
147,32,165,255,2.9711686074733734,161.251953125,32.51727670431137,172.8564453125,171.6376953125,INDIVIDUAL_ANNOTATOR_LOOP,with_mapper,subsample_20000,20000,8.915325818636052,134492
148,32,157,258,2.903614193201065,161.4501953125,32.91281685233116,172.85693359375,171.63818359375,INDIVIDUAL_ANNOTATOR_LOOP,with_mapper,subsample_20000,20000,8.915325818636052,134492
149,32,203,279,3.2220501452684402,161.64892578125,35.5343259871006,172.85693359375,171.63916015625,INDIVIDUAL_ANNOTATOR_LOOP,with_mapper,subsample_20000,20000,8.915325818636052,134492
150,32,156,266,2.9412731528282166,161.8486328125,33.881956711411476,172.85791015625,171.63818359375,INDIVIDUAL_ANNOTATOR_LOOP,with_mapper,subsample_20000,20000,8.915325818636052,134492
151,32,228,289,3.004942089319229,162.04736328125,36.765702068805695,172.85693359375,171.63916015625,INDIVIDUAL_ANNOTATOR_LOOP,with_mapper,subsample_20000,20000,8.915325818636052,134492
152,32,243,305,3.0106529593467712,162.2470703125,38.722507655620575,172.85791015625,171.64013671875,INDIVIDUAL_ANNOTATOR_LOOP,with_mapper,subsample_20000,20000,8.915325818636052,134492
153,32,203,308,2.994723618030548,162.44775390625,39.10042159259319,172.85888671875,171.64111328125,INDIVIDUAL_ANNOTATOR_LOOP,with_mapper,subsample_20000,20000,8.915325818636052,134492
154,32,210,282,9.287822991609573,162.6494140625,36.1209511756897,172.85986328125,171.64111328125,INDIVIDUAL_ANNOTATOR_LOOP,with_mapper,subsample_20000,20000,8.915325818636052,134492
155,32,286,314,3.012103959918022,162.85107421875,39.96593691408634,172.85986328125,171.63916015625,INDIVIDUAL_ANNOTATOR_LOOP,with_mapper,subsample_20000,20000,8.915325818636052,134492
156,32,192,269,3.0014533549547195,163.05078125,34.594664350152016,172.85791015625,171.64111328125,INDIVIDUAL_ANNOTATOR_LOOP,with_mapper,subsample_20000,20000,8.915325818636052,134492
157,32,201,282,2.9646921902894974,163.25244140625,36.34949028491974,172.85986328125,171.64111328125,INDIVIDUAL_ANNOTATOR_LOOP,with_mapper,subsample_20000,20000,8.915325818636052,134492
158,32,231,287,3.1026937067508698,163.4541015625,36.527322605252266,172.85986328125,171.64013671875,INDIVIDUAL_ANNOTATOR_LOOP,with_mapper,subsample_20000,20000,8.915325818636052,134492
159,32,234,297,3.2722335308790207,163.65478515625,37.88729012012482,172.85888671875,171.63916015625,INDIVIDUAL_ANNOTATOR_LOOP,with_mapper,subsample_20000,20000,8.915325818636052,134492
160,32,205,267,2.930726855993271,163.8544921875,34.394051879644394,172.85791015625,171.63916015625,INDIVIDUAL_ANNOTATOR_LOOP,with_mapper,subsample_20000,20000,8.915325818636052,134492
161,32,242,301,3.060629591345787,164.05419921875,38.30358572304249,172.85791015625,171.64111328125,INDIVIDUAL_ANNOTATOR_LOOP,with_mapper,subsample_20000,20000,8.915325818636052,134492
162,32,177,266,2.895466983318329,164.255859375,34.16207619011402,172.85986328125,171.64013671875,INDIVIDUAL_ANNOTATOR_LOOP,with_mapper,subsample_20000,20000,8.915325818636052,134492
163,32,195,280,2.942074090242386,164.45654296875,35.583484917879105,172.85888671875,171.63818359375,INDIVIDUAL_ANNOTATOR_LOOP,with_mapper,subsample_20000,20000,8.915325818636052,134492
164,32,186,261,2.9234718531370163,164.6552734375,33.49442780017853,172.85595703125,171.63623046875,INDIVIDUAL_ANNOTATOR_LOOP,with_mapper,subsample_20000,20000,8.915325818636052,134492
165,32,262,300,3.0235517770051956,164.85302734375,38.41424733400345,172.85595703125,171.63916015625,INDIVIDUAL_ANNOTATOR_LOOP,with_mapper,subsample_20000,20000,8.915325818636052,134492
166,32,216,305,2.949066460132599,165.052734375,38.8183519244194,172.85791015625,171.64111328125,INDIVIDUAL_ANNOTATOR_LOOP,with_mapper,subsample_20000,20000,8.915325818636052,134492
167,32,211,286,2.9580313712358475,165.25439453125,36.559270694851875,172.85986328125,171.63916015625,INDIVIDUAL_ANNOTATOR_LOOP,with_mapper,subsample_20000,20000,8.915325818636052,134492
168,32,233,282,2.942308783531189,165.4541015625,36.05508245527744,172.85791015625,171.64013671875,INDIVIDUAL_ANNOTATOR_LOOP,with_mapper,subsample_20000,20000,8.915325818636052,134492
169,32,208,285,3.2582953572273254,165.65478515625,36.43144480884075,172.85888671875,171.63916015625,INDIVIDUAL_ANNOTATOR_LOOP,with_mapper,subsample_20000,20000,8.915325818636052,134492
170,32,216,291,2.9551908373832703,165.8544921875,37.143705412745476,172.85791015625,171.63916015625,INDIVIDUAL_ANNOTATOR_LOOP,with_mapper,subsample_20000,20000,8.915325818636052,134492
171,32,225,299,2.9468536376953125,166.05419921875,38.25540095567703,172.85888671875,171.64306640625,INDIVIDUAL_ANNOTATOR_LOOP,with_mapper,subsample_20000,20000,8.915325818636052,134492
172,32,208,291,2.942800521850586,166.2568359375,36.90589591860771,172.86083984375,171.63916015625,INDIVIDUAL_ANNOTATOR_LOOP,with_mapper,subsample_20000,20000,8.915325818636052,134492
173,32,214,286,2.9730889946222305,166.45654296875,36.32945194840431,172.85791015625,171.63818359375,INDIVIDUAL_ANNOTATOR_LOOP,with_mapper,subsample_20000,20000,8.915325818636052,134492
174,32,192,279,2.9569603502750397,166.6552734375,36.01839765906334,172.85693359375,171.63818359375,INDIVIDUAL_ANNOTATOR_LOOP,with_mapper,subsample_20000,20000,8.915325818636052,134492
175,32,216,301,2.9428191483020782,166.85400390625,38.52038085460663,172.85693359375,171.64013671875,INDIVIDUAL_ANNOTATOR_LOOP,with_mapper,subsample_20000,20000,8.915325818636052,134492
176,32,180,268,2.945559099316597,167.0546875,34.48102809488773,172.85888671875,171.63818359375,INDIVIDUAL_ANNOTATOR_LOOP,with_mapper,subsample_20000,20000,8.915325818636052,134492
177,32,243,323,2.9974207282066345,167.25341796875,41.01865366101265,172.857421875,171.6416015625,INDIVIDUAL_ANNOTATOR_LOOP,with_mapper,subsample_20000,20000,8.915325818636052,134492
178,32,197,292,2.943640574812889,167.45556640625,37.056123837828636,172.85986328125,171.63818359375,INDIVIDUAL_ANNOTATOR_LOOP,with_mapper,subsample_20000,20000,8.915325818636052,134492
179,32,165,256,3.185313194990158,167.654296875,32.71253779530525,172.85546875,171.6357421875,INDIVIDUAL_ANNOTATOR_LOOP,with_mapper,subsample_20000,20000,8.915325818636052,134492
180,32,175,262,2.90120393037796,167.8515625,33.51441025733948,172.85595703125,171.63818359375,INDIVIDUAL_ANNOTATOR_LOOP,with_mapper,subsample_20000,20000,8.915325818636052,134492
181,32,192,282,2.94375978410244,168.05029296875,35.8071718364954,172.85791015625,171.64306640625,INDIVIDUAL_ANNOTATOR_LOOP,with_mapper,subsample_20000,20000,8.915325818636052,134492
182,32,198,289,2.938469871878624,168.2529296875,36.649225279688835,172.86083984375,171.63818359375,INDIVIDUAL_ANNOTATOR_LOOP,with_mapper,subsample_20000,20000,8.915325818636052,134492
183,32,162,271,2.9015596956014633,168.45166015625,34.764064475893974,172.85693359375,171.63916015625,INDIVIDUAL_ANNOTATOR_LOOP,with_mapper,subsample_20000,20000,8.915325818636052,134492
184,32,194,270,2.9636509716510773,168.6513671875,34.623656421899796,172.85693359375,171.63623046875,INDIVIDUAL_ANNOTATOR_LOOP,with_mapper,subsample_20000,20000,8.915325818636052,134492
185,32,176,269,2.933066338300705,168.84912109375,34.381864592432976,172.85595703125,171.64013671875,INDIVIDUAL_ANNOTATOR_LOOP,with_mapper,subsample_20000,20000,8.915325818636052,134492
186,32,177,267,2.9064640402793884,169.0498046875,33.91439653933048,172.85791015625,171.63623046875,INDIVIDUAL_ANNOTATOR_LOOP,with_mapper,subsample_20000,20000,8.915325818636052,134492
187,32,143,244,2.868255600333214,169.24755859375,31.323540955781937,172.8544921875,171.634765625,INDIVIDUAL_ANNOTATOR_LOOP,with_mapper,subsample_20000,20000,8.915325818636052,134492
188,32,205,288,2.9291901737451553,169.44384765625,36.687031388282776,172.85498046875,171.63916015625,INDIVIDUAL_ANNOTATOR_LOOP,with_mapper,subsample_20000,20000,8.915325818636052,134492
189,32,193,269,3.191143274307251,169.6435546875,34.33153219521046,172.85693359375,171.63623046875,INDIVIDUAL_ANNOTATOR_LOOP,with_mapper,subsample_20000,20000,8.915325818636052,134492
190,32,187,276,2.9172785580158234,169.84130859375,35.04418022930622,172.85595703125,171.63818359375,INDIVIDUAL_ANNOTATOR_LOOP,with_mapper,subsample_20000,20000,8.915325818636052,134492
191,32,173,270,2.9739178717136383,170.0400390625,36.193449050188065,172.85693359375,171.63818359375,INDIVIDUAL_ANNOTATOR_LOOP,with_mapper,subsample_20000,20000,8.915325818636052,134492
192,32,213,287,2.94436514377594,170.23876953125,38.66200149059296,172.85693359375,171.64111328125,INDIVIDUAL_ANNOTATOR_LOOP,with_mapper,subsample_20000,20000,8.915325818636052,134492
193,32,174,271,2.8840340673923492,170.4404296875,36.2753439694643,172.85888671875,171.63623046875,INDIVIDUAL_ANNOTATOR_LOOP,with_mapper,subsample_20000,20000,8.915325818636052,134492
194,32,229,291,2.9594432562589645,170.63818359375,36.98437288403511,172.85595703125,171.64013671875,INDIVIDUAL_ANNOTATOR_LOOP,with_mapper,subsample_20000,20000,8.915325818636052,134492
195,32,232,305,2.9765404760837555,170.8388671875,38.66155259311199,172.85888671875,171.64111328125,INDIVIDUAL_ANNOTATOR_LOOP,with_mapper,subsample_20000,20000,8.915325818636052,134492
196,32,197,286,2.9419809579849243,171.04052734375,36.58807463943958,172.85986328125,171.63818359375,INDIVIDUAL_ANNOTATOR_LOOP,with_mapper,subsample_20000,20000,8.915325818636052,134492
197,32,172,251,2.8991959989070892,171.2392578125,32.42779150605202,172.85546875,171.634765625,INDIVIDUAL_ANNOTATOR_LOOP,with_mapper,subsample_20000,20000,8.915325818636052,134492
198,32,184,276,2.914685755968094,171.435546875,35.1281575858593,172.85498046875,171.63916015625,INDIVIDUAL_ANNOTATOR_LOOP,with_mapper,subsample_20000,20000,8.915325818636052,134492
199,32,240,300,3.379935398697853,171.63525390625,38.16582448780537,172.85791015625,171.64013671875,INDIVIDUAL_ANNOTATOR_LOOP,with_mapper,subsample_20000,20000,8.915325818636052,134492
0,32,270,351,1.3038497418165207,73.10546875,1.1733435094356537,112.3994140625,111.1806640625,BASELINE_AGGREGATE,without_mapper,subsample_25000,25000,11.084109091990602,134492
1,32,298,393,1.3361796736717224,73.296875,1.212259754538536,112.3994140625,111.1806640625,BASELINE_AGGREGATE,without_mapper,subsample_25000,25000,11.084109091990602,134492
2,32,239,349,1.3064797967672348,73.48828125,1.137658953666687,112.3994140625,111.1806640625,BASELINE_AGGREGATE,without_mapper,subsample_25000,25000,11.084109091990602,134492
3,32,270,373,1.590050756931305,73.6796875,1.1296644806861877,112.3994140625,111.1806640625,BASELINE_AGGREGATE,without_mapper,subsample_25000,25000,11.084109091990602,134492
4,32,195,317,1.307263970375061,73.87109375,1.2499764561653137,112.3994140625,111.1806640625,BASELINE_AGGREGATE,without_mapper,subsample_25000,25000,11.084109091990602,134492
5,32,272,348,1.2992192059755325,74.0625,1.1310558766126633,112.3994140625,111.1806640625,BASELINE_AGGREGATE,without_mapper,subsample_25000,25000,11.084109091990602,134492
6,32,207,328,1.3099443167448044,74.25390625,1.1433716863393784,112.3994140625,111.1806640625,BASELINE_AGGREGATE,without_mapper,subsample_25000,25000,11.084109091990602,134492
7,32,249,323,1.3086218386888504,74.4453125,1.1274255812168121,112.3994140625,111.1806640625,BASELINE_AGGREGATE,without_mapper,subsample_25000,25000,11.084109091990602,134492
8,32,330,415,1.308627426624298,74.63671875,1.1469032615423203,112.3994140625,111.1806640625,BASELINE_AGGREGATE,without_mapper,subsample_25000,25000,11.084109091990602,134492
9,32,259,371,1.461520791053772,74.828125,1.1524483561515808,112.3994140625,111.1806640625,BASELINE_AGGREGATE,without_mapper,subsample_25000,25000,11.084109091990602,134492
10,32,232,304,1.3352837413549423,75.01953125,1.134917140007019,112.3994140625,111.1806640625,BASELINE_AGGREGATE,without_mapper,subsample_25000,25000,11.084109091990602,134492
11,32,236,342,1.3375654816627502,75.2109375,1.122327521443367,112.3994140625,111.1806640625,BASELINE_AGGREGATE,without_mapper,subsample_25000,25000,11.084109091990602,134492
12,32,233,338,1.3307910412549973,75.40234375,1.135755330324173,112.3994140625,111.1806640625,BASELINE_AGGREGATE,without_mapper,subsample_25000,25000,11.084109091990602,134492
13,32,218,312,1.3298504054546356,75.59375,1.129884272813797,112.3994140625,111.1806640625,BASELINE_AGGREGATE,without_mapper,subsample_25000,25000,11.084109091990602,134492
14,32,286,379,1.597091555595398,75.78515625,1.1314675211906433,112.3994140625,111.1806640625,BASELINE_AGGREGATE,without_mapper,subsample_25000,25000,11.084109091990602,134492
15,32,311,381,1.3121217489242554,75.9765625,1.1214111000299454,112.3994140625,111.1806640625,BASELINE_AGGREGATE,without_mapper,subsample_25000,25000,11.084109091990602,134492
16,32,232,334,1.299755647778511,76.16796875,1.1334139853715897,112.3994140625,111.1806640625,BASELINE_AGGREGATE,without_mapper,subsample_25000,25000,11.084109091990602,134492
17,32,274,362,1.3076718896627426,76.359375,1.1324714869260788,112.3994140625,111.1806640625,BASELINE_AGGREGATE,without_mapper,subsample_25000,25000,11.084109091990602,134492
18,32,231,337,1.3134926557540894,76.55078125,1.1364370584487915,112.3994140625,111.1806640625,BASELINE_AGGREGATE,without_mapper,subsample_25000,25000,11.084109091990602,134492
19,32,196,324,1.3143867254257202,76.7421875,1.126408576965332,112.3994140625,111.1806640625,BASELINE_AGGREGATE,without_mapper,subsample_25000,25000,11.084109091990602,134492
20,32,302,385,1.3145934790372849,76.93359375,1.134723424911499,112.3994140625,111.1806640625,BASELINE_AGGREGATE,without_mapper,subsample_25000,25000,11.084109091990602,134492
21,32,328,400,1.3074874877929688,77.125,1.13757885992527,112.3994140625,111.1806640625,BASELINE_AGGREGATE,without_mapper,subsample_25000,25000,11.084109091990602,134492
22,32,278,349,1.3061519712209702,77.31640625,1.1349283158779144,112.3994140625,111.1806640625,BASELINE_AGGREGATE,without_mapper,subsample_25000,25000,11.084109091990602,134492
23,32,238,357,1.3088174164295197,77.5078125,1.1468492448329926,112.3994140625,111.1806640625,BASELINE_AGGREGATE,without_mapper,subsample_25000,25000,11.084109091990602,134492
24,32,235,353,1.60214863717556,77.69921875,1.1444035917520523,112.3994140625,111.1806640625,BASELINE_AGGREGATE,without_mapper,subsample_25000,25000,11.084109091990602,134492
25,32,223,330,1.3238657265901566,77.890625,1.1480990797281265,112.3994140625,111.1806640625,BASELINE_AGGREGATE,without_mapper,subsample_25000,25000,11.084109091990602,134492
26,32,307,395,1.3177059590816498,78.08203125,1.131497323513031,112.3994140625,111.1806640625,BASELINE_AGGREGATE,without_mapper,subsample_25000,25000,11.084109091990602,134492
27,32,232,342,1.318555325269699,78.2734375,1.136215403676033,112.3994140625,111.1806640625,BASELINE_AGGREGATE,without_mapper,subsample_25000,25000,11.084109091990602,134492
28,32,239,349,1.317497342824936,78.46484375,1.143861562013626,112.3994140625,111.1806640625,BASELINE_AGGREGATE,without_mapper,subsample_25000,25000,11.084109091990602,134492
29,32,266,379,1.310288906097412,78.65625,1.1279694736003876,112.3994140625,111.1806640625,BASELINE_AGGREGATE,without_mapper,subsample_25000,25000,11.084109091990602,134492
30,32,260,353,1.3060029596090317,78.84765625,1.124739646911621,112.3994140625,111.1806640625,BASELINE_AGGREGATE,without_mapper,subsample_25000,25000,11.084109091990602,134492
31,32,298,365,1.3036634773015976,79.0390625,1.1318698525428772,112.3994140625,111.1806640625,BASELINE_AGGREGATE,without_mapper,subsample_25000,25000,11.084109091990602,134492
32,32,196,339,1.305893063545227,79.23046875,1.1384040117263794,112.3994140625,111.1806640625,BASELINE_AGGREGATE,without_mapper,subsample_25000,25000,11.084109091990602,134492
33,32,227,325,1.3630613684654236,79.421875,1.1347997933626175,112.3994140625,111.1806640625,BASELINE_AGGREGATE,without_mapper,subsample_25000,25000,11.084109091990602,134492
34,32,299,378,1.4424324035644531,79.61328125,1.1354349553585052,112.3994140625,111.1806640625,BASELINE_AGGREGATE,without_mapper,subsample_25000,25000,11.084109091990602,134492
35,32,227,355,1.659618690609932,79.8046875,1.130295917391777,112.3994140625,111.1806640625,BASELINE_AGGREGATE,without_mapper,subsample_25000,25000,11.084109091990602,134492
36,32,301,373,1.3498030602931976,79.99609375,1.1349879205226898,112.3994140625,111.1806640625,BASELINE_AGGREGATE,without_mapper,subsample_25000,25000,11.084109091990602,134492
37,32,205,321,1.3494230806827545,80.1875,1.1334065347909927,112.3994140625,111.1806640625,BASELINE_AGGREGATE,without_mapper,subsample_25000,25000,11.084109091990602,134492
38,32,211,346,1.3210568577051163,80.37890625,1.134488731622696,112.3994140625,111.1806640625,BASELINE_AGGREGATE,without_mapper,subsample_25000,25000,11.084109091990602,134492
39,32,249,333,1.3334881514310837,80.5703125,1.1267438530921936,112.3994140625,111.1806640625,BASELINE_AGGREGATE,without_mapper,subsample_25000,25000,11.084109091990602,134492
40,32,262,356,1.3454742729663849,80.76171875,1.1266134679317474,112.3994140625,111.1806640625,BASELINE_AGGREGATE,without_mapper,subsample_25000,25000,11.084109091990602,134492
41,32,223,331,1.3415291905403137,80.953125,1.1129304766654968,112.3994140625,111.1806640625,BASELINE_AGGREGATE,without_mapper,subsample_25000,25000,11.084109091990602,134492
42,32,246,335,1.3270974159240723,81.14453125,1.1388007551431656,112.3994140625,111.1806640625,BASELINE_AGGREGATE,without_mapper,subsample_25000,25000,11.084109091990602,134492
43,32,202,325,1.3334862887859344,81.3359375,1.1337734758853912,112.3994140625,111.1806640625,BASELINE_AGGREGATE,without_mapper,subsample_25000,25000,11.084109091990602,134492
44,32,274,356,1.3290569186210632,81.52734375,1.1838246136903763,112.3994140625,111.1806640625,BASELINE_AGGREGATE,without_mapper,subsample_25000,25000,11.084109091990602,134492
45,32,265,356,1.614859327673912,81.71875,1.1312607675790787,112.3994140625,111.1806640625,BASELINE_AGGREGATE,without_mapper,subsample_25000,25000,11.084109091990602,134492
46,32,274,343,1.3279877603054047,81.91015625,1.1330768465995789,112.3994140625,111.1806640625,BASELINE_AGGREGATE,without_mapper,subsample_25000,25000,11.084109091990602,134492
47,32,257,379,1.311659812927246,82.1015625,1.1149104684591293,112.3994140625,111.1806640625,BASELINE_AGGREGATE,without_mapper,subsample_25000,25000,11.084109091990602,134492
48,32,265,371,1.3272576034069061,82.29296875,1.1332836002111435,112.3994140625,111.1806640625,BASELINE_AGGREGATE,without_mapper,subsample_25000,25000,11.084109091990602,134492
49,32,301,371,1.316821202635765,82.484375,1.127183437347412,112.3994140625,111.1806640625,BASELINE_AGGREGATE,without_mapper,subsample_25000,25000,11.084109091990602,134492
50,32,211,334,1.3139043003320694,82.67578125,1.1408422142267227,112.3994140625,111.1806640625,BASELINE_AGGREGATE,without_mapper,subsample_25000,25000,11.084109091990602,134492
51,32,201,310,1.3329237699508667,82.8671875,1.1323243379592896,112.3994140625,111.1806640625,BASELINE_AGGREGATE,without_mapper,subsample_25000,25000,11.084109091990602,134492
52,32,228,359,1.314949244260788,83.05859375,1.268165186047554,112.3994140625,111.1806640625,BASELINE_AGGREGATE,without_mapper,subsample_25000,25000,11.084109091990602,134492
53,32,269,378,1.3182293623685837,83.25,1.1329147964715958,112.3994140625,111.1806640625,BASELINE_AGGREGATE,without_mapper,subsample_25000,25000,11.084109091990602,134492
54,32,251,341,1.3189390301704407,83.44140625,1.1361688375473022,112.3994140625,111.1806640625,BASELINE_AGGREGATE,without_mapper,subsample_25000,25000,11.084109091990602,134492
55,32,295,366,1.6017109155654907,83.6328125,1.1372584849596024,112.3994140625,111.1806640625,BASELINE_AGGREGATE,without_mapper,subsample_25000,25000,11.084109091990602,134492
56,32,319,392,1.3211928308010101,83.82421875,1.131393015384674,112.3994140625,111.1806640625,BASELINE_AGGREGATE,without_mapper,subsample_25000,25000,11.084109091990602,134492
57,32,290,351,1.3214517384767532,84.015625,1.1354144662618637,112.3994140625,111.1806640625,BASELINE_AGGREGATE,without_mapper,subsample_25000,25000,11.084109091990602,134492
58,32,199,306,1.3774354010820389,84.20703125,1.130707561969757,112.3994140625,111.1806640625,BASELINE_AGGREGATE,without_mapper,subsample_25000,25000,11.084109091990602,134492
59,32,230,327,1.3486649841070175,84.3984375,1.1299066245555878,112.3994140625,111.1806640625,BASELINE_AGGREGATE,without_mapper,subsample_25000,25000,11.084109091990602,134492
60,32,276,384,1.3291966170072556,84.58984375,1.1310763657093048,112.3994140625,111.1806640625,BASELINE_AGGREGATE,without_mapper,subsample_25000,25000,11.084109091990602,134492
61,32,215,343,1.334572210907936,84.78125,1.131732016801834,112.3994140625,111.1806640625,BASELINE_AGGREGATE,without_mapper,subsample_25000,25000,11.084109091990602,134492
62,32,275,367,1.3487990945577621,84.97265625,1.1297129094600677,112.3994140625,111.1806640625,BASELINE_AGGREGATE,without_mapper,subsample_25000,25000,11.084109091990602,134492
63,32,203,323,1.3279784470796585,85.1640625,1.1273343116044998,112.3994140625,111.1806640625,BASELINE_AGGREGATE,without_mapper,subsample_25000,25000,11.084109091990602,134492
64,32,301,366,1.336708664894104,85.35546875,1.2019891291856766,112.3994140625,111.1806640625,BASELINE_AGGREGATE,without_mapper,subsample_25000,25000,11.084109091990602,134492
65,32,256,328,1.3405121862888336,85.546875,1.1274702847003937,112.3994140625,111.1806640625,BASELINE_AGGREGATE,without_mapper,subsample_25000,25000,11.084109091990602,134492
66,32,286,356,1.654045656323433,85.73828125,1.1325795203447342,112.3994140625,111.1806640625,BASELINE_AGGREGATE,without_mapper,subsample_25000,25000,11.084109091990602,134492
67,32,265,358,1.339588314294815,85.9296875,1.1266600340604782,112.3994140625,111.1806640625,BASELINE_AGGREGATE,without_mapper,subsample_25000,25000,11.084109091990602,134492
68,32,336,394,1.3284478336572647,86.12109375,1.1257883161306381,112.3994140625,111.1806640625,BASELINE_AGGREGATE,without_mapper,subsample_25000,25000,11.084109091990602,134492
69,32,237,338,1.3395193964242935,86.3125,1.1365525424480438,112.3994140625,111.1806640625,BASELINE_AGGREGATE,without_mapper,subsample_25000,25000,11.084109091990602,134492
70,32,327,410,1.3314206153154373,86.50390625,1.203211024403572,112.3994140625,111.1806640625,BASELINE_AGGREGATE,without_mapper,subsample_25000,25000,11.084109091990602,134492
71,32,244,335,1.3197362422943115,86.6953125,1.1901985853910446,112.3994140625,111.1806640625,BASELINE_AGGREGATE,without_mapper,subsample_25000,25000,11.084109091990602,134492
72,32,259,370,1.383839175105095,86.88671875,1.273415982723236,112.3994140625,111.1806640625,BASELINE_AGGREGATE,without_mapper,subsample_25000,25000,11.084109091990602,134492
73,32,366,431,1.3158060610294342,87.078125,1.1800378561019897,112.3994140625,111.1806640625,BASELINE_AGGREGATE,without_mapper,subsample_25000,25000,11.084109091990602,134492
74,32,284,333,1.3337116688489914,87.26953125,1.2121479958295822,112.3994140625,111.1806640625,BASELINE_AGGREGATE,without_mapper,subsample_25000,25000,11.084109091990602,134492
75,32,309,395,1.334046944975853,87.4609375,1.1337902396917343,112.3994140625,111.1806640625,BASELINE_AGGREGATE,without_mapper,subsample_25000,25000,11.084109091990602,134492
76,32,219,361,1.6062688082456589,87.65234375,1.3400856405496597,112.3994140625,111.1806640625,BASELINE_AGGREGATE,without_mapper,subsample_25000,25000,11.084109091990602,134492
77,32,273,383,1.3294890522956848,87.84375,1.1587385088205338,112.3994140625,111.1806640625,BASELINE_AGGREGATE,without_mapper,subsample_25000,25000,11.084109091990602,134492
78,32,276,364,1.3271234929561615,88.03515625,1.1635515838861465,112.3994140625,111.1806640625,BASELINE_AGGREGATE,without_mapper,subsample_25000,25000,11.084109091990602,134492
79,32,292,373,1.3341177254915237,88.2265625,1.1583846062421799,112.3994140625,111.1806640625,BASELINE_AGGREGATE,without_mapper,subsample_25000,25000,11.084109091990602,134492
80,32,283,343,1.3181716203689575,88.41796875,1.1488888412714005,112.3994140625,111.1806640625,BASELINE_AGGREGATE,without_mapper,subsample_25000,25000,11.084109091990602,134492
81,32,215,316,1.3255849480628967,88.609375,1.142909750342369,112.3994140625,111.1806640625,BASELINE_AGGREGATE,without_mapper,subsample_25000,25000,11.084109091990602,134492
82,32,294,360,1.3740193098783493,88.80078125,1.1493116617202759,112.3994140625,111.1806640625,BASELINE_AGGREGATE,without_mapper,subsample_25000,25000,11.084109091990602,134492
83,32,262,373,1.3154111802577972,88.9921875,1.1199172586202621,112.3994140625,111.1806640625,BASELINE_AGGREGATE,without_mapper,subsample_25000,25000,11.084109091990602,134492
84,32,314,371,1.3290680944919586,89.18359375,1.1837482452392578,112.3994140625,111.1806640625,BASELINE_AGGREGATE,without_mapper,subsample_25000,25000,11.084109091990602,134492
85,32,282,394,1.3420861214399338,89.375,1.1451225727796555,112.3994140625,111.1806640625,BASELINE_AGGREGATE,without_mapper,subsample_25000,25000,11.084109091990602,134492
86,32,183,320,1.3524610549211502,89.56640625,1.1478234082460403,112.3994140625,111.1806640625,BASELINE_AGGREGATE,without_mapper,subsample_25000,25000,11.084109091990602,134492
87,32,249,336,1.6027260571718216,89.7578125,1.1275708675384521,112.3994140625,111.1806640625,BASELINE_AGGREGATE,without_mapper,subsample_25000,25000,11.084109091990602,134492
88,32,220,328,1.328974962234497,89.94921875,1.1570882052183151,112.3994140625,111.1806640625,BASELINE_AGGREGATE,without_mapper,subsample_25000,25000,11.084109091990602,134492
89,32,229,369,1.3242047280073166,90.140625,1.12060084939003,112.3994140625,111.1806640625,BASELINE_AGGREGATE,without_mapper,subsample_25000,25000,11.084109091990602,134492
90,32,335,411,1.325700432062149,90.33203125,1.1272691190242767,112.3994140625,111.1806640625,BASELINE_AGGREGATE,without_mapper,subsample_25000,25000,11.084109091990602,134492
91,32,257,362,1.324603334069252,90.5234375,1.1260323226451874,112.3994140625,111.1806640625,BASELINE_AGGREGATE,without_mapper,subsample_25000,25000,11.084109091990602,134492
92,32,214,315,1.3408344238996506,90.71484375,1.1604949831962585,112.3994140625,111.1806640625,BASELINE_AGGREGATE,without_mapper,subsample_25000,25000,11.084109091990602,134492
93,32,259,351,1.3314634561538696,90.90625,1.1690836399793625,112.3994140625,111.1806640625,BASELINE_AGGREGATE,without_mapper,subsample_25000,25000,11.084109091990602,134492
94,32,263,368,1.3356637209653854,91.09765625,1.1293943971395493,112.3994140625,111.1806640625,BASELINE_AGGREGATE,without_mapper,subsample_25000,25000,11.084109091990602,134492
95,32,209,319,1.3261325657367706,91.2890625,1.1227428913116455,112.3994140625,111.1806640625,BASELINE_AGGREGATE,without_mapper,subsample_25000,25000,11.084109091990602,134492
96,32,194,327,1.3104956597089767,91.48046875,1.1326111853122711,112.3994140625,111.1806640625,BASELINE_AGGREGATE,without_mapper,subsample_25000,25000,11.084109091990602,134492
97,32,224,348,1.5996042639017105,91.671875,1.1352822184562683,112.3994140625,111.1806640625,BASELINE_AGGREGATE,without_mapper,subsample_25000,25000,11.084109091990602,134492
98,32,262,362,1.3356748968362808,91.86328125,1.1464748531579971,112.3994140625,111.1806640625,BASELINE_AGGREGATE,without_mapper,subsample_25000,25000,11.084109091990602,134492
99,32,253,348,1.3293474912643433,92.0546875,1.135280355811119,112.3994140625,111.1806640625,BASELINE_AGGREGATE,without_mapper,subsample_25000,25000,11.084109091990602,134492
100,32,361,423,1.336926594376564,92.24609375,1.1455658823251724,112.3994140625,111.1806640625,BASELINE_AGGREGATE,without_mapper,subsample_25000,25000,11.084109091990602,134492
101,32,203,357,1.3440921902656555,92.4375,1.1340826749801636,112.3994140625,111.1806640625,BASELINE_AGGREGATE,without_mapper,subsample_25000,25000,11.084109091990602,134492
102,32,208,347,1.3389233499765396,92.62890625,1.135965809226036,112.3994140625,111.1806640625,BASELINE_AGGREGATE,without_mapper,subsample_25000,25000,11.084109091990602,134492
103,32,205,326,1.3418681919574738,92.8203125,1.1353455483913422,112.3994140625,111.1806640625,BASELINE_AGGREGATE,without_mapper,subsample_25000,25000,11.084109091990602,134492
104,32,269,358,1.3451874256134033,93.01171875,1.1343806982040405,112.3994140625,111.1806640625,BASELINE_AGGREGATE,without_mapper,subsample_25000,25000,11.084109091990602,134492
105,32,183,318,1.3826582580804825,93.203125,1.135626807808876,112.3994140625,111.1806640625,BASELINE_AGGREGATE,without_mapper,subsample_25000,25000,11.084109091990602,134492
106,32,264,360,1.403115689754486,93.39453125,1.139441505074501,112.3994140625,111.1806640625,BASELINE_AGGREGATE,without_mapper,subsample_25000,25000,11.084109091990602,134492
107,32,210,340,1.3158619403839111,93.5859375,1.125667244195938,112.3994140625,111.1806640625,BASELINE_AGGREGATE,without_mapper,subsample_25000,25000,11.084109091990602,134492
108,32,206,318,1.5982389450073242,93.77734375,1.1409483850002289,112.3994140625,111.1806640625,BASELINE_AGGREGATE,without_mapper,subsample_25000,25000,11.084109091990602,134492
109,32,246,337,1.321062445640564,93.96875,1.1281315237283707,112.3994140625,111.1806640625,BASELINE_AGGREGATE,without_mapper,subsample_25000,25000,11.084109091990602,134492
110,32,266,352,1.3149324804544449,94.16015625,1.1290255934000015,112.3994140625,111.1806640625,BASELINE_AGGREGATE,without_mapper,subsample_25000,25000,11.084109091990602,134492
111,32,303,390,1.3145990669727325,94.3515625,1.1255387216806412,112.3994140625,111.1806640625,BASELINE_AGGREGATE,without_mapper,subsample_25000,25000,11.084109091990602,134492
112,32,330,404,1.3282876461744308,94.54296875,1.129932701587677,112.3994140625,111.1806640625,BASELINE_AGGREGATE,without_mapper,subsample_25000,25000,11.084109091990602,134492
113,32,300,356,1.3160556554794312,94.734375,1.1300798505544662,112.3994140625,111.1806640625,BASELINE_AGGREGATE,without_mapper,subsample_25000,25000,11.084109091990602,134492
114,32,244,329,1.3218596577644348,94.92578125,1.1273492127656937,112.3994140625,111.1806640625,BASELINE_AGGREGATE,without_mapper,subsample_25000,25000,11.084109091990602,134492
115,32,237,343,1.339782029390335,95.1171875,1.1337995529174805,112.3994140625,111.1806640625,BASELINE_AGGREGATE,without_mapper,subsample_25000,25000,11.084109091990602,134492
116,32,260,354,1.328820362687111,95.30859375,1.1909175664186478,112.3994140625,111.1806640625,BASELINE_AGGREGATE,without_mapper,subsample_25000,25000,11.084109091990602,134492
117,32,190,332,1.3402197510004044,95.5,1.1359211057424545,112.3994140625,111.1806640625,BASELINE_AGGREGATE,without_mapper,subsample_25000,25000,11.084109091990602,134492
118,32,267,332,1.6011949628591537,95.69140625,1.1294297873973846,112.3994140625,111.1806640625,BASELINE_AGGREGATE,without_mapper,subsample_25000,25000,11.084109091990602,134492
119,32,269,358,1.3113096356391907,95.8828125,1.1326093226671219,112.3994140625,111.1806640625,BASELINE_AGGREGATE,without_mapper,subsample_25000,25000,11.084109091990602,134492
120,32,214,323,1.3100393116474152,96.07421875,1.1317338794469833,112.3994140625,111.1806640625,BASELINE_AGGREGATE,without_mapper,subsample_25000,25000,11.084109091990602,134492
121,32,270,370,1.3121683150529861,96.265625,1.2079495936632156,112.3994140625,111.1806640625,BASELINE_AGGREGATE,without_mapper,subsample_25000,25000,11.084109091990602,134492
122,32,266,362,1.3068951666355133,96.45703125,1.1445637792348862,112.3994140625,111.1806640625,BASELINE_AGGREGATE,without_mapper,subsample_25000,25000,11.084109091990602,134492
123,32,287,405,1.333039253950119,96.6484375,1.1355169117450714,112.3994140625,111.1806640625,BASELINE_AGGREGATE,without_mapper,subsample_25000,25000,11.084109091990602,134492
124,32,287,375,1.312771812081337,96.83984375,1.1353380978107452,112.3994140625,111.1806640625,BASELINE_AGGREGATE,without_mapper,subsample_25000,25000,11.084109091990602,134492
125,32,187,321,1.3261735439300537,97.03125,1.1312272399663925,112.3994140625,111.1806640625,BASELINE_AGGREGATE,without_mapper,subsample_25000,25000,11.084109091990602,134492
126,32,253,325,1.342007890343666,97.22265625,1.1390410363674164,112.3994140625,111.1806640625,BASELINE_AGGREGATE,without_mapper,subsample_25000,25000,11.084109091990602,134492
127,32,272,355,1.3246797025203705,97.4140625,1.1242423206567764,112.3994140625,111.1806640625,BASELINE_AGGREGATE,without_mapper,subsample_25000,25000,11.084109091990602,134492
128,32,291,373,1.3980399817228317,97.60546875,1.1243820190429688,112.3994140625,111.1806640625,BASELINE_AGGREGATE,without_mapper,subsample_25000,25000,11.084109091990602,134492
129,32,303,392,1.5809163451194763,97.796875,1.1245757341384888,112.3994140625,111.1806640625,BASELINE_AGGREGATE,without_mapper,subsample_25000,25000,11.084109091990602,134492
130,32,311,383,1.31971575319767,97.98828125,1.1446233838796616,112.3994140625,111.1806640625,BASELINE_AGGREGATE,without_mapper,subsample_25000,25000,11.084109091990602,134492
131,32,288,388,1.3550594449043274,98.1796875,1.1269450187683105,112.3994140625,111.1806640625,BASELINE_AGGREGATE,without_mapper,subsample_25000,25000,11.084109091990602,134492
132,32,318,420,1.3128556311130524,98.37109375,1.134868711233139,112.3994140625,111.1806640625,BASELINE_AGGREGATE,without_mapper,subsample_25000,25000,11.084109091990602,134492
133,32,239,359,1.3174116611480713,98.5625,1.1298339813947678,112.3994140625,111.1806640625,BASELINE_AGGREGATE,without_mapper,subsample_25000,25000,11.084109091990602,134492
134,32,315,351,1.3035312294960022,98.75390625,1.1433977633714676,112.3994140625,111.1806640625,BASELINE_AGGREGATE,without_mapper,subsample_25000,25000,11.084109091990602,134492
135,32,297,387,1.3126377016305923,98.9453125,1.1328160762786865,112.3994140625,111.1806640625,BASELINE_AGGREGATE,without_mapper,subsample_25000,25000,11.084109091990602,134492
136,32,239,346,1.3187993317842484,99.13671875,1.145344227552414,112.3994140625,111.1806640625,BASELINE_AGGREGATE,without_mapper,subsample_25000,25000,11.084109091990602,134492
137,32,309,387,1.3111717998981476,99.328125,1.1273492127656937,112.3994140625,111.1806640625,BASELINE_AGGREGATE,without_mapper,subsample_25000,25000,11.084109091990602,134492
138,32,311,393,1.2984517961740494,99.51953125,1.1452697217464447,112.3994140625,111.1806640625,BASELINE_AGGREGATE,without_mapper,subsample_25000,25000,11.084109091990602,134492
139,32,261,376,1.5902351588010788,99.7109375,1.1453703045845032,112.3994140625,111.1806640625,BASELINE_AGGREGATE,without_mapper,subsample_25000,25000,11.084109091990602,134492
140,32,222,312,1.3032201677560806,99.90234375,1.221856102347374,112.3994140625,111.1806640625,BASELINE_AGGREGATE,without_mapper,subsample_25000,25000,11.084109091990602,134492
141,32,283,366,1.3282466679811478,100.09375,1.1368542909622192,112.3994140625,111.1806640625,BASELINE_AGGREGATE,without_mapper,subsample_25000,25000,11.084109091990602,134492
142,32,234,344,1.303546130657196,100.28515625,1.1453106999397278,112.3994140625,111.1806640625,BASELINE_AGGREGATE,without_mapper,subsample_25000,25000,11.084109091990602,134492
143,32,191,313,1.3177059590816498,100.4765625,1.1309757828712463,112.3994140625,111.1806640625,BASELINE_AGGREGATE,without_mapper,subsample_25000,25000,11.084109091990602,134492
144,32,279,366,1.301908865571022,100.66796875,1.1253897100687027,112.3994140625,111.1806640625,BASELINE_AGGREGATE,without_mapper,subsample_25000,25000,11.084109091990602,134492
145,32,224,349,1.3138744980096817,100.859375,1.1299755424261093,112.3994140625,111.1806640625,BASELINE_AGGREGATE,without_mapper,subsample_25000,25000,11.084109091990602,134492
146,32,256,353,1.3118833303451538,101.05078125,1.1322200298309326,112.3994140625,111.1806640625,BASELINE_AGGREGATE,without_mapper,subsample_25000,25000,11.084109091990602,134492
147,32,207,319,1.3115573674440384,101.2421875,1.1250786483287811,112.3994140625,111.1806640625,BASELINE_AGGREGATE,without_mapper,subsample_25000,25000,11.084109091990602,134492
148,32,199,331,1.3023465871810913,101.43359375,1.1318791657686234,112.3994140625,111.1806640625,BASELINE_AGGREGATE,without_mapper,subsample_25000,25000,11.084109091990602,134492
149,32,256,350,1.305883750319481,101.625,1.126529648900032,112.3994140625,111.1806640625,BASELINE_AGGREGATE,without_mapper,subsample_25000,25000,11.084109091990602,134492
150,32,193,329,1.5725232660770416,101.81640625,1.1221133172512054,112.3994140625,111.1806640625,BASELINE_AGGREGATE,without_mapper,subsample_25000,25000,11.084109091990602,134492
151,32,277,349,1.3230331242084503,102.0078125,1.1196713894605637,112.3994140625,111.1806640625,BASELINE_AGGREGATE,without_mapper,subsample_25000,25000,11.084109091990602,134492
152,32,309,391,1.3186316937208176,102.19921875,1.1275224387645721,112.3994140625,111.1806640625,BASELINE_AGGREGATE,without_mapper,subsample_25000,25000,11.084109091990602,134492
153,32,261,391,1.3171061873435974,102.390625,1.126876100897789,112.3994140625,111.1806640625,BASELINE_AGGREGATE,without_mapper,subsample_25000,25000,11.084109091990602,134492
154,32,261,351,1.3204235583543777,102.58203125,1.1357646435499191,112.3994140625,111.1806640625,BASELINE_AGGREGATE,without_mapper,subsample_25000,25000,11.084109091990602,134492
155,32,348,386,1.718888059258461,102.7734375,1.1368636041879654,112.3994140625,111.1806640625,BASELINE_AGGREGATE,without_mapper,subsample_25000,25000,11.084109091990602,134492
156,32,244,343,1.314070075750351,102.96484375,1.1367928236722946,112.3994140625,111.1806640625,BASELINE_AGGREGATE,without_mapper,subsample_25000,25000,11.084109091990602,134492
157,32,258,361,1.3137143105268478,103.15625,1.1405851691961288,112.3994140625,111.1806640625,BASELINE_AGGREGATE,without_mapper,subsample_25000,25000,11.084109091990602,134492
158,32,295,368,1.3058129698038101,103.34765625,1.1296607553958893,112.3994140625,111.1806640625,BASELINE_AGGREGATE,without_mapper,subsample_25000,25000,11.084109091990602,134492
159,32,300,381,1.3124290853738785,103.5390625,1.1310689151287079,112.3994140625,111.1806640625,BASELINE_AGGREGATE,without_mapper,subsample_25000,25000,11.084109091990602,134492
160,32,260,337,1.573348417878151,103.73046875,1.1220425367355347,112.3994140625,111.1806640625,BASELINE_AGGREGATE,without_mapper,subsample_25000,25000,11.084109091990602,134492
161,32,300,374,1.305948942899704,103.921875,1.1254865676164627,112.3994140625,111.1806640625,BASELINE_AGGREGATE,without_mapper,subsample_25000,25000,11.084109091990602,134492
162,32,219,336,1.3051312416791916,104.11328125,1.1502355337142944,112.3994140625,111.1806640625,BASELINE_AGGREGATE,without_mapper,subsample_25000,25000,11.084109091990602,134492
163,32,242,353,1.3072211295366287,104.3046875,1.1251233518123627,112.3994140625,111.1806640625,BASELINE_AGGREGATE,without_mapper,subsample_25000,25000,11.084109091990602,134492
164,32,231,328,1.2866724282503128,104.49609375,1.1324472725391388,112.3994140625,111.1806640625,BASELINE_AGGREGATE,without_mapper,subsample_25000,25000,11.084109091990602,134492
165,32,319,367,1.3035666197538376,104.6875,1.1685993522405624,112.3994140625,111.1806640625,BASELINE_AGGREGATE,without_mapper,subsample_25000,25000,11.084109091990602,134492
166,32,259,366,1.2957435101270676,104.87890625,1.1325739324092865,112.3994140625,111.1806640625,BASELINE_AGGREGATE,without_mapper,subsample_25000,25000,11.084109091990602,134492
167,32,261,356,1.3131853193044662,105.0703125,1.140715554356575,112.3994140625,111.1806640625,BASELINE_AGGREGATE,without_mapper,subsample_25000,25000,11.084109091990602,134492
168,32,295,354,1.2925267219543457,105.26171875,1.1501796543598175,112.3994140625,111.1806640625,BASELINE_AGGREGATE,without_mapper,subsample_25000,25000,11.084109091990602,134492
169,32,258,354,1.3050958514213562,105.453125,1.2255962938070297,112.3994140625,111.1806640625,BASELINE_AGGREGATE,without_mapper,subsample_25000,25000,11.084109091990602,134492
170,32,273,373,1.5676654875278473,105.64453125,1.145586371421814,112.3994140625,111.1806640625,BASELINE_AGGREGATE,without_mapper,subsample_25000,25000,11.084109091990602,134492
171,32,276,377,1.30465067923069,105.8359375,1.1247601360082626,112.3994140625,111.1806640625,BASELINE_AGGREGATE,without_mapper,subsample_25000,25000,11.084109091990602,134492
172,32,251,355,1.2907478958368301,106.02734375,1.128222793340683,112.3994140625,111.1806640625,BASELINE_AGGREGATE,without_mapper,subsample_25000,25000,11.084109091990602,134492
173,32,261,355,1.3032350689172745,106.21875,1.1364836245775223,112.3994140625,111.1806640625,BASELINE_AGGREGATE,without_mapper,subsample_25000,25000,11.084109091990602,134492
174,32,243,354,1.3169720768928528,106.41015625,1.1924616992473602,112.3994140625,111.1806640625,BASELINE_AGGREGATE,without_mapper,subsample_25000,25000,11.084109091990602,134492
175,32,277,379,1.3039298355579376,106.6015625,1.1301189661026,112.3994140625,111.1806640625,BASELINE_AGGREGATE,without_mapper,subsample_25000,25000,11.084109091990602,134492
176,32,229,339,1.298738643527031,106.79296875,1.127690076828003,112.3994140625,111.1806640625,BASELINE_AGGREGATE,without_mapper,subsample_25000,25000,11.084109091990602,134492
177,32,306,405,1.3028066605329514,106.984375,1.1308323591947556,112.3994140625,111.1806640625,BASELINE_AGGREGATE,without_mapper,subsample_25000,25000,11.084109091990602,134492
178,32,242,360,1.2987889349460602,107.17578125,1.1429060250520706,112.3994140625,111.1806640625,BASELINE_AGGREGATE,without_mapper,subsample_25000,25000,11.084109091990602,134492
179,32,209,326,1.3037044554948807,107.3671875,1.1312346905469894,112.3994140625,111.1806640625,BASELINE_AGGREGATE,without_mapper,subsample_25000,25000,11.084109091990602,134492
180,32,219,327,1.3449639081954956,107.55859375,1.1407043784856796,112.3994140625,111.1806640625,BASELINE_AGGREGATE,without_mapper,subsample_25000,25000,11.084109091990602,134492
181,32,242,358,1.6194898635149002,107.75,1.1211242526769638,112.3994140625,111.1806640625,BASELINE_AGGREGATE,without_mapper,subsample_25000,25000,11.084109091990602,134492
182,32,249,363,1.2913942337036133,107.94140625,1.1312197893857956,112.3994140625,111.1806640625,BASELINE_AGGREGATE,without_mapper,subsample_25000,25000,11.084109091990602,134492
183,32,201,343,1.307448372244835,108.1328125,1.1265557259321213,112.3994140625,111.1806640625,BASELINE_AGGREGATE,without_mapper,subsample_25000,25000,11.084109091990602,134492
184,32,238,338,1.3189446181058884,108.32421875,1.141659915447235,112.3994140625,111.1806640625,BASELINE_AGGREGATE,without_mapper,subsample_25000,25000,11.084109091990602,134492
185,32,229,353,1.3159271329641342,108.515625,1.1287350207567215,112.3994140625,111.1806640625,BASELINE_AGGREGATE,without_mapper,subsample_25000,25000,11.084109091990602,134492
186,32,214,320,1.3093352317810059,108.70703125,1.133941113948822,112.3994140625,111.1806640625,BASELINE_AGGREGATE,without_mapper,subsample_25000,25000,11.084109091990602,134492
187,32,179,306,1.3135839253664017,108.8984375,1.1360403150320053,112.3994140625,111.1806640625,BASELINE_AGGREGATE,without_mapper,subsample_25000,25000,11.084109091990602,134492
188,32,244,350,1.3108905404806137,109.08984375,1.130860298871994,112.3994140625,111.1806640625,BASELINE_AGGREGATE,without_mapper,subsample_25000,25000,11.084109091990602,134492
189,32,243,337,1.318110153079033,109.28125,1.1206790804862976,112.3994140625,111.1806640625,BASELINE_AGGREGATE,without_mapper,subsample_25000,25000,11.084109091990602,134492
190,32,234,347,1.3072211295366287,109.47265625,1.1538416147232056,112.3994140625,111.1806640625,BASELINE_AGGREGATE,without_mapper,subsample_25000,25000,11.084109091990602,134492
191,32,214,331,1.5803780406713486,109.6640625,1.130344346165657,112.3994140625,111.1806640625,BASELINE_AGGREGATE,without_mapper,subsample_25000,25000,11.084109091990602,134492
192,32,269,362,1.3374052941799164,109.85546875,1.1437125504016876,112.3994140625,111.1806640625,BASELINE_AGGREGATE,without_mapper,subsample_25000,25000,11.084109091990602,134492
193,32,216,339,1.3363789767026901,110.046875,1.1197589337825775,112.3994140625,111.1806640625,BASELINE_AGGREGATE,without_mapper,subsample_25000,25000,11.084109091990602,134492
194,32,275,354,1.315174624323845,110.23828125,1.1365022510290146,112.3994140625,111.1806640625,BASELINE_AGGREGATE,without_mapper,subsample_25000,25000,11.084109091990602,134492
195,32,279,376,1.3156235218048096,110.4296875,1.1303313076496124,112.3994140625,111.1806640625,BASELINE_AGGREGATE,without_mapper,subsample_25000,25000,11.084109091990602,134492
196,32,245,354,1.2884307652711868,110.62109375,1.140376552939415,112.3994140625,111.1806640625,BASELINE_AGGREGATE,without_mapper,subsample_25000,25000,11.084109091990602,134492
197,32,215,314,1.294214278459549,110.8125,1.1180397123098373,112.3994140625,111.1806640625,BASELINE_AGGREGATE,without_mapper,subsample_25000,25000,11.084109091990602,134492
198,32,233,352,1.3058576732873917,111.00390625,1.1619124561548233,112.3994140625,111.1806640625,BASELINE_AGGREGATE,without_mapper,subsample_25000,25000,11.084109091990602,134492
199,32,292,371,1.2921709567308426,111.1953125,1.1263638734817505,112.3994140625,111.1806640625,BASELINE_AGGREGATE,without_mapper,subsample_25000,25000,11.084109091990602,134492
0,32,270,351,3.070872277021408,122.33203125,1.6307495534420013,163.69091796875,162.46923828125,INDIVIDUAL_ANNOTATOR,with_mapper,subsample_25000,25000,11.084109091990602,134492
1,32,298,393,3.4040547907352448,122.533203125,1.7605442553758621,163.6884765625,162.470703125,INDIVIDUAL_ANNOTATOR,with_mapper,subsample_25000,25000,11.084109091990602,134492
2,32,239,349,3.051573410630226,122.73583984375,1.6434453427791595,163.68896484375,162.46923828125,INDIVIDUAL_ANNOTATOR,with_mapper,subsample_25000,25000,11.084109091990602,134492
3,32,270,373,3.104202449321747,122.93701171875,1.6421154141426086,163.68896484375,162.47314453125,INDIVIDUAL_ANNOTATOR,with_mapper,subsample_25000,25000,11.084109091990602,134492
4,32,195,317,3.0257664620876312,123.14111328125,1.640506088733673,163.689453125,162.4638671875,INDIVIDUAL_ANNOTATOR,with_mapper,subsample_25000,25000,11.084109091990602,134492
5,32,272,348,3.066767007112503,123.337890625,1.6379598528146744,163.68408203125,162.46826171875,INDIVIDUAL_ANNOTATOR,with_mapper,subsample_25000,25000,11.084109091990602,134492
6,32,207,328,3.0422229319810867,123.5380859375,1.6468651592731476,163.68701171875,162.46728515625,INDIVIDUAL_ANNOTATOR,with_mapper,subsample_25000,25000,11.084109091990602,134492
7,32,249,323,3.035411238670349,123.7373046875,1.6544107347726822,163.68603515625,162.46826171875,INDIVIDUAL_ANNOTATOR,with_mapper,subsample_25000,25000,11.084109091990602,134492
8,32,330,415,3.154020756483078,123.9375,1.6630124300718307,163.6884765625,162.4736328125,INDIVIDUAL_ANNOTATOR,with_mapper,subsample_25000,25000,11.084109091990602,134492
9,32,259,371,3.0689463019371033,124.14208984375,1.6507972031831741,163.69189453125,162.47216796875,INDIVIDUAL_ANNOTATOR,with_mapper,subsample_25000,25000,11.084109091990602,134492
10,32,232,304,3.0937790870666504,124.34521484375,1.6520079225301743,163.6884765625,162.4638671875,INDIVIDUAL_ANNOTATOR,with_mapper,subsample_25000,25000,11.084109091990602,134492
11,32,236,342,3.3865608274936676,124.5419921875,1.6552116721868515,163.68408203125,162.46826171875,INDIVIDUAL_ANNOTATOR,with_mapper,subsample_25000,25000,11.084109091990602,134492
12,32,233,338,3.0242372304201126,124.7421875,1.6305726021528244,163.68701171875,162.46826171875,INDIVIDUAL_ANNOTATOR,with_mapper,subsample_25000,25000,11.084109091990602,134492
13,32,218,312,3.0026771128177643,124.9423828125,1.6420837491750717,163.685546875,162.4638671875,INDIVIDUAL_ANNOTATOR,with_mapper,subsample_25000,25000,11.084109091990602,134492
14,32,286,379,3.067687153816223,125.13916015625,1.6416944563388824,163.68505859375,162.47216796875,INDIVIDUAL_ANNOTATOR,with_mapper,subsample_25000,25000,11.084109091990602,134492
15,32,311,381,3.170713782310486,125.34228515625,1.642562448978424,163.68994140625,162.47021484375,INDIVIDUAL_ANNOTATOR,with_mapper,subsample_25000,25000,11.084109091990602,134492
16,32,232,334,3.0270032584667206,125.54443359375,1.6666054725646973,163.68896484375,162.46826171875,INDIVIDUAL_ANNOTATOR,with_mapper,subsample_25000,25000,11.084109091990602,134492
17,32,274,362,3.0638519674539566,125.74462890625,1.6513988375663757,163.68798828125,162.47314453125,INDIVIDUAL_ANNOTATOR,with_mapper,subsample_25000,25000,11.084109091990602,134492
18,32,231,337,3.0214283615350723,125.94873046875,1.6519688069820404,163.69091796875,162.46826171875,INDIVIDUAL_ANNOTATOR,with_mapper,subsample_25000,25000,11.084109091990602,134492
19,32,196,324,3.04395891726017,126.14892578125,1.6305018216371536,163.68701171875,162.46826171875,INDIVIDUAL_ANNOTATOR,with_mapper,subsample_25000,25000,11.084109091990602,134492
20,32,302,385,3.063524141907692,126.34912109375,1.6497783362865448,163.6884765625,162.47265625,INDIVIDUAL_ANNOTATOR,with_mapper,subsample_25000,25000,11.084109091990602,134492
21,32,328,400,3.4618377685546875,126.552734375,1.6415361315011978,163.69140625,162.47265625,INDIVIDUAL_ANNOTATOR,with_mapper,subsample_25000,25000,11.084109091990602,134492
22,32,278,349,3.0644331127405167,126.75634765625,1.703806221485138,163.69091796875,162.47314453125,INDIVIDUAL_ANNOTATOR,with_mapper,subsample_25000,25000,11.084109091990602,134492
23,32,238,357,3.192845731973648,126.96044921875,1.6509387642145157,163.69189453125,162.47412109375,INDIVIDUAL_ANNOTATOR,with_mapper,subsample_25000,25000,11.084109091990602,134492
24,32,235,353,3.0504390597343445,127.16552734375,1.6457810997962952,163.69287109375,162.47216796875,INDIVIDUAL_ANNOTATOR,with_mapper,subsample_25000,25000,11.084109091990602,134492
25,32,223,330,3.032200038433075,127.36865234375,1.6339663416147232,163.68994140625,162.46826171875,INDIVIDUAL_ANNOTATOR,with_mapper,subsample_25000,25000,11.084109091990602,134492
26,32,307,395,3.10605950653553,127.56884765625,1.6407202929258347,163.6884765625,162.4736328125,INDIVIDUAL_ANNOTATOR,with_mapper,subsample_25000,25000,11.084109091990602,134492
27,32,232,342,3.0533652752637863,127.7734375,1.6711093485355377,163.69091796875,162.46923828125,INDIVIDUAL_ANNOTATOR,with_mapper,subsample_25000,25000,11.084109091990602,134492
28,32,239,349,3.0453242361545563,127.974609375,1.6539320349693298,163.68896484375,162.47314453125,INDIVIDUAL_ANNOTATOR,with_mapper,subsample_25000,25000,11.084109091990602,134492
29,32,266,379,3.061458468437195,128.1787109375,1.705016940832138,163.69091796875,162.47021484375,INDIVIDUAL_ANNOTATOR,with_mapper,subsample_25000,25000,11.084109091990602,134492
30,32,260,353,3.075219690799713,128.380859375,1.6306322067975998,163.68896484375,162.46826171875,INDIVIDUAL_ANNOTATOR,with_mapper,subsample_25000,25000,11.084109091990602,134492
31,32,298,365,3.3544637262821198,128.5810546875,1.6486849635839462,163.68701171875,162.46923828125,INDIVIDUAL_ANNOTATOR,with_mapper,subsample_25000,25000,11.084109091990602,134492
32,32,196,339,3.012441098690033,128.7822265625,1.6593392938375473,163.68798828125,162.46826171875,INDIVIDUAL_ANNOTATOR,with_mapper,subsample_25000,25000,11.084109091990602,134492
33,32,227,325,3.0167270451784134,128.982421875,1.6442183405160904,163.68701171875,162.46728515625,INDIVIDUAL_ANNOTATOR,with_mapper,subsample_25000,25000,11.084109091990602,134492
34,32,299,378,3.0692052096128464,129.181640625,1.6562137752771378,163.68701171875,162.47216796875,INDIVIDUAL_ANNOTATOR,with_mapper,subsample_25000,25000,11.084109091990602,134492
35,32,227,355,3.0322615057229996,129.384765625,1.6481410712003708,163.69091796875,162.47216796875,INDIVIDUAL_ANNOTATOR,with_mapper,subsample_25000,25000,11.084109091990602,134492
36,32,301,373,3.0949637293815613,129.587890625,1.646852120757103,163.69091796875,162.47314453125,INDIVIDUAL_ANNOTATOR,with_mapper,subsample_25000,25000,11.084109091990602,134492
37,32,205,321,3.011684864759445,129.7919921875,1.6635563224554062,163.69091796875,162.46728515625,INDIVIDUAL_ANNOTATOR,with_mapper,subsample_25000,25000,11.084109091990602,134492
38,32,211,346,3.042910248041153,129.9912109375,1.6332753002643585,163.68701171875,162.47216796875,INDIVIDUAL_ANNOTATOR,with_mapper,subsample_25000,25000,11.084109091990602,134492
39,32,249,333,3.039795905351639,130.1943359375,1.643473282456398,163.68994140625,162.46826171875,INDIVIDUAL_ANNOTATOR,with_mapper,subsample_25000,25000,11.084109091990602,134492
40,32,262,356,3.0641481280326843,130.39453125,1.649094745516777,163.68798828125,162.47216796875,INDIVIDUAL_ANNOTATOR,with_mapper,subsample_25000,25000,11.084109091990602,134492
41,32,223,331,3.316933289170265,130.59765625,1.6692820936441422,163.68994140625,162.46728515625,INDIVIDUAL_ANNOTATOR,with_mapper,subsample_25000,25000,11.084109091990602,134492
42,32,246,335,3.0108243227005005,130.796875,1.6473252326250076,163.68603515625,162.46923828125,INDIVIDUAL_ANNOTATOR,with_mapper,subsample_25000,25000,11.084109091990602,134492
43,32,202,325,2.9950272291898727,130.998046875,1.6269367188215256,163.68798828125,162.46826171875,INDIVIDUAL_ANNOTATOR,with_mapper,subsample_25000,25000,11.084109091990602,134492
44,32,274,356,3.047928214073181,131.1982421875,1.6285199671983719,163.68798828125,162.47216796875,INDIVIDUAL_ANNOTATOR,with_mapper,subsample_25000,25000,11.084109091990602,134492
45,32,265,356,3.061218187212944,131.4013671875,1.6422439366579056,163.69091796875,162.47216796875,INDIVIDUAL_ANNOTATOR,with_mapper,subsample_25000,25000,11.084109091990602,134492
46,32,274,343,3.041638061404228,131.6044921875,1.6375239938497543,163.68994140625,162.46826171875,INDIVIDUAL_ANNOTATOR,with_mapper,subsample_25000,25000,11.084109091990602,134492
47,32,257,379,3.058025613427162,131.8046875,1.6523320227861404,163.68798828125,162.47314453125,INDIVIDUAL_ANNOTATOR,with_mapper,subsample_25000,25000,11.084109091990602,134492
48,32,265,371,3.0541568994522095,132.0087890625,1.6347728669643402,163.69189453125,162.47314453125,INDIVIDUAL_ANNOTATOR,with_mapper,subsample_25000,25000,11.084109091990602,134492
49,32,301,371,3.082307055592537,132.212890625,1.6293246299028397,163.69091796875,162.46923828125,INDIVIDUAL_ANNOTATOR,with_mapper,subsample_25000,25000,11.084109091990602,134492
50,32,211,334,3.0005834996700287,132.4140625,1.6309209167957306,163.68896484375,162.47216796875,INDIVIDUAL_ANNOTATOR,with_mapper,subsample_25000,25000,11.084109091990602,134492
51,32,201,310,3.2268520444631577,132.6171875,1.6330741345882416,163.6884765625,162.4638671875,INDIVIDUAL_ANNOTATOR,with_mapper,subsample_25000,25000,11.084109091990602,134492
52,32,228,359,3.03078256547451,132.81396484375,1.6382243484258652,163.68408203125,162.47021484375,INDIVIDUAL_ANNOTATOR,with_mapper,subsample_25000,25000,11.084109091990602,134492
53,32,269,378,3.0634645372629166,133.01611328125,1.6414392739534378,163.68896484375,162.46826171875,INDIVIDUAL_ANNOTATOR,with_mapper,subsample_25000,25000,11.084109091990602,134492
54,32,251,341,3.028387203812599,133.21630859375,1.6486756503582,163.68701171875,162.46923828125,INDIVIDUAL_ANNOTATOR,with_mapper,subsample_25000,25000,11.084109091990602,134492
55,32,295,366,3.0675437301397324,133.41748046875,1.6497429460287094,163.68798828125,162.47021484375,INDIVIDUAL_ANNOTATOR,with_mapper,subsample_25000,25000,11.084109091990602,134492
56,32,319,392,3.091130405664444,133.61962890625,1.669168472290039,163.6904296875,162.4736328125,INDIVIDUAL_ANNOTATOR,with_mapper,subsample_25000,25000,11.084109091990602,134492
57,32,290,351,3.051798790693283,133.82421875,1.6435608267784119,163.69091796875,162.46826171875,INDIVIDUAL_ANNOTATOR,with_mapper,subsample_25000,25000,11.084109091990602,134492
58,32,199,306,2.9606278985738754,134.0244140625,1.639988273382187,163.685546875,162.4638671875,INDIVIDUAL_ANNOTATOR,with_mapper,subsample_25000,25000,11.084109091990602,134492
59,32,230,327,2.9698628932237625,134.22119140625,1.6521941870450974,163.68408203125,162.46728515625,INDIVIDUAL_ANNOTATOR,with_mapper,subsample_25000,25000,11.084109091990602,134492
60,32,276,384,3.0631963163614273,134.42041015625,1.6495101153850555,163.68701171875,162.47314453125,INDIVIDUAL_ANNOTATOR,with_mapper,subsample_25000,25000,11.084109091990602,134492
61,32,215,343,3.2542087137699127,134.62451171875,1.6397126019001007,163.69091796875,162.46923828125,INDIVIDUAL_ANNOTATOR,with_mapper,subsample_25000,25000,11.084109091990602,134492
62,32,275,367,3.047466278076172,134.82568359375,1.6404613852500916,163.68896484375,162.47314453125,INDIVIDUAL_ANNOTATOR,with_mapper,subsample_25000,25000,11.084109091990602,134492
63,32,203,323,2.9588360339403152,135.02978515625,1.6412902623414993,163.68994140625,162.46533203125,INDIVIDUAL_ANNOTATOR,with_mapper,subsample_25000,25000,11.084109091990602,134492
64,32,301,366,3.053620457649231,135.22802734375,1.649901270866394,163.68603515625,162.47216796875,INDIVIDUAL_ANNOTATOR,with_mapper,subsample_25000,25000,11.084109091990602,134492
65,32,256,328,3.0117128044366837,135.43115234375,1.6236193478107452,163.68994140625,162.46826171875,INDIVIDUAL_ANNOTATOR,with_mapper,subsample_25000,25000,11.084109091990602,134492
66,32,286,356,3.0328724533319473,135.63134765625,1.6377642750740051,163.68701171875,162.46826171875,INDIVIDUAL_ANNOTATOR,with_mapper,subsample_25000,25000,11.084109091990602,134492
67,32,265,358,3.0060987919569016,135.83154296875,1.6483571380376816,163.68701171875,162.46826171875,INDIVIDUAL_ANNOTATOR,with_mapper,subsample_25000,25000,11.084109091990602,134492
68,32,336,394,3.090290352702141,136.03173828125,1.6565341502428055,163.6884765625,162.47265625,INDIVIDUAL_ANNOTATOR,with_mapper,subsample_25000,25000,11.084109091990602,134492
69,32,237,338,3.003576770424843,136.2353515625,1.628044992685318,163.68994140625,162.46826171875,INDIVIDUAL_ANNOTATOR,with_mapper,subsample_25000,25000,11.084109091990602,134492
70,32,327,410,3.0714794993400574,136.435546875,1.6360767185688019,163.6875,162.470703125,INDIVIDUAL_ANNOTATOR,with_mapper,subsample_25000,25000,11.084109091990602,134492
71,32,244,335,3.2516345381736755,136.63818359375,1.6894396394491196,163.68896484375,162.46826171875,INDIVIDUAL_ANNOTATOR,with_mapper,subsample_25000,25000,11.084109091990602,134492
72,32,259,370,3.031635656952858,136.83837890625,1.6431920230388641,163.68701171875,162.46923828125,INDIVIDUAL_ANNOTATOR,with_mapper,subsample_25000,25000,11.084109091990602,134492
73,32,366,431,3.144640475511551,137.03955078125,1.653103157877922,163.6884765625,162.4697265625,INDIVIDUAL_ANNOTATOR,with_mapper,subsample_25000,25000,11.084109091990602,134492
74,32,284,333,3.0128173530101776,137.2412109375,1.6276873648166656,163.68798828125,162.46826171875,INDIVIDUAL_ANNOTATOR,with_mapper,subsample_25000,25000,11.084109091990602,134492
75,32,309,395,3.085380420088768,137.44140625,1.634310930967331,163.6884765625,162.474609375,INDIVIDUAL_ANNOTATOR,with_mapper,subsample_25000,25000,11.084109091990602,134492
76,32,219,361,3.0006486922502518,137.64697265625,1.642150804400444,163.69189453125,162.47021484375,INDIVIDUAL_ANNOTATOR,with_mapper,subsample_25000,25000,11.084109091990602,134492
77,32,273,383,3.055209293961525,137.84912109375,1.634996384382248,163.68994140625,162.47314453125,INDIVIDUAL_ANNOTATOR,with_mapper,subsample_25000,25000,11.084109091990602,134492
78,32,276,364,3.028128296136856,138.05322265625,1.6310513019561768,163.69189453125,162.47314453125,INDIVIDUAL_ANNOTATOR,with_mapper,subsample_25000,25000,11.084109091990602,134492
79,32,292,373,3.038112074136734,138.25732421875,1.6334746032953262,163.69189453125,162.47314453125,INDIVIDUAL_ANNOTATOR,with_mapper,subsample_25000,25000,11.084109091990602,134492
80,32,283,343,3.3143237233161926,138.46142578125,1.6469638794660568,163.69189453125,162.47216796875,INDIVIDUAL_ANNOTATOR,with_mapper,subsample_25000,25000,11.084109091990602,134492
81,32,215,316,2.9711127281188965,138.66455078125,1.6256608068943024,163.6884765625,162.4638671875,INDIVIDUAL_ANNOTATOR,with_mapper,subsample_25000,25000,11.084109091990602,134492
82,32,294,360,3.0290111899375916,138.861328125,1.645570620894432,163.68408203125,162.46826171875,INDIVIDUAL_ANNOTATOR,with_mapper,subsample_25000,25000,11.084109091990602,134492
83,32,262,373,3.030328080058098,139.0634765625,1.627439633011818,163.68896484375,162.47900390625,INDIVIDUAL_ANNOTATOR,with_mapper,subsample_25000,25000,11.084109091990602,134492
84,32,314,371,3.088800236582756,139.2705078125,1.6416925936937332,163.69580078125,162.47021484375,INDIVIDUAL_ANNOTATOR,with_mapper,subsample_25000,25000,11.084109091990602,134492
85,32,282,394,3.064977005124092,139.47265625,1.6288217157125473,163.6904296875,162.47265625,INDIVIDUAL_ANNOTATOR,with_mapper,subsample_25000,25000,11.084109091990602,134492
86,32,183,320,3.054693341255188,139.67626953125,1.6454961150884628,163.6884765625,162.46484375,INDIVIDUAL_ANNOTATOR,with_mapper,subsample_25000,25000,11.084109091990602,134492
87,32,249,336,2.994060516357422,139.8740234375,1.757211983203888,163.68505859375,162.46826171875,INDIVIDUAL_ANNOTATOR,with_mapper,subsample_25000,25000,11.084109091990602,134492
88,32,220,328,2.98176147043705,140.07421875,1.6405824571847916,163.68701171875,162.46826171875,INDIVIDUAL_ANNOTATOR,with_mapper,subsample_25000,25000,11.084109091990602,134492
89,32,229,369,3.0251462012529373,140.2744140625,1.6473568975925446,163.68701171875,162.47021484375,INDIVIDUAL_ANNOTATOR,with_mapper,subsample_25000,25000,11.084109091990602,134492
90,32,335,411,3.4352149814367294,140.4765625,1.658530905842781,163.6904296875,162.47265625,INDIVIDUAL_ANNOTATOR,with_mapper,subsample_25000,25000,11.084109091990602,134492
91,32,257,362,3.011835739016533,140.68017578125,1.6340631991624832,163.69091796875,162.47216796875,INDIVIDUAL_ANNOTATOR,with_mapper,subsample_25000,25000,11.084109091990602,134492
92,32,214,315,2.975955605506897,140.88330078125,1.63995660841465,163.6884765625,162.46484375,INDIVIDUAL_ANNOTATOR,with_mapper,subsample_25000,25000,11.084109091990602,134492
93,32,259,351,3.0090846121311188,141.0810546875,1.6519464552402496,163.68505859375,162.47021484375,INDIVIDUAL_ANNOTATOR,with_mapper,subsample_25000,25000,11.084109091990602,134492
94,32,263,368,3.0232779681682587,141.283203125,1.642134040594101,163.68994140625,162.47314453125,INDIVIDUAL_ANNOTATOR,with_mapper,subsample_25000,25000,11.084109091990602,134492
95,32,209,319,2.9550883919000626,141.4873046875,1.6655419021844864,163.689453125,162.46484375,INDIVIDUAL_ANNOTATOR,with_mapper,subsample_25000,25000,11.084109091990602,134492
96,32,194,327,2.9726624488830566,141.68505859375,1.732679083943367,163.68505859375,162.46826171875,INDIVIDUAL_ANNOTATOR,with_mapper,subsample_25000,25000,11.084109091990602,134492
97,32,224,348,2.9970090836286545,141.88525390625,1.6241241246461868,163.68701171875,162.46826171875,INDIVIDUAL_ANNOTATOR,with_mapper,subsample_25000,25000,11.084109091990602,134492
98,32,262,362,3.008415922522545,142.08544921875,1.6451384872198105,163.68701171875,162.47021484375,INDIVIDUAL_ANNOTATOR,with_mapper,subsample_25000,25000,11.084109091990602,134492
99,32,253,348,3.0086133629083633,142.28759765625,1.630302518606186,163.68896484375,162.46826171875,INDIVIDUAL_ANNOTATOR,with_mapper,subsample_25000,25000,11.084109091990602,134492
100,32,361,423,3.3947601914405823,142.48779296875,1.6649235039949417,163.6884765625,162.47265625,INDIVIDUAL_ANNOTATOR,with_mapper,subsample_25000,25000,11.084109091990602,134492
101,32,203,357,2.985898405313492,142.69140625,1.627882942557335,163.68994140625,162.46923828125,INDIVIDUAL_ANNOTATOR,with_mapper,subsample_25000,25000,11.084109091990602,134492
102,32,208,347,2.980167046189308,142.892578125,1.6579441726207733,163.68896484375,162.47412109375,INDIVIDUAL_ANNOTATOR,with_mapper,subsample_25000,25000,11.084109091990602,134492
103,32,205,326,2.952719107270241,143.09765625,1.6442649066448212,163.69189453125,162.46826171875,INDIVIDUAL_ANNOTATOR,with_mapper,subsample_25000,25000,11.084109091990602,134492
104,32,269,358,3.0266642570495605,143.2978515625,1.6376804560422897,163.68798828125,162.47216796875,INDIVIDUAL_ANNOTATOR,with_mapper,subsample_25000,25000,11.084109091990602,134492
105,32,183,318,3.00651416182518,143.5009765625,1.6285404562950134,163.6884765625,162.4638671875,INDIVIDUAL_ANNOTATOR,with_mapper,subsample_25000,25000,11.084109091990602,134492
106,32,264,360,3.018362447619438,143.69775390625,1.6222521662712097,163.68408203125,162.46826171875,INDIVIDUAL_ANNOTATOR,with_mapper,subsample_25000,25000,11.084109091990602,134492
107,32,210,340,2.976302057504654,143.89794921875,1.6569439321756363,163.68798828125,162.47216796875,INDIVIDUAL_ANNOTATOR,with_mapper,subsample_25000,25000,11.084109091990602,134492
108,32,206,318,2.96807661652565,144.10107421875,1.6507040709257126,163.689453125,162.466796875,INDIVIDUAL_ANNOTATOR,with_mapper,subsample_25000,25000,11.084109091990602,134492
109,32,246,337,2.9715802520513535,144.2998046875,1.6393288969993591,163.68603515625,162.46826171875,INDIVIDUAL_ANNOTATOR,with_mapper,subsample_25000,25000,11.084109091990602,134492
110,32,266,352,3.261042758822441,144.5,1.6453955322504044,163.68798828125,162.47216796875,INDIVIDUAL_ANNOTATOR,with_mapper,subsample_25000,25000,11.084109091990602,134492
111,32,303,390,3.044404089450836,144.703125,1.6475021839141846,163.69140625,162.47265625,INDIVIDUAL_ANNOTATOR,with_mapper,subsample_25000,25000,11.084109091990602,134492
112,32,330,404,3.100411966443062,144.90673828125,1.6365200281143188,163.69140625,162.4736328125,INDIVIDUAL_ANNOTATOR,with_mapper,subsample_25000,25000,11.084109091990602,134492
113,32,300,356,3.0381307005882263,145.111328125,1.6701072454452515,163.69091796875,162.46826171875,INDIVIDUAL_ANNOTATOR,with_mapper,subsample_25000,25000,11.084109091990602,134492
114,32,244,329,2.9704272747039795,145.3115234375,1.6437675803899765,163.68701171875,162.46826171875,INDIVIDUAL_ANNOTATOR,with_mapper,subsample_25000,25000,11.084109091990602,134492
115,32,237,343,2.9900092631578445,145.51171875,1.6188211739063263,163.68798828125,162.47216796875,INDIVIDUAL_ANNOTATOR,with_mapper,subsample_25000,25000,11.084109091990602,134492
116,32,260,354,3.003230318427086,145.71484375,1.6316678375005722,163.69091796875,162.47314453125,INDIVIDUAL_ANNOTATOR,with_mapper,subsample_25000,25000,11.084109091990602,134492
117,32,190,332,2.9657725244760513,145.9189453125,1.6378182917833328,163.69091796875,162.46826171875,INDIVIDUAL_ANNOTATOR,with_mapper,subsample_25000,25000,11.084109091990602,134492
118,32,267,332,3.063404932618141,146.119140625,1.7122197896242142,163.68701171875,162.46923828125,INDIVIDUAL_ANNOTATOR,with_mapper,subsample_25000,25000,11.084109091990602,134492
119,32,269,358,3.0131954699754715,146.3203125,1.6378872096538544,163.68798828125,162.46923828125,INDIVIDUAL_ANNOTATOR,with_mapper,subsample_25000,25000,11.084109091990602,134492
120,32,214,323,3.309376537799835,146.521484375,1.7252117395401,163.68798828125,162.46728515625,INDIVIDUAL_ANNOTATOR,with_mapper,subsample_25000,25000,11.084109091990602,134492
121,32,270,370,3.031555563211441,146.720703125,1.6377996653318405,163.68701171875,162.47314453125,INDIVIDUAL_ANNOTATOR,with_mapper,subsample_25000,25000,11.084109091990602,134492
122,32,266,362,3.01276333630085,146.9248046875,1.6445927321910858,163.69189453125,162.47216796875,INDIVIDUAL_ANNOTATOR,with_mapper,subsample_25000,25000,11.084109091990602,134492
123,32,287,405,3.0601155012845993,147.1279296875,1.6149282455444336,163.69140625,162.47265625,INDIVIDUAL_ANNOTATOR,with_mapper,subsample_25000,25000,11.084109091990602,134492
124,32,287,375,3.0274521559476852,147.33154296875,1.6347747296094894,163.68994140625,162.46923828125,INDIVIDUAL_ANNOTATOR,with_mapper,subsample_25000,25000,11.084109091990602,134492
125,32,187,321,2.9600970447063446,147.53271484375,1.641545444726944,163.68798828125,162.46728515625,INDIVIDUAL_ANNOTATOR,with_mapper,subsample_25000,25000,11.084109091990602,134492
126,32,253,325,2.9930025339126587,147.73193359375,1.7574019730091095,163.68603515625,162.46826171875,INDIVIDUAL_ANNOTATOR,with_mapper,subsample_25000,25000,11.084109091990602,134492
127,32,272,355,3.0209850519895554,147.93212890625,1.6898028552532196,163.68798828125,162.47314453125,INDIVIDUAL_ANNOTATOR,with_mapper,subsample_25000,25000,11.084109091990602,134492
128,32,291,373,3.038780763745308,148.13623046875,1.6859844326972961,163.69189453125,162.47216796875,INDIVIDUAL_ANNOTATOR,with_mapper,subsample_25000,25000,11.084109091990602,134492
129,32,303,392,3.0283238738775253,148.33935546875,1.6432665288448334,163.69140625,162.47265625,INDIVIDUAL_ANNOTATOR,with_mapper,subsample_25000,25000,11.084109091990602,134492
130,32,311,383,3.3055488020181656,148.54296875,1.6350280493497849,163.69091796875,162.47314453125,INDIVIDUAL_ANNOTATOR,with_mapper,subsample_25000,25000,11.084109091990602,134492
131,32,288,388,3.0388962477445602,148.7470703125,1.634005457162857,163.6923828125,162.4736328125,INDIVIDUAL_ANNOTATOR,with_mapper,subsample_25000,25000,11.084109091990602,134492
132,32,318,420,3.0874088406562805,148.95166015625,1.6517452895641327,163.6923828125,162.474609375,INDIVIDUAL_ANNOTATOR,with_mapper,subsample_25000,25000,11.084109091990602,134492
133,32,239,359,3.0010901391506195,149.1572265625,1.63976289331913,163.69287109375,162.47216796875,INDIVIDUAL_ANNOTATOR,with_mapper,subsample_25000,25000,11.084109091990602,134492
134,32,315,351,3.0066296458244324,149.3603515625,1.6379207372665405,163.69091796875,162.47216796875,INDIVIDUAL_ANNOTATOR,with_mapper,subsample_25000,25000,11.084109091990602,134492
135,32,297,387,3.0690040439367294,149.5634765625,1.6396921128034592,163.6904296875,162.470703125,INDIVIDUAL_ANNOTATOR,with_mapper,subsample_25000,25000,11.084109091990602,134492
136,32,239,346,3.1170248985290527,149.76611328125,1.6363952308893204,163.68994140625,162.47314453125,INDIVIDUAL_ANNOTATOR,with_mapper,subsample_25000,25000,11.084109091990602,134492
137,32,309,387,3.2150205224752426,149.97021484375,1.645335927605629,163.6923828125,162.47265625,INDIVIDUAL_ANNOTATOR,with_mapper,subsample_25000,25000,11.084109091990602,134492
138,32,311,393,3.367289900779724,150.173828125,1.6846135258674622,163.6904296875,162.470703125,INDIVIDUAL_ANNOTATOR,with_mapper,subsample_25000,25000,11.084109091990602,134492
139,32,261,376,3.1533371657133102,150.37646484375,1.6281213611364365,163.68896484375,162.46826171875,INDIVIDUAL_ANNOTATOR,with_mapper,subsample_25000,25000,11.084109091990602,134492
140,32,222,312,3.260301426053047,150.57666015625,1.6327034682035446,163.685546875,162.4638671875,INDIVIDUAL_ANNOTATOR,with_mapper,subsample_25000,25000,11.084109091990602,134492
141,32,283,366,3.024158999323845,150.7734375,1.6345400363206863,163.68408203125,162.46923828125,INDIVIDUAL_ANNOTATOR,with_mapper,subsample_25000,25000,11.084109091990602,134492
142,32,234,344,2.975786104798317,150.974609375,1.6266554594039917,163.68896484375,162.47314453125,INDIVIDUAL_ANNOTATOR,with_mapper,subsample_25000,25000,11.084109091990602,134492
143,32,191,313,2.9288548976182938,151.1787109375,1.629956066608429,163.689453125,162.4638671875,INDIVIDUAL_ANNOTATOR,with_mapper,subsample_25000,25000,11.084109091990602,134492
144,32,279,366,3.0530281364917755,151.37548828125,1.6349349170923233,163.68505859375,162.47314453125,INDIVIDUAL_ANNOTATOR,with_mapper,subsample_25000,25000,11.084109091990602,134492
145,32,224,349,3.0000433325767517,151.57958984375,1.6418658196926117,163.69091796875,162.47021484375,INDIVIDUAL_ANNOTATOR,with_mapper,subsample_25000,25000,11.084109091990602,134492
146,32,256,353,2.993399277329445,151.78173828125,1.6460027545690536,163.68896484375,162.46923828125,INDIVIDUAL_ANNOTATOR,with_mapper,subsample_25000,25000,11.084109091990602,134492
147,32,207,319,2.9450561851263046,151.98291015625,1.6308687627315521,163.6875,162.466796875,INDIVIDUAL_ANNOTATOR,with_mapper,subsample_25000,25000,11.084109091990602,134492
148,32,199,331,2.9573794454336166,152.181640625,1.692386344075203,163.68603515625,162.46826171875,INDIVIDUAL_ANNOTATOR,with_mapper,subsample_25000,25000,11.084109091990602,134492
149,32,256,350,2.9676631093025208,152.3818359375,1.6444884240627289,163.68701171875,162.46923828125,INDIVIDUAL_ANNOTATOR,with_mapper,subsample_25000,25000,11.084109091990602,134492
150,32,193,329,3.1899195164442062,152.5830078125,1.6344059258699417,163.68798828125,162.46826171875,INDIVIDUAL_ANNOTATOR,with_mapper,subsample_25000,25000,11.084109091990602,134492
151,32,277,349,3.108447417616844,152.783203125,1.7377529293298721,163.68701171875,162.46826171875,INDIVIDUAL_ANNOTATOR,with_mapper,subsample_25000,25000,11.084109091990602,134492
152,32,309,391,3.055628389120102,152.9833984375,1.6483962535858154,163.6884765625,162.47265625,INDIVIDUAL_ANNOTATOR,with_mapper,subsample_25000,25000,11.084109091990602,134492
153,32,261,391,3.0238889157772064,153.18701171875,1.6344692558050156,163.69140625,162.4736328125,INDIVIDUAL_ANNOTATOR,with_mapper,subsample_25000,25000,11.084109091990602,134492
154,32,261,351,2.9888078570365906,153.3916015625,1.6472600400447845,163.69189453125,162.47216796875,INDIVIDUAL_ANNOTATOR,with_mapper,subsample_25000,25000,11.084109091990602,134492
155,32,348,386,3.0565299093723297,153.5947265625,1.6493089497089386,163.6904296875,162.470703125,INDIVIDUAL_ANNOTATOR,with_mapper,subsample_25000,25000,11.084109091990602,134492
156,32,244,343,3.004925325512886,153.79736328125,1.633351668715477,163.68994140625,162.47216796875,INDIVIDUAL_ANNOTATOR,with_mapper,subsample_25000,25000,11.084109091990602,134492
157,32,258,361,3.0121318995952606,154.00048828125,1.6489923000335693,163.68994140625,162.47021484375,INDIVIDUAL_ANNOTATOR,with_mapper,subsample_25000,25000,11.084109091990602,134492
158,32,295,368,3.0287429690361023,154.20263671875,1.6554072499275208,163.68994140625,162.47216796875,INDIVIDUAL_ANNOTATOR,with_mapper,subsample_25000,25000,11.084109091990602,134492
159,32,300,381,3.0537359416484833,154.40576171875,1.6411729156970978,163.68994140625,162.46923828125,INDIVIDUAL_ANNOTATOR,with_mapper,subsample_25000,25000,11.084109091990602,134492
160,32,260,337,3.2451171427965164,154.60693359375,1.645699143409729,163.68798828125,162.46826171875,INDIVIDUAL_ANNOTATOR,with_mapper,subsample_25000,25000,11.084109091990602,134492
161,32,300,374,3.023982048034668,154.80712890625,1.6297604888677597,163.68798828125,162.47314453125,INDIVIDUAL_ANNOTATOR,with_mapper,subsample_25000,25000,11.084109091990602,134492
162,32,219,336,2.967994660139084,155.01123046875,1.644054427742958,163.69189453125,162.47216796875,INDIVIDUAL_ANNOTATOR,with_mapper,subsample_25000,25000,11.084109091990602,134492
163,32,242,353,2.982858568429947,155.21435546875,1.62532739341259,163.68994140625,162.46826171875,INDIVIDUAL_ANNOTATOR,with_mapper,subsample_25000,25000,11.084109091990602,134492
164,32,231,328,2.9756855219602585,155.41455078125,1.6208793967962265,163.68701171875,162.46728515625,INDIVIDUAL_ANNOTATOR,with_mapper,subsample_25000,25000,11.084109091990602,134492
165,32,319,367,3.0380282551050186,155.61376953125,1.643424853682518,163.68603515625,162.47021484375,INDIVIDUAL_ANNOTATOR,with_mapper,subsample_25000,25000,11.084109091990602,134492
166,32,259,366,3.011627122759819,155.81591796875,1.6416721045970917,163.68994140625,162.47314453125,INDIVIDUAL_ANNOTATOR,with_mapper,subsample_25000,25000,11.084109091990602,134492
167,32,261,356,3.0031241476535797,156.02001953125,1.6411561518907547,163.69091796875,162.47021484375,INDIVIDUAL_ANNOTATOR,with_mapper,subsample_25000,25000,11.084109091990602,134492
168,32,295,354,2.978714182972908,156.22216796875,1.6166195273399353,163.68896484375,162.47021484375,INDIVIDUAL_ANNOTATOR,with_mapper,subsample_25000,25000,11.084109091990602,134492
169,32,258,354,3.0217245221138,156.42431640625,1.636488363146782,163.68994140625,162.47216796875,INDIVIDUAL_ANNOTATOR,with_mapper,subsample_25000,25000,11.084109091990602,134492
170,32,273,373,3.277810290455818,156.62744140625,1.6242004930973053,163.68994140625,162.47021484375,INDIVIDUAL_ANNOTATOR,with_mapper,subsample_25000,25000,11.084109091990602,134492
171,32,276,377,3.0153170228004456,156.82958984375,1.6391854733228683,163.68994140625,162.47412109375,INDIVIDUAL_ANNOTATOR,with_mapper,subsample_25000,25000,11.084109091990602,134492
172,32,251,355,2.9890723526477814,157.03466796875,1.6802642494440079,163.69189453125,162.46826171875,INDIVIDUAL_ANNOTATOR,with_mapper,subsample_25000,25000,11.084109091990602,134492
173,32,261,355,2.9892083257436752,157.23486328125,1.6352757811546326,163.68701171875,162.46826171875,INDIVIDUAL_ANNOTATOR,with_mapper,subsample_25000,25000,11.084109091990602,134492
174,32,243,354,3.002708777785301,157.43505859375,1.635609194636345,163.68701171875,162.46826171875,INDIVIDUAL_ANNOTATOR,with_mapper,subsample_25000,25000,11.084109091990602,134492
175,32,277,379,3.0156131833791733,157.63525390625,1.6403160989284515,163.68798828125,162.47216796875,INDIVIDUAL_ANNOTATOR,with_mapper,subsample_25000,25000,11.084109091990602,134492
176,32,229,339,2.9731784015893936,157.83837890625,1.637134701013565,163.68994140625,162.46826171875,INDIVIDUAL_ANNOTATOR,with_mapper,subsample_25000,25000,11.084109091990602,134492
177,32,306,405,3.057146444916725,158.03857421875,1.6524717211723328,163.6884765625,162.474609375,INDIVIDUAL_ANNOTATOR,with_mapper,subsample_25000,25000,11.084109091990602,134492
178,32,242,360,2.9975902289152145,158.244140625,1.631012186408043,163.69189453125,162.46923828125,INDIVIDUAL_ANNOTATOR,with_mapper,subsample_25000,25000,11.084109091990602,134492
179,32,209,326,2.9637031257152557,158.4453125,1.6890540719032288,163.68798828125,162.46826171875,INDIVIDUAL_ANNOTATOR,with_mapper,subsample_25000,25000,11.084109091990602,134492
180,32,219,327,3.2176021486520767,158.6455078125,1.6997922211885452,163.68701171875,162.46728515625,INDIVIDUAL_ANNOTATOR,with_mapper,subsample_25000,25000,11.084109091990602,134492
181,32,242,358,3.003375604748726,158.8447265625,1.638190820813179,163.68701171875,162.47412109375,INDIVIDUAL_ANNOTATOR,with_mapper,subsample_25000,25000,11.084109091990602,134492
182,32,249,363,2.9775165021419525,159.0498046875,1.6479399055242538,163.69189453125,162.46923828125,INDIVIDUAL_ANNOTATOR,with_mapper,subsample_25000,25000,11.084109091990602,134492
183,32,201,343,2.9784124344587326,159.2509765625,1.635182648897171,163.68798828125,162.46923828125,INDIVIDUAL_ANNOTATOR,with_mapper,subsample_25000,25000,11.084109091990602,134492
184,32,238,338,2.9703956097364426,159.4521484375,1.680765300989151,163.68798828125,162.46728515625,INDIVIDUAL_ANNOTATOR,with_mapper,subsample_25000,25000,11.084109091990602,134492
185,32,229,353,2.98144668340683,159.6513671875,1.6392692923545837,163.68701171875,162.47216796875,INDIVIDUAL_ANNOTATOR,with_mapper,subsample_25000,25000,11.084109091990602,134492
186,32,214,320,2.9639117419719696,159.8544921875,1.6839466989040375,163.689453125,162.466796875,INDIVIDUAL_ANNOTATOR,with_mapper,subsample_25000,25000,11.084109091990602,134492
187,32,179,306,2.9008351266384125,160.05322265625,1.6217492520809174,163.6845703125,162.4638671875,INDIVIDUAL_ANNOTATOR,with_mapper,subsample_25000,25000,11.084109091990602,134492
188,32,244,350,2.9797889292240143,160.25,1.6406141221523285,163.68408203125,162.46923828125,INDIVIDUAL_ANNOTATOR,with_mapper,subsample_25000,25000,11.084109091990602,134492
189,32,243,337,2.9649287462234497,160.451171875,1.6278550028800964,163.68798828125,162.46728515625,INDIVIDUAL_ANNOTATOR,with_mapper,subsample_25000,25000,11.084109091990602,134492
190,32,234,347,3.216797485947609,160.650390625,1.6268491744995117,163.68603515625,162.46826171875,INDIVIDUAL_ANNOTATOR,with_mapper,subsample_25000,25000,11.084109091990602,134492
191,32,214,331,2.92263925075531,160.8505859375,1.6238335520029068,163.68701171875,162.46826171875,INDIVIDUAL_ANNOTATOR,with_mapper,subsample_25000,25000,11.084109091990602,134492
192,32,269,362,2.986576408147812,161.05078125,1.6543827950954437,163.68798828125,162.47314453125,INDIVIDUAL_ANNOTATOR,with_mapper,subsample_25000,25000,11.084109091990602,134492
193,32,216,339,2.997441217303276,161.2548828125,1.6372669488191605,163.69091796875,162.46728515625,INDIVIDUAL_ANNOTATOR,with_mapper,subsample_25000,25000,11.084109091990602,134492
194,32,275,354,2.9874611645936966,161.4541015625,1.6461648046970367,163.68701171875,162.47216796875,INDIVIDUAL_ANNOTATOR,with_mapper,subsample_25000,25000,11.084109091990602,134492
195,32,279,376,3.0079688876867294,161.6572265625,1.6427356749773026,163.69091796875,162.47314453125,INDIVIDUAL_ANNOTATOR,with_mapper,subsample_25000,25000,11.084109091990602,134492
196,32,245,354,2.9896944761276245,161.861328125,1.6478300094604492,163.69091796875,162.46923828125,INDIVIDUAL_ANNOTATOR,with_mapper,subsample_25000,25000,11.084109091990602,134492
197,32,215,314,2.928107976913452,162.0625,1.6995016485452652,163.6865234375,162.4638671875,INDIVIDUAL_ANNOTATOR,with_mapper,subsample_25000,25000,11.084109091990602,134492
198,32,233,352,2.976473420858383,162.25927734375,1.6387756913900375,163.68408203125,162.47021484375,INDIVIDUAL_ANNOTATOR,with_mapper,subsample_25000,25000,11.084109091990602,134492
199,32,292,371,3.3283401280641556,162.46142578125,1.6460362821817398,163.68994140625,162.47216796875,INDIVIDUAL_ANNOTATOR,with_mapper,subsample_25000,25000,11.084109091990602,134492
0,32,270,351,3.028925508260727,146.5546875,44.76536437869072,187.91357421875,186.69189453125,INDIVIDUAL_ANNOTATOR_LOOP,with_mapper,subsample_25000,25000,11.084109091990602,134492
1,32,298,393,3.0427388846874237,146.755859375,49.18565973639488,187.9111328125,186.693359375,INDIVIDUAL_ANNOTATOR_LOOP,with_mapper,subsample_25000,25000,11.084109091990602,134492
2,32,239,349,3.009716048836708,146.95849609375,43.81803423166275,187.91162109375,186.69189453125,INDIVIDUAL_ANNOTATOR_LOOP,with_mapper,subsample_25000,25000,11.084109091990602,134492
3,32,270,373,3.0880607664585114,147.15966796875,47.236789017915726,187.91162109375,186.69580078125,INDIVIDUAL_ANNOTATOR_LOOP,with_mapper,subsample_25000,25000,11.084109091990602,134492
4,32,195,317,2.933736890554428,147.36376953125,40.042657405138016,187.912109375,186.6865234375,INDIVIDUAL_ANNOTATOR_LOOP,with_mapper,subsample_25000,25000,11.084109091990602,134492
5,32,272,348,2.9922034591436386,147.560546875,44.05524022877216,187.90673828125,186.69091796875,INDIVIDUAL_ANNOTATOR_LOOP,with_mapper,subsample_25000,25000,11.084109091990602,134492
6,32,207,328,3.2293926924467087,147.7607421875,41.20359197258949,187.90966796875,186.68994140625,INDIVIDUAL_ANNOTATOR_LOOP,with_mapper,subsample_25000,25000,11.084109091990602,134492
7,32,249,323,2.955229952931404,147.9599609375,41.32942855358124,187.90869140625,186.69091796875,INDIVIDUAL_ANNOTATOR_LOOP,with_mapper,subsample_25000,25000,11.084109091990602,134492
8,32,330,415,3.069242462515831,148.16015625,52.09910869598389,187.9111328125,186.6962890625,INDIVIDUAL_ANNOTATOR_LOOP,with_mapper,subsample_25000,25000,11.084109091990602,134492
9,32,259,371,3.010505810379982,148.36474609375,46.779146417975426,187.91455078125,186.69482421875,INDIVIDUAL_ANNOTATOR_LOOP,with_mapper,subsample_25000,25000,11.084109091990602,134492
10,32,232,304,2.9388759285211563,148.56787109375,38.895752280950546,187.9111328125,186.6865234375,INDIVIDUAL_ANNOTATOR_LOOP,with_mapper,subsample_25000,25000,11.084109091990602,134492
11,32,236,342,2.9633622616529465,148.7646484375,43.268946930766106,187.90673828125,186.69091796875,INDIVIDUAL_ANNOTATOR_LOOP,with_mapper,subsample_25000,25000,11.084109091990602,134492
12,32,233,338,2.964068204164505,148.96484375,42.9595448076725,187.90966796875,186.69091796875,INDIVIDUAL_ANNOTATOR_LOOP,with_mapper,subsample_25000,25000,11.084109091990602,134492
13,32,218,312,2.944421023130417,149.1650390625,39.62235897779465,187.908203125,186.6865234375,INDIVIDUAL_ANNOTATOR_LOOP,with_mapper,subsample_25000,25000,11.084109091990602,134492
14,32,286,379,3.0141640454530716,149.36181640625,47.55254276096821,187.90771484375,186.69482421875,INDIVIDUAL_ANNOTATOR_LOOP,with_mapper,subsample_25000,25000,11.084109091990602,134492
15,32,311,381,3.131244331598282,149.56494140625,48.02926629781723,187.91259765625,186.69287109375,INDIVIDUAL_ANNOTATOR_LOOP,with_mapper,subsample_25000,25000,11.084109091990602,134492
16,32,232,334,3.2335706055164337,149.76708984375,42.630935087800026,187.91162109375,186.69091796875,INDIVIDUAL_ANNOTATOR_LOOP,with_mapper,subsample_25000,25000,11.084109091990602,134492
17,32,274,362,3.0237138271331787,149.96728515625,46.1233165115118,187.91064453125,186.69580078125,INDIVIDUAL_ANNOTATOR_LOOP,with_mapper,subsample_25000,25000,11.084109091990602,134492
18,32,231,337,2.982666715979576,150.17138671875,42.53077134490013,187.91357421875,186.69091796875,INDIVIDUAL_ANNOTATOR_LOOP,with_mapper,subsample_25000,25000,11.084109091990602,134492
19,32,196,324,2.9502101242542267,150.37158203125,40.898049250245094,187.90966796875,186.69091796875,INDIVIDUAL_ANNOTATOR_LOOP,with_mapper,subsample_25000,25000,11.084109091990602,134492
20,32,302,385,3.0298996716737747,150.57177734375,48.36741462349892,187.9111328125,186.6953125,INDIVIDUAL_ANNOTATOR_LOOP,with_mapper,subsample_25000,25000,11.084109091990602,134492
21,32,328,400,3.036586567759514,150.775390625,50.878459587693214,187.9140625,186.6953125,INDIVIDUAL_ANNOTATOR_LOOP,with_mapper,subsample_25000,25000,11.084109091990602,134492
22,32,278,349,2.9956866055727005,150.97900390625,44.02875155210495,187.91357421875,186.69580078125,INDIVIDUAL_ANNOTATOR_LOOP,with_mapper,subsample_25000,25000,11.084109091990602,134492
23,32,238,357,2.995649352669716,151.18310546875,44.86037604510784,187.91455078125,186.69677734375,INDIVIDUAL_ANNOTATOR_LOOP,with_mapper,subsample_25000,25000,11.084109091990602,134492
24,32,235,353,3.0066128820180893,151.38818359375,44.490259140729904,187.91552734375,186.69482421875,INDIVIDUAL_ANNOTATOR_LOOP,with_mapper,subsample_25000,25000,11.084109091990602,134492
25,32,223,330,2.9559750109910965,151.59130859375,41.82373732328415,187.91259765625,186.69091796875,INDIVIDUAL_ANNOTATOR_LOOP,with_mapper,subsample_25000,25000,11.084109091990602,134492
26,32,307,395,3.3015310764312744,151.79150390625,49.772923812270164,187.9111328125,186.6962890625,INDIVIDUAL_ANNOTATOR_LOOP,with_mapper,subsample_25000,25000,11.084109091990602,134492
27,32,232,342,3.04461270570755,151.99609375,43.017396703362465,187.91357421875,186.69189453125,INDIVIDUAL_ANNOTATOR_LOOP,with_mapper,subsample_25000,25000,11.084109091990602,134492
28,32,239,349,3.0104201287031174,152.197265625,43.908340856432915,187.91162109375,186.69580078125,INDIVIDUAL_ANNOTATOR_LOOP,with_mapper,subsample_25000,25000,11.084109091990602,134492
29,32,266,379,3.0178185552358627,152.4013671875,47.52311855554581,187.91357421875,186.69287109375,INDIVIDUAL_ANNOTATOR_LOOP,with_mapper,subsample_25000,25000,11.084109091990602,134492
30,32,260,353,3.069419413805008,152.603515625,44.57053728401661,187.91162109375,186.69091796875,INDIVIDUAL_ANNOTATOR_LOOP,with_mapper,subsample_25000,25000,11.084109091990602,134492
31,32,298,365,3.051670268177986,152.8037109375,46.3324673473835,187.90966796875,186.69189453125,INDIVIDUAL_ANNOTATOR_LOOP,with_mapper,subsample_25000,25000,11.084109091990602,134492
32,32,196,339,2.99622118473053,153.0048828125,42.70208440721035,187.91064453125,186.69091796875,INDIVIDUAL_ANNOTATOR_LOOP,with_mapper,subsample_25000,25000,11.084109091990602,134492
33,32,227,325,2.9429979622364044,153.205078125,41.31891950964928,187.90966796875,186.68994140625,INDIVIDUAL_ANNOTATOR_LOOP,with_mapper,subsample_25000,25000,11.084109091990602,134492
34,32,299,378,3.0427686870098114,153.404296875,47.78281785547733,187.90966796875,186.69482421875,INDIVIDUAL_ANNOTATOR_LOOP,with_mapper,subsample_25000,25000,11.084109091990602,134492
35,32,227,355,2.958713099360466,153.607421875,44.82392780482769,187.91357421875,186.69482421875,INDIVIDUAL_ANNOTATOR_LOOP,with_mapper,subsample_25000,25000,11.084109091990602,134492
36,32,301,373,3.329480066895485,153.810546875,47.1241120249033,187.91357421875,186.69580078125,INDIVIDUAL_ANNOTATOR_LOOP,with_mapper,subsample_25000,25000,11.084109091990602,134492
37,32,205,321,2.954423427581787,154.0146484375,40.87495245039463,187.91357421875,186.68994140625,INDIVIDUAL_ANNOTATOR_LOOP,with_mapper,subsample_25000,25000,11.084109091990602,134492
38,32,211,346,3.0091218650341034,154.2138671875,43.64429600536823,187.90966796875,186.69482421875,INDIVIDUAL_ANNOTATOR_LOOP,with_mapper,subsample_25000,25000,11.084109091990602,134492
39,32,249,333,3.0127745121717453,154.4169921875,42.27040335536003,187.91259765625,186.69091796875,INDIVIDUAL_ANNOTATOR_LOOP,with_mapper,subsample_25000,25000,11.084109091990602,134492
40,32,262,356,3.1074807047843933,154.6171875,45.095419511199,187.91064453125,186.69482421875,INDIVIDUAL_ANNOTATOR_LOOP,with_mapper,subsample_25000,25000,11.084109091990602,134492
41,32,223,331,2.979971468448639,154.8203125,41.80857725441456,187.91259765625,186.68994140625,INDIVIDUAL_ANNOTATOR_LOOP,with_mapper,subsample_25000,25000,11.084109091990602,134492
42,32,246,335,2.9899608343839645,155.01953125,42.32345707714558,187.90869140625,186.69189453125,INDIVIDUAL_ANNOTATOR_LOOP,with_mapper,subsample_25000,25000,11.084109091990602,134492
43,32,202,325,2.9620565474033356,155.220703125,41.00296460092068,187.91064453125,186.69091796875,INDIVIDUAL_ANNOTATOR_LOOP,with_mapper,subsample_25000,25000,11.084109091990602,134492
44,32,274,356,3.0289720743894577,155.4208984375,44.917674735188484,187.91064453125,186.69482421875,INDIVIDUAL_ANNOTATOR_LOOP,with_mapper,subsample_25000,25000,11.084109091990602,134492
45,32,265,356,2.995384857058525,155.6240234375,44.92976702749729,187.91357421875,186.69482421875,INDIVIDUAL_ANNOTATOR_LOOP,with_mapper,subsample_25000,25000,11.084109091990602,134492
46,32,274,343,3.2750405371189117,155.8271484375,43.38023252785206,187.91259765625,186.69091796875,INDIVIDUAL_ANNOTATOR_LOOP,with_mapper,subsample_25000,25000,11.084109091990602,134492
47,32,257,379,3.0141305178403854,156.02734375,48.33231307566166,187.91064453125,186.69580078125,INDIVIDUAL_ANNOTATOR_LOOP,with_mapper,subsample_25000,25000,11.084109091990602,134492
48,32,265,371,3.0277222394943237,156.2314453125,46.698445454239845,187.91455078125,186.69580078125,INDIVIDUAL_ANNOTATOR_LOOP,with_mapper,subsample_25000,25000,11.084109091990602,134492
49,32,301,371,3.0204560607671738,156.435546875,46.808475628495216,187.91357421875,186.69189453125,INDIVIDUAL_ANNOTATOR_LOOP,with_mapper,subsample_25000,25000,11.084109091990602,134492
50,32,211,334,2.947850152850151,156.63671875,42.31563024222851,187.91162109375,186.69482421875,INDIVIDUAL_ANNOTATOR_LOOP,with_mapper,subsample_25000,25000,11.084109091990602,134492
51,32,201,310,2.9220394790172577,156.83984375,39.519721642136574,187.9111328125,186.6865234375,INDIVIDUAL_ANNOTATOR_LOOP,with_mapper,subsample_25000,25000,11.084109091990602,134492
52,32,228,359,2.996480092406273,157.03662109375,45.11681944131851,187.90673828125,186.69287109375,INDIVIDUAL_ANNOTATOR_LOOP,with_mapper,subsample_25000,25000,11.084109091990602,134492
53,32,269,378,3.001192584633827,157.23876953125,47.42928221821785,187.91162109375,186.69091796875,INDIVIDUAL_ANNOTATOR_LOOP,with_mapper,subsample_25000,25000,11.084109091990602,134492
54,32,251,341,3.0382685363292694,157.43896484375,43.1189127266407,187.90966796875,186.69189453125,INDIVIDUAL_ANNOTATOR_LOOP,with_mapper,subsample_25000,25000,11.084109091990602,134492
55,32,295,366,3.295440226793289,157.64013671875,46.328866854310036,187.91064453125,186.69287109375,INDIVIDUAL_ANNOTATOR_LOOP,with_mapper,subsample_25000,25000,11.084109091990602,134492
56,32,319,392,3.03778238594532,157.84228515625,49.576764926314354,187.9130859375,186.6962890625,INDIVIDUAL_ANNOTATOR_LOOP,with_mapper,subsample_25000,25000,11.084109091990602,134492
57,32,290,351,2.9970481991767883,158.046875,44.40131224691868,187.91357421875,186.69091796875,INDIVIDUAL_ANNOTATOR_LOOP,with_mapper,subsample_25000,25000,11.084109091990602,134492
58,32,199,306,2.9678568243980408,158.2470703125,39.1100961714983,187.908203125,186.6865234375,INDIVIDUAL_ANNOTATOR_LOOP,with_mapper,subsample_25000,25000,11.084109091990602,134492
59,32,230,327,3.0479710549116135,158.44384765625,44.01199892163277,187.90673828125,186.68994140625,INDIVIDUAL_ANNOTATOR_LOOP,with_mapper,subsample_25000,25000,11.084109091990602,134492
60,32,276,384,3.0199792236089706,158.64306640625,50.54921098053455,187.90966796875,186.69580078125,INDIVIDUAL_ANNOTATOR_LOOP,with_mapper,subsample_25000,25000,11.084109091990602,134492
61,32,215,343,2.950228750705719,158.84716796875,44.3044938147068,187.91357421875,186.69189453125,INDIVIDUAL_ANNOTATOR_LOOP,with_mapper,subsample_25000,25000,11.084109091990602,134492
62,32,275,367,3.015046939253807,159.04833984375,47.052739188075066,187.91162109375,186.69580078125,INDIVIDUAL_ANNOTATOR_LOOP,with_mapper,subsample_25000,25000,11.084109091990602,134492
63,32,203,323,2.9367487877607346,159.25244140625,41.66889563202858,187.91259765625,186.68798828125,INDIVIDUAL_ANNOTATOR_LOOP,with_mapper,subsample_25000,25000,11.084109091990602,134492
64,32,301,366,3.041354939341545,159.45068359375,46.78028076887131,187.90869140625,186.69482421875,INDIVIDUAL_ANNOTATOR_LOOP,with_mapper,subsample_25000,25000,11.084109091990602,134492
65,32,256,328,3.2566189765930176,159.65380859375,41.9586431235075,187.91259765625,186.69091796875,INDIVIDUAL_ANNOTATOR_LOOP,with_mapper,subsample_25000,25000,11.084109091990602,134492
66,32,286,356,3.022553399205208,159.85400390625,45.32557539641857,187.90966796875,186.69091796875,INDIVIDUAL_ANNOTATOR_LOOP,with_mapper,subsample_25000,25000,11.084109091990602,134492
67,32,265,358,3.009544685482979,160.05419921875,47.82918840646744,187.90966796875,186.69091796875,INDIVIDUAL_ANNOTATOR_LOOP,with_mapper,subsample_25000,25000,11.084109091990602,134492
68,32,336,394,3.1902771443128586,160.25439453125,50.06538704037666,187.9111328125,186.6953125,INDIVIDUAL_ANNOTATOR_LOOP,with_mapper,subsample_25000,25000,11.084109091990602,134492
69,32,237,338,3.0817482620477676,160.4580078125,43.14289055764675,187.91259765625,186.69091796875,INDIVIDUAL_ANNOTATOR_LOOP,with_mapper,subsample_25000,25000,11.084109091990602,134492
70,32,327,410,3.0563566833734512,160.658203125,53.835755214095116,187.91015625,186.693359375,INDIVIDUAL_ANNOTATOR_LOOP,with_mapper,subsample_25000,25000,11.084109091990602,134492
71,32,244,335,2.9681678861379623,160.86083984375,42.46861673891544,187.91162109375,186.69091796875,INDIVIDUAL_ANNOTATOR_LOOP,with_mapper,subsample_25000,25000,11.084109091990602,134492
72,32,259,370,3.0239280313253403,161.06103515625,46.57924920320511,187.90966796875,186.69189453125,INDIVIDUAL_ANNOTATOR_LOOP,with_mapper,subsample_25000,25000,11.084109091990602,134492
73,32,366,431,3.0874833464622498,161.26220703125,54.23577129840851,187.9111328125,186.6923828125,INDIVIDUAL_ANNOTATOR_LOOP,with_mapper,subsample_25000,25000,11.084109091990602,134492
74,32,284,333,2.9823370277881622,161.4638671875,42.32480563223362,187.91064453125,186.69091796875,INDIVIDUAL_ANNOTATOR_LOOP,with_mapper,subsample_25000,25000,11.084109091990602,134492
75,32,309,395,3.339463844895363,161.6640625,49.84542354941368,187.9111328125,186.697265625,INDIVIDUAL_ANNOTATOR_LOOP,with_mapper,subsample_25000,25000,11.084109091990602,134492
76,32,219,361,2.9788557440042496,161.86962890625,45.47695443034172,187.91455078125,186.69287109375,INDIVIDUAL_ANNOTATOR_LOOP,with_mapper,subsample_25000,25000,11.084109091990602,134492
77,32,273,383,3.0077286064624786,162.07177734375,48.421090468764305,187.91259765625,186.69580078125,INDIVIDUAL_ANNOTATOR_LOOP,with_mapper,subsample_25000,25000,11.084109091990602,134492
78,32,276,364,3.0044764280319214,162.27587890625,46.107092872262,187.91455078125,186.69580078125,INDIVIDUAL_ANNOTATOR_LOOP,with_mapper,subsample_25000,25000,11.084109091990602,134492
79,32,292,373,3.037257120013237,162.47998046875,47.03541658818722,187.91455078125,186.69580078125,INDIVIDUAL_ANNOTATOR_LOOP,with_mapper,subsample_25000,25000,11.084109091990602,134492
80,32,283,343,2.994837239384651,162.68408203125,43.47858391702175,187.91455078125,186.69482421875,INDIVIDUAL_ANNOTATOR_LOOP,with_mapper,subsample_25000,25000,11.084109091990602,134492
81,32,215,316,2.9254313558340073,162.88720703125,39.9536844342947,187.9111328125,186.6865234375,INDIVIDUAL_ANNOTATOR_LOOP,with_mapper,subsample_25000,25000,11.084109091990602,134492
82,32,294,360,3.0156169086694717,163.083984375,45.52533105015755,187.90673828125,186.69091796875,INDIVIDUAL_ANNOTATOR_LOOP,with_mapper,subsample_25000,25000,11.084109091990602,134492
83,32,262,373,3.0636414885520935,163.2861328125,46.936431899666786,187.91162109375,186.70166015625,INDIVIDUAL_ANNOTATOR_LOOP,with_mapper,subsample_25000,25000,11.084109091990602,134492
84,32,314,371,3.0986517667770386,163.4931640625,47.15975932776928,187.91845703125,186.69287109375,INDIVIDUAL_ANNOTATOR_LOOP,with_mapper,subsample_25000,25000,11.084109091990602,134492
85,32,282,394,3.3202357590198517,163.6953125,49.50611665844917,187.9130859375,186.6953125,INDIVIDUAL_ANNOTATOR_LOOP,with_mapper,subsample_25000,25000,11.084109091990602,134492
86,32,183,320,2.9361508786678314,163.89892578125,40.51248915493488,187.9111328125,186.6875,INDIVIDUAL_ANNOTATOR_LOOP,with_mapper,subsample_25000,25000,11.084109091990602,134492
87,32,249,336,2.982117235660553,164.0966796875,42.47530922293663,187.90771484375,186.69091796875,INDIVIDUAL_ANNOTATOR_LOOP,with_mapper,subsample_25000,25000,11.084109091990602,134492
88,32,220,328,3.043251112103462,164.296875,41.40467196702957,187.90966796875,186.69091796875,INDIVIDUAL_ANNOTATOR_LOOP,with_mapper,subsample_25000,25000,11.084109091990602,134492
89,32,229,369,3.0069109052419662,164.4970703125,46.269817277789116,187.90966796875,186.69287109375,INDIVIDUAL_ANNOTATOR_LOOP,with_mapper,subsample_25000,25000,11.084109091990602,134492
90,32,335,411,3.05325910449028,164.69921875,51.43263749778271,187.9130859375,186.6953125,INDIVIDUAL_ANNOTATOR_LOOP,with_mapper,subsample_25000,25000,11.084109091990602,134492
91,32,257,362,3.0134879052639008,164.90283203125,45.68455554544926,187.91357421875,186.69482421875,INDIVIDUAL_ANNOTATOR_LOOP,with_mapper,subsample_25000,25000,11.084109091990602,134492
92,32,214,315,2.9320884495973587,165.10595703125,39.97380472719669,187.9111328125,186.6875,INDIVIDUAL_ANNOTATOR_LOOP,with_mapper,subsample_25000,25000,11.084109091990602,134492
93,32,259,351,2.978561446070671,165.3037109375,44.96469534933567,187.90771484375,186.69287109375,INDIVIDUAL_ANNOTATOR_LOOP,with_mapper,subsample_25000,25000,11.084109091990602,134492
94,32,263,368,3.0019469559192657,165.505859375,46.4789979159832,187.91259765625,186.69580078125,INDIVIDUAL_ANNOTATOR_LOOP,with_mapper,subsample_25000,25000,11.084109091990602,134492
95,32,209,319,3.256669268012047,165.7099609375,40.40113836526871,187.912109375,186.6875,INDIVIDUAL_ANNOTATOR_LOOP,with_mapper,subsample_25000,25000,11.084109091990602,134492
96,32,194,327,2.9411446303129196,165.90771484375,41.500888764858246,187.90771484375,186.69091796875,INDIVIDUAL_ANNOTATOR_LOOP,with_mapper,subsample_25000,25000,11.084109091990602,134492
97,32,224,348,2.9599517583847046,166.10791015625,44.05949264764786,187.90966796875,186.69091796875,INDIVIDUAL_ANNOTATOR_LOOP,with_mapper,subsample_25000,25000,11.084109091990602,134492
98,32,262,362,2.9941722750663757,166.30810546875,45.77082023024559,187.90966796875,186.69287109375,INDIVIDUAL_ANNOTATOR_LOOP,with_mapper,subsample_25000,25000,11.084109091990602,134492
99,32,253,348,2.9960814863443375,166.51025390625,43.97059604525566,187.91162109375,186.69091796875,INDIVIDUAL_ANNOTATOR_LOOP,with_mapper,subsample_25000,25000,11.084109091990602,134492
100,32,361,423,3.0639786273241043,166.71044921875,53.181976079940796,187.9111328125,186.6953125,INDIVIDUAL_ANNOTATOR_LOOP,with_mapper,subsample_25000,25000,11.084109091990602,134492
101,32,203,357,2.983763813972473,166.9140625,44.71182823181152,187.91259765625,186.69189453125,INDIVIDUAL_ANNOTATOR_LOOP,with_mapper,subsample_25000,25000,11.084109091990602,134492
102,32,208,347,2.9637720435857773,167.115234375,43.66065561771393,187.91162109375,186.69677734375,INDIVIDUAL_ANNOTATOR_LOOP,with_mapper,subsample_25000,25000,11.084109091990602,134492
103,32,205,326,2.9513686895370483,167.3203125,41.84713400900364,187.91455078125,186.69091796875,INDIVIDUAL_ANNOTATOR_LOOP,with_mapper,subsample_25000,25000,11.084109091990602,134492
104,32,269,358,2.991441637277603,167.5205078125,45.18192820250988,187.91064453125,186.69482421875,INDIVIDUAL_ANNOTATOR_LOOP,with_mapper,subsample_25000,25000,11.084109091990602,134492
105,32,183,318,3.213047981262207,167.7236328125,42.76581108570099,187.9111328125,186.6865234375,INDIVIDUAL_ANNOTATOR_LOOP,with_mapper,subsample_25000,25000,11.084109091990602,134492
106,32,264,360,2.995586022734642,167.92041015625,47.20906727015972,187.90673828125,186.69091796875,INDIVIDUAL_ANNOTATOR_LOOP,with_mapper,subsample_25000,25000,11.084109091990602,134492
107,32,210,340,2.9883552342653275,168.12060546875,44.14978437125683,187.91064453125,186.69482421875,INDIVIDUAL_ANNOTATOR_LOOP,with_mapper,subsample_25000,25000,11.084109091990602,134492
108,32,206,318,3.020999953150749,168.32373046875,41.223907843232155,187.912109375,186.689453125,INDIVIDUAL_ANNOTATOR_LOOP,with_mapper,subsample_25000,25000,11.084109091990602,134492
109,32,246,337,2.980029210448265,168.5224609375,43.337564915418625,187.90869140625,186.69091796875,INDIVIDUAL_ANNOTATOR_LOOP,with_mapper,subsample_25000,25000,11.084109091990602,134492
110,32,266,352,3.0351951718330383,168.72265625,45.332254841923714,187.91064453125,186.69482421875,INDIVIDUAL_ANNOTATOR_LOOP,with_mapper,subsample_25000,25000,11.084109091990602,134492
111,32,303,390,3.0483677983283997,168.92578125,49.48475770652294,187.9140625,186.6953125,INDIVIDUAL_ANNOTATOR_LOOP,with_mapper,subsample_25000,25000,11.084109091990602,134492
112,32,330,404,3.0502155423164368,169.12939453125,51.417067646980286,187.9140625,186.6962890625,INDIVIDUAL_ANNOTATOR_LOOP,with_mapper,subsample_25000,25000,11.084109091990602,134492
113,32,300,356,3.000931814312935,169.333984375,45.37762887775898,187.91357421875,186.69091796875,INDIVIDUAL_ANNOTATOR_LOOP,with_mapper,subsample_25000,25000,11.084109091990602,134492
114,32,244,329,2.9575638473033905,169.5341796875,41.730184108018875,187.90966796875,186.69091796875,INDIVIDUAL_ANNOTATOR_LOOP,with_mapper,subsample_25000,25000,11.084109091990602,134492
115,32,237,343,3.2554473727941513,169.734375,43.50838623940945,187.91064453125,186.69482421875,INDIVIDUAL_ANNOTATOR_LOOP,with_mapper,subsample_25000,25000,11.084109091990602,134492
116,32,260,354,2.9756370931863785,169.9375,44.83688250184059,187.91357421875,186.69580078125,INDIVIDUAL_ANNOTATOR_LOOP,with_mapper,subsample_25000,25000,11.084109091990602,134492
117,32,190,332,2.9344800859689713,170.1416015625,41.89945571124554,187.91357421875,186.69091796875,INDIVIDUAL_ANNOTATOR_LOOP,with_mapper,subsample_25000,25000,11.084109091990602,134492
118,32,267,332,2.9817242175340652,170.341796875,42.47414879500866,187.90966796875,186.69189453125,INDIVIDUAL_ANNOTATOR_LOOP,with_mapper,subsample_25000,25000,11.084109091990602,134492
119,32,269,358,3.065967932343483,170.54296875,45.354604721069336,187.91064453125,186.69189453125,INDIVIDUAL_ANNOTATOR_LOOP,with_mapper,subsample_25000,25000,11.084109091990602,134492
120,32,214,323,2.979537472128868,170.744140625,40.90067744255066,187.91064453125,186.68994140625,INDIVIDUAL_ANNOTATOR_LOOP,with_mapper,subsample_25000,25000,11.084109091990602,134492
121,32,270,370,3.0140914022922516,170.943359375,46.7029195278883,187.90966796875,186.69580078125,INDIVIDUAL_ANNOTATOR_LOOP,with_mapper,subsample_25000,25000,11.084109091990602,134492
122,32,266,362,2.9798410832881927,171.1474609375,45.55187374353409,187.91455078125,186.69482421875,INDIVIDUAL_ANNOTATOR_LOOP,with_mapper,subsample_25000,25000,11.084109091990602,134492
123,32,287,405,3.0644312500953674,171.3505859375,50.952816382050514,187.9140625,186.6953125,INDIVIDUAL_ANNOTATOR_LOOP,with_mapper,subsample_25000,25000,11.084109091990602,134492
124,32,287,375,3.007536754012108,171.55419921875,47.272615134716034,187.91259765625,186.69189453125,INDIVIDUAL_ANNOTATOR_LOOP,with_mapper,subsample_25000,25000,11.084109091990602,134492
125,32,187,321,3.184370696544647,171.75537109375,40.8316757529974,187.91064453125,186.68994140625,INDIVIDUAL_ANNOTATOR_LOOP,with_mapper,subsample_25000,25000,11.084109091990602,134492
126,32,253,325,3.0947551131248474,171.95458984375,41.83045215904713,187.90869140625,186.69091796875,INDIVIDUAL_ANNOTATOR_LOOP,with_mapper,subsample_25000,25000,11.084109091990602,134492
127,32,272,355,3.1572841107845306,172.15478515625,44.7579026222229,187.91064453125,186.69580078125,INDIVIDUAL_ANNOTATOR_LOOP,with_mapper,subsample_25000,25000,11.084109091990602,134492
128,32,291,373,3.0756574124097824,172.35888671875,47.10717685520649,187.91455078125,186.69482421875,INDIVIDUAL_ANNOTATOR_LOOP,with_mapper,subsample_25000,25000,11.084109091990602,134492
129,32,303,392,3.077356144785881,172.56201171875,49.28065277636051,187.9140625,186.6953125,INDIVIDUAL_ANNOTATOR_LOOP,with_mapper,subsample_25000,25000,11.084109091990602,134492
130,32,311,383,3.0325669795274734,172.765625,48.10844361782074,187.91357421875,186.69580078125,INDIVIDUAL_ANNOTATOR_LOOP,with_mapper,subsample_25000,25000,11.084109091990602,134492
131,32,288,388,3.32086905837059,172.9697265625,48.71195740997791,187.9150390625,186.6962890625,INDIVIDUAL_ANNOTATOR_LOOP,with_mapper,subsample_25000,25000,11.084109091990602,134492
132,32,318,420,3.0766651034355164,173.17431640625,52.6143629103899,187.9150390625,186.697265625,INDIVIDUAL_ANNOTATOR_LOOP,with_mapper,subsample_25000,25000,11.084109091990602,134492
133,32,239,359,3.1721722334623337,173.3798828125,45.27842998504639,187.91552734375,186.69482421875,INDIVIDUAL_ANNOTATOR_LOOP,with_mapper,subsample_25000,25000,11.084109091990602,134492
134,32,315,351,3.013433888554573,173.5830078125,44.55728456377983,187.91357421875,186.69482421875,INDIVIDUAL_ANNOTATOR_LOOP,with_mapper,subsample_25000,25000,11.084109091990602,134492
135,32,297,387,3.3020153641700745,173.7861328125,48.555901274085045,187.9130859375,186.693359375,INDIVIDUAL_ANNOTATOR_LOOP,with_mapper,subsample_25000,25000,11.084109091990602,134492
136,32,239,346,3.0084867030382156,173.98876953125,43.75402070581913,187.91259765625,186.69580078125,INDIVIDUAL_ANNOTATOR_LOOP,with_mapper,subsample_25000,25000,11.084109091990602,134492
137,32,309,387,3.0362531542778015,174.19287109375,48.650067299604416,187.9150390625,186.6953125,INDIVIDUAL_ANNOTATOR_LOOP,with_mapper,subsample_25000,25000,11.084109091990602,134492
138,32,311,393,3.171568736433983,174.396484375,49.269791692495346,187.9130859375,186.693359375,INDIVIDUAL_ANNOTATOR_LOOP,with_mapper,subsample_25000,25000,11.084109091990602,134492
139,32,261,376,3.02225723862648,174.59912109375,47.413211315870285,187.91162109375,186.69091796875,INDIVIDUAL_ANNOTATOR_LOOP,with_mapper,subsample_25000,25000,11.084109091990602,134492
140,32,222,312,2.9367785900831223,174.79931640625,39.80421461164951,187.908203125,186.6865234375,INDIVIDUAL_ANNOTATOR_LOOP,with_mapper,subsample_25000,25000,11.084109091990602,134492
141,32,283,366,3.094000741839409,174.99609375,46.4482419192791,187.90673828125,186.69189453125,INDIVIDUAL_ANNOTATOR_LOOP,with_mapper,subsample_25000,25000,11.084109091990602,134492
142,32,234,344,2.967569977045059,175.197265625,43.392643332481384,187.91162109375,186.69580078125,INDIVIDUAL_ANNOTATOR_LOOP,with_mapper,subsample_25000,25000,11.084109091990602,134492
143,32,191,313,2.9488150030374527,175.4013671875,39.55000638961792,187.912109375,186.6865234375,INDIVIDUAL_ANNOTATOR_LOOP,with_mapper,subsample_25000,25000,11.084109091990602,134492
144,32,279,366,2.994311973452568,175.59814453125,46.27633094787598,187.90771484375,186.69580078125,INDIVIDUAL_ANNOTATOR_LOOP,with_mapper,subsample_25000,25000,11.084109091990602,134492
145,32,224,349,3.244265913963318,175.80224609375,44.02901232242584,187.91357421875,186.69287109375,INDIVIDUAL_ANNOTATOR_LOOP,with_mapper,subsample_25000,25000,11.084109091990602,134492
146,32,256,353,3.0226893723011017,176.00439453125,44.60879974067211,187.91162109375,186.69189453125,INDIVIDUAL_ANNOTATOR_LOOP,with_mapper,subsample_25000,25000,11.084109091990602,134492
147,32,207,319,3.0682776123285294,176.20556640625,40.38686119019985,187.91015625,186.689453125,INDIVIDUAL_ANNOTATOR_LOOP,with_mapper,subsample_25000,25000,11.084109091990602,134492
148,32,199,331,3.2772142440080643,176.404296875,41.7062658816576,187.90869140625,186.69091796875,INDIVIDUAL_ANNOTATOR_LOOP,with_mapper,subsample_25000,25000,11.084109091990602,134492
149,32,256,350,3.0054282397031784,176.6044921875,43.97055320441723,187.90966796875,186.69189453125,INDIVIDUAL_ANNOTATOR_LOOP,with_mapper,subsample_25000,25000,11.084109091990602,134492
150,32,193,329,2.944840118288994,176.8056640625,41.49732552468777,187.91064453125,186.69091796875,INDIVIDUAL_ANNOTATOR_LOOP,with_mapper,subsample_25000,25000,11.084109091990602,134492
151,32,277,349,2.9907971620559692,177.005859375,44.209519401192665,187.90966796875,186.69091796875,INDIVIDUAL_ANNOTATOR_LOOP,with_mapper,subsample_25000,25000,11.084109091990602,134492
152,32,309,391,3.176657482981682,177.2060546875,49.24115538597107,187.9111328125,186.6953125,INDIVIDUAL_ANNOTATOR_LOOP,with_mapper,subsample_25000,25000,11.084109091990602,134492
153,32,261,391,3.039419651031494,177.40966796875,48.98478649556637,187.9140625,186.6962890625,INDIVIDUAL_ANNOTATOR_LOOP,with_mapper,subsample_25000,25000,11.084109091990602,134492
154,32,261,351,3.0162595212459564,177.6142578125,44.24731247127056,187.91455078125,186.69482421875,INDIVIDUAL_ANNOTATOR_LOOP,with_mapper,subsample_25000,25000,11.084109091990602,134492
155,32,348,386,3.369240090250969,177.8173828125,48.61542023718357,187.9130859375,186.693359375,INDIVIDUAL_ANNOTATOR_LOOP,with_mapper,subsample_25000,25000,11.084109091990602,134492
156,32,244,343,3.0108951032161713,178.02001953125,43.25718805193901,187.91259765625,186.69482421875,INDIVIDUAL_ANNOTATOR_LOOP,with_mapper,subsample_25000,25000,11.084109091990602,134492
157,32,258,361,3.0696485191583633,178.22314453125,45.594748109579086,187.91259765625,186.69287109375,INDIVIDUAL_ANNOTATOR_LOOP,with_mapper,subsample_25000,25000,11.084109091990602,134492
158,32,295,368,3.1647291034460068,178.42529296875,46.46475985646248,187.91259765625,186.69482421875,INDIVIDUAL_ANNOTATOR_LOOP,with_mapper,subsample_25000,25000,11.084109091990602,134492
159,32,300,381,3.094904124736786,178.62841796875,47.99506068229675,187.91259765625,186.69189453125,INDIVIDUAL_ANNOTATOR_LOOP,with_mapper,subsample_25000,25000,11.084109091990602,134492
160,32,260,337,2.984520047903061,178.82958984375,42.900389060378075,187.91064453125,186.69091796875,INDIVIDUAL_ANNOTATOR_LOOP,with_mapper,subsample_25000,25000,11.084109091990602,134492
161,32,300,374,3.0106566846370697,179.02978515625,47.20253683626652,187.91064453125,186.69580078125,INDIVIDUAL_ANNOTATOR_LOOP,with_mapper,subsample_25000,25000,11.084109091990602,134492
162,32,219,336,2.980044111609459,179.23388671875,42.465195059776306,187.91455078125,186.69482421875,INDIVIDUAL_ANNOTATOR_LOOP,with_mapper,subsample_25000,25000,11.084109091990602,134492
163,32,242,353,2.98335961997509,179.43701171875,44.382307678461075,187.91259765625,186.69091796875,INDIVIDUAL_ANNOTATOR_LOOP,with_mapper,subsample_25000,25000,11.084109091990602,134492
164,32,231,328,3.254929557442665,179.63720703125,41.59890301525593,187.90966796875,186.68994140625,INDIVIDUAL_ANNOTATOR_LOOP,with_mapper,subsample_25000,25000,11.084109091990602,134492
165,32,319,367,3.007175400853157,179.83642578125,46.439364552497864,187.90869140625,186.69287109375,INDIVIDUAL_ANNOTATOR_LOOP,with_mapper,subsample_25000,25000,11.084109091990602,134492
166,32,259,366,3.018725663423538,180.03857421875,46.18823155760765,187.91259765625,186.69580078125,INDIVIDUAL_ANNOTATOR_LOOP,with_mapper,subsample_25000,25000,11.084109091990602,134492
167,32,261,356,2.995779737830162,180.24267578125,45.60144431889057,187.91357421875,186.69287109375,INDIVIDUAL_ANNOTATOR_LOOP,with_mapper,subsample_25000,25000,11.084109091990602,134492
168,32,295,354,2.996845170855522,180.44482421875,44.71198469400406,187.91162109375,186.69287109375,INDIVIDUAL_ANNOTATOR_LOOP,with_mapper,subsample_25000,25000,11.084109091990602,134492
169,32,258,354,3.065299242734909,180.64697265625,44.541703537106514,187.91259765625,186.69482421875,INDIVIDUAL_ANNOTATOR_LOOP,with_mapper,subsample_25000,25000,11.084109091990602,134492
170,32,273,373,3.001036122441292,180.85009765625,46.64812982082367,187.91259765625,186.69287109375,INDIVIDUAL_ANNOTATOR_LOOP,with_mapper,subsample_25000,25000,11.084109091990602,134492
171,32,276,377,2.9976777732372284,181.05224609375,47.42002673447132,187.91259765625,186.69677734375,INDIVIDUAL_ANNOTATOR_LOOP,with_mapper,subsample_25000,25000,11.084109091990602,134492
172,32,251,355,2.9755346477031708,181.25732421875,44.39724050462246,187.91455078125,186.69091796875,INDIVIDUAL_ANNOTATOR_LOOP,with_mapper,subsample_25000,25000,11.084109091990602,134492
173,32,261,355,2.9845349490642548,181.45751953125,45.18887959420681,187.90966796875,186.69091796875,INDIVIDUAL_ANNOTATOR_LOOP,with_mapper,subsample_25000,25000,11.084109091990602,134492
174,32,243,354,3.251217305660248,181.65771484375,44.36089098453522,187.90966796875,186.69091796875,INDIVIDUAL_ANNOTATOR_LOOP,with_mapper,subsample_25000,25000,11.084109091990602,134492
175,32,277,379,3.050006926059723,181.85791015625,47.387853264808655,187.91064453125,186.69482421875,INDIVIDUAL_ANNOTATOR_LOOP,with_mapper,subsample_25000,25000,11.084109091990602,134492
176,32,229,339,2.9959268867969513,182.06103515625,42.75624267756939,187.91259765625,186.69091796875,INDIVIDUAL_ANNOTATOR_LOOP,with_mapper,subsample_25000,25000,11.084109091990602,134492
177,32,306,405,3.0686277896165848,182.26123046875,50.85672065615654,187.9111328125,186.697265625,INDIVIDUAL_ANNOTATOR_LOOP,with_mapper,subsample_25000,25000,11.084109091990602,134492
178,32,242,360,3.026876598596573,182.466796875,45.29942758381367,187.91455078125,186.69189453125,INDIVIDUAL_ANNOTATOR_LOOP,with_mapper,subsample_25000,25000,11.084109091990602,134492
179,32,209,326,2.955824136734009,182.66796875,41.189465671777725,187.91064453125,186.69091796875,INDIVIDUAL_ANNOTATOR_LOOP,with_mapper,subsample_25000,25000,11.084109091990602,134492
180,32,219,327,2.9381420463323593,182.8681640625,41.1527119576931,187.90966796875,186.68994140625,INDIVIDUAL_ANNOTATOR_LOOP,with_mapper,subsample_25000,25000,11.084109091990602,134492
181,32,242,358,2.970384433865547,183.0673828125,44.921161606907845,187.90966796875,186.69677734375,INDIVIDUAL_ANNOTATOR_LOOP,with_mapper,subsample_25000,25000,11.084109091990602,134492
182,32,249,363,2.9896944761276245,183.2724609375,45.60018703341484,187.91455078125,186.69189453125,INDIVIDUAL_ANNOTATOR_LOOP,with_mapper,subsample_25000,25000,11.084109091990602,134492
183,32,201,343,2.9521994292736053,183.4736328125,43.28765533864498,187.91064453125,186.69189453125,INDIVIDUAL_ANNOTATOR_LOOP,with_mapper,subsample_25000,25000,11.084109091990602,134492
184,32,238,338,3.221999853849411,183.6748046875,42.72121749818325,187.91064453125,186.68994140625,INDIVIDUAL_ANNOTATOR_LOOP,with_mapper,subsample_25000,25000,11.084109091990602,134492
185,32,229,353,2.9592905193567276,183.8740234375,44.39390078186989,187.90966796875,186.69482421875,INDIVIDUAL_ANNOTATOR_LOOP,with_mapper,subsample_25000,25000,11.084109091990602,134492
186,32,214,320,2.961115911602974,184.0771484375,40.569765493273735,187.912109375,186.689453125,INDIVIDUAL_ANNOTATOR_LOOP,with_mapper,subsample_25000,25000,11.084109091990602,134492
187,32,179,306,2.989441156387329,184.27587890625,38.852181285619736,187.9072265625,186.6865234375,INDIVIDUAL_ANNOTATOR_LOOP,with_mapper,subsample_25000,25000,11.084109091990602,134492
188,32,244,350,3.1792670488357544,184.47265625,44.33982074260712,187.90673828125,186.69189453125,INDIVIDUAL_ANNOTATOR_LOOP,with_mapper,subsample_25000,25000,11.084109091990602,134492
189,32,243,337,2.9641930013895035,184.673828125,42.67772100865841,187.91064453125,186.68994140625,INDIVIDUAL_ANNOTATOR_LOOP,with_mapper,subsample_25000,25000,11.084109091990602,134492
190,32,234,347,2.9663965106010437,184.873046875,43.79583336412907,187.90869140625,186.69091796875,INDIVIDUAL_ANNOTATOR_LOOP,with_mapper,subsample_25000,25000,11.084109091990602,134492
191,32,214,331,2.9405783861875534,185.0732421875,41.91707819700241,187.90966796875,186.69091796875,INDIVIDUAL_ANNOTATOR_LOOP,with_mapper,subsample_25000,25000,11.084109091990602,134492
192,32,269,362,2.9889512807130814,185.2734375,45.46504467725754,187.91064453125,186.69580078125,INDIVIDUAL_ANNOTATOR_LOOP,with_mapper,subsample_25000,25000,11.084109091990602,134492
193,32,216,339,2.951567992568016,185.4775390625,42.53455996513367,187.91357421875,186.68994140625,INDIVIDUAL_ANNOTATOR_LOOP,with_mapper,subsample_25000,25000,11.084109091990602,134492
194,32,275,354,3.2723043113946915,185.6767578125,44.6895956993103,187.90966796875,186.69482421875,INDIVIDUAL_ANNOTATOR_LOOP,with_mapper,subsample_25000,25000,11.084109091990602,134492
195,32,279,376,3.0111894011497498,185.8798828125,49.18174259364605,187.91357421875,186.69580078125,INDIVIDUAL_ANNOTATOR_LOOP,with_mapper,subsample_25000,25000,11.084109091990602,134492
196,32,245,354,2.989586442708969,186.083984375,45.05531303584576,187.91357421875,186.69189453125,INDIVIDUAL_ANNOTATOR_LOOP,with_mapper,subsample_25000,25000,11.084109091990602,134492
197,32,215,314,2.9365159571170807,186.28515625,39.710866287350655,187.9091796875,186.6865234375,INDIVIDUAL_ANNOTATOR_LOOP,with_mapper,subsample_25000,25000,11.084109091990602,134492
198,32,233,352,3.2613929361104965,186.48193359375,44.296473264694214,187.90673828125,186.69287109375,INDIVIDUAL_ANNOTATOR_LOOP,with_mapper,subsample_25000,25000,11.084109091990602,134492
199,32,292,371,3.1016208231449127,186.68408203125,46.8821469694376,187.91259765625,186.69482421875,INDIVIDUAL_ANNOTATOR_LOOP,with_mapper,subsample_25000,25000,11.084109091990602,134492
0,32,330,424,1.4102328568696976,73.10546875,1.1537782847881317,112.3994140625,111.1806640625,BASELINE_AGGREGATE,without_mapper,subsample_30000,30000,13.3993099961336,134492
1,32,356,464,1.3787336647510529,73.296875,1.1409670114517212,112.3994140625,111.1806640625,BASELINE_AGGREGATE,without_mapper,subsample_30000,30000,13.3993099961336,134492
2,32,296,434,1.4955811202526093,73.48828125,1.1485349386930466,112.3994140625,111.1806640625,BASELINE_AGGREGATE,without_mapper,subsample_30000,30000,13.3993099961336,134492
3,32,313,436,1.7953235656023026,73.6796875,1.2481007725000381,112.3994140625,111.1806640625,BASELINE_AGGREGATE,without_mapper,subsample_30000,30000,13.3993099961336,134492
4,32,237,378,1.31208635866642,73.87109375,1.125093549489975,112.3994140625,111.1806640625,BASELINE_AGGREGATE,without_mapper,subsample_30000,30000,13.3993099961336,134492
5,32,334,425,1.3745222240686417,74.0625,1.1502765119075775,112.3994140625,111.1806640625,BASELINE_AGGREGATE,without_mapper,subsample_30000,30000,13.3993099961336,134492
6,32,248,391,1.3064201921224594,74.25390625,1.1332537978887558,112.3994140625,111.1806640625,BASELINE_AGGREGATE,without_mapper,subsample_30000,30000,13.3993099961336,134492
7,32,295,385,1.3363566249608994,74.4453125,1.1363234370946884,112.3994140625,111.1806640625,BASELINE_AGGREGATE,without_mapper,subsample_30000,30000,13.3993099961336,134492
8,32,404,505,1.3814419507980347,74.63671875,1.1371243745088577,112.3994140625,111.1806640625,BASELINE_AGGREGATE,without_mapper,subsample_30000,30000,13.3993099961336,134492
9,32,312,440,1.3032909482717514,74.828125,1.1823289096355438,112.3994140625,111.1806640625,BASELINE_AGGREGATE,without_mapper,subsample_30000,30000,13.3993099961336,134492
10,32,285,370,1.3120342046022415,75.01953125,1.1346209794282913,112.3994140625,111.1806640625,BASELINE_AGGREGATE,without_mapper,subsample_30000,30000,13.3993099961336,134492
11,32,285,414,1.3196691870689392,75.2109375,1.138843595981598,112.3994140625,111.1806640625,BASELINE_AGGREGATE,without_mapper,subsample_30000,30000,13.3993099961336,134492
12,32,284,417,1.3025403022766113,75.40234375,1.1607557535171509,112.3994140625,111.1806640625,BASELINE_AGGREGATE,without_mapper,subsample_30000,30000,13.3993099961336,134492
13,32,266,381,1.3112854212522507,75.59375,1.1402573436498642,112.3994140625,111.1806640625,BASELINE_AGGREGATE,without_mapper,subsample_30000,30000,13.3993099961336,134492
14,32,344,459,1.5866141766309738,75.78515625,1.1345501989126205,112.3994140625,111.1806640625,BASELINE_AGGREGATE,without_mapper,subsample_30000,30000,13.3993099961336,134492
15,32,386,465,1.399446278810501,75.9765625,1.1294875293970108,112.3994140625,111.1806640625,BASELINE_AGGREGATE,without_mapper,subsample_30000,30000,13.3993099961336,134492
16,32,280,397,1.316281035542488,76.16796875,1.1336691677570343,112.3994140625,111.1806640625,BASELINE_AGGREGATE,without_mapper,subsample_30000,30000,13.3993099961336,134492
17,32,327,428,1.3051647692918777,76.359375,1.112053170800209,112.3994140625,111.1806640625,BASELINE_AGGREGATE,without_mapper,subsample_30000,30000,13.3993099961336,134492
18,32,280,408,1.3131406158208847,76.55078125,1.132844015955925,112.3994140625,111.1806640625,BASELINE_AGGREGATE,without_mapper,subsample_30000,30000,13.3993099961336,134492
19,32,239,394,1.3166386634111404,76.7421875,1.14373117685318,112.3994140625,111.1806640625,BASELINE_AGGREGATE,without_mapper,subsample_30000,30000,13.3993099961336,134492
20,32,365,467,1.3215597718954086,76.93359375,1.127617433667183,112.3994140625,111.1806640625,BASELINE_AGGREGATE,without_mapper,subsample_30000,30000,13.3993099961336,134492
21,32,393,479,1.3236422091722488,77.125,1.1592041701078415,112.3994140625,111.1806640625,BASELINE_AGGREGATE,without_mapper,subsample_30000,30000,13.3993099961336,134492
22,32,341,429,1.3019796460866928,77.31640625,1.116052269935608,112.3994140625,111.1806640625,BASELINE_AGGREGATE,without_mapper,subsample_30000,30000,13.3993099961336,134492
23,32,285,427,1.3121850788593292,77.5078125,1.1285152286291122,112.3994140625,111.1806640625,BASELINE_AGGREGATE,without_mapper,subsample_30000,30000,13.3993099961336,134492
24,32,280,423,1.596994698047638,77.69921875,1.1263564229011536,112.3994140625,111.1806640625,BASELINE_AGGREGATE,without_mapper,subsample_30000,30000,13.3993099961336,134492
25,32,267,395,1.3151690363883972,77.890625,1.1202991008758545,112.3994140625,111.1806640625,BASELINE_AGGREGATE,without_mapper,subsample_30000,30000,13.3993099961336,134492
26,32,365,474,1.311199739575386,78.08203125,1.126263290643692,112.3994140625,111.1806640625,BASELINE_AGGREGATE,without_mapper,subsample_30000,30000,13.3993099961336,134492
27,32,276,408,1.3416111469268799,78.2734375,1.1330824345350266,112.3994140625,111.1806640625,BASELINE_AGGREGATE,without_mapper,subsample_30000,30000,13.3993099961336,134492
28,32,294,432,1.303868368268013,78.46484375,1.1246111243963242,112.3994140625,111.1806640625,BASELINE_AGGREGATE,without_mapper,subsample_30000,30000,13.3993099961336,134492
29,32,316,448,1.3356152921915054,78.65625,1.1456329375505447,112.3994140625,111.1806640625,BASELINE_AGGREGATE,without_mapper,subsample_30000,30000,13.3993099961336,134492
30,32,314,422,1.2972000986337662,78.84765625,1.1259745806455612,112.3994140625,111.1806640625,BASELINE_AGGREGATE,without_mapper,subsample_30000,30000,13.3993099961336,134492
31,32,362,442,1.3263523578643799,79.0390625,1.1318568140268326,112.3994140625,111.1806640625,BASELINE_AGGREGATE,without_mapper,subsample_30000,30000,13.3993099961336,134492
32,32,238,413,1.310352236032486,79.23046875,1.131480559706688,112.3994140625,111.1806640625,BASELINE_AGGREGATE,without_mapper,subsample_30000,30000,13.3993099961336,134492
33,32,279,399,1.3038292527198792,79.421875,1.2049339711666107,112.3994140625,111.1806640625,BASELINE_AGGREGATE,without_mapper,subsample_30000,30000,13.3993099961336,134492
34,32,361,456,1.3022515922784805,79.61328125,1.140553504228592,112.3994140625,111.1806640625,BASELINE_AGGREGATE,without_mapper,subsample_30000,30000,13.3993099961336,134492
35,32,268,420,1.7149671912193298,79.8046875,1.124940812587738,112.3994140625,111.1806640625,BASELINE_AGGREGATE,without_mapper,subsample_30000,30000,13.3993099961336,134492
36,32,359,445,1.327861100435257,79.99609375,1.1317413300275803,112.3994140625,111.1806640625,BASELINE_AGGREGATE,without_mapper,subsample_30000,30000,13.3993099961336,134492
37,32,247,385,1.3296380639076233,80.1875,1.1395998299121857,112.3994140625,111.1806640625,BASELINE_AGGREGATE,without_mapper,subsample_30000,30000,13.3993099961336,134492
38,32,258,415,1.3214722275733948,80.37890625,1.1343155056238174,112.3994140625,111.1806640625,BASELINE_AGGREGATE,without_mapper,subsample_30000,30000,13.3993099961336,134492
39,32,303,403,1.3216398656368256,80.5703125,1.1201761662960052,112.3994140625,111.1806640625,BASELINE_AGGREGATE,without_mapper,subsample_30000,30000,13.3993099961336,134492
40,32,318,429,1.336822286248207,80.76171875,1.1753961443901062,112.3994140625,111.1806640625,BASELINE_AGGREGATE,without_mapper,subsample_30000,30000,13.3993099961336,134492
41,32,279,408,1.3118870556354523,80.953125,1.1272858828306198,112.3994140625,111.1806640625,BASELINE_AGGREGATE,without_mapper,subsample_30000,30000,13.3993099961336,134492
42,32,296,403,1.3176463544368744,81.14453125,1.1336654424667358,112.3994140625,111.1806640625,BASELINE_AGGREGATE,without_mapper,subsample_30000,30000,13.3993099961336,134492
43,32,240,388,1.323755830526352,81.3359375,1.1260882019996643,112.3994140625,111.1806640625,BASELINE_AGGREGATE,without_mapper,subsample_30000,30000,13.3993099961336,134492
44,32,326,419,1.3825483620166779,81.52734375,1.1379364877939224,112.3994140625,111.1806640625,BASELINE_AGGREGATE,without_mapper,subsample_30000,30000,13.3993099961336,134492
45,32,318,427,1.6009900718927383,81.71875,1.12948939204216,112.3994140625,111.1806640625,BASELINE_AGGREGATE,without_mapper,subsample_30000,30000,13.3993099961336,134492
46,32,329,410,1.2978874146938324,81.91015625,1.1260304600000381,112.3994140625,111.1806640625,BASELINE_AGGREGATE,without_mapper,subsample_30000,30000,13.3993099961336,134492
47,32,307,448,1.4945324510335922,82.1015625,1.1448133736848831,112.3994140625,111.1806640625,BASELINE_AGGREGATE,without_mapper,subsample_30000,30000,13.3993099961336,134492
48,32,327,461,1.3191476464271545,82.29296875,1.1259708553552628,112.3994140625,111.1806640625,BASELINE_AGGREGATE,without_mapper,subsample_30000,30000,13.3993099961336,134492
49,32,362,443,1.3258252292871475,82.484375,1.125810667872429,112.3994140625,111.1806640625,BASELINE_AGGREGATE,without_mapper,subsample_30000,30000,13.3993099961336,134492
50,32,261,407,1.303739845752716,82.67578125,1.3470351696014404,112.3994140625,111.1806640625,BASELINE_AGGREGATE,without_mapper,subsample_30000,30000,13.3993099961336,134492
51,32,244,376,1.3297684490680695,82.8671875,1.146618276834488,112.3994140625,111.1806640625,BASELINE_AGGREGATE,without_mapper,subsample_30000,30000,13.3993099961336,134492
52,32,276,445,1.3101063668727875,83.05859375,1.1373814195394516,112.3994140625,111.1806640625,BASELINE_AGGREGATE,without_mapper,subsample_30000,30000,13.3993099961336,134492
53,32,327,458,1.3140477240085602,83.25,1.1700056493282318,112.3994140625,111.1806640625,BASELINE_AGGREGATE,without_mapper,subsample_30000,30000,13.3993099961336,134492
54,32,309,418,1.3203956186771393,83.44140625,1.207856461405754,112.3994140625,111.1806640625,BASELINE_AGGREGATE,without_mapper,subsample_30000,30000,13.3993099961336,134492
55,32,361,443,1.6053039580583572,83.6328125,1.1216439306735992,112.3994140625,111.1806640625,BASELINE_AGGREGATE,without_mapper,subsample_30000,30000,13.3993099961336,134492
56,32,394,483,1.3078972697257996,83.82421875,1.134335994720459,112.3994140625,111.1806640625,BASELINE_AGGREGATE,without_mapper,subsample_30000,30000,13.3993099961336,134492
57,32,357,431,1.3225674629211426,84.015625,1.1294465512037277,112.3994140625,111.1806640625,BASELINE_AGGREGATE,without_mapper,subsample_30000,30000,13.3993099961336,134492
58,32,247,381,1.301262527704239,84.20703125,1.1406242847442627,112.3994140625,111.1806640625,BASELINE_AGGREGATE,without_mapper,subsample_30000,30000,13.3993099961336,134492
59,32,279,390,1.3131890445947647,84.3984375,1.1281277984380722,112.3994140625,111.1806640625,BASELINE_AGGREGATE,without_mapper,subsample_30000,30000,13.3993099961336,134492
60,32,328,457,1.4371667057275772,84.58984375,1.1470746248960495,112.3994140625,111.1806640625,BASELINE_AGGREGATE,without_mapper,subsample_30000,30000,13.3993099961336,134492
61,32,254,415,1.3568606227636337,84.78125,1.1346358805894852,112.3994140625,111.1806640625,BASELINE_AGGREGATE,without_mapper,subsample_30000,30000,13.3993099961336,134492
62,32,343,458,1.3192035257816315,84.97265625,1.1288803070783615,112.3994140625,111.1806640625,BASELINE_AGGREGATE,without_mapper,subsample_30000,30000,13.3993099961336,134492
63,32,246,388,1.332772895693779,85.1640625,1.1316239833831787,112.3994140625,111.1806640625,BASELINE_AGGREGATE,without_mapper,subsample_30000,30000,13.3993099961336,134492
64,32,360,439,1.3278983533382416,85.35546875,1.1516399681568146,112.3994140625,111.1806640625,BASELINE_AGGREGATE,without_mapper,subsample_30000,30000,13.3993099961336,134492
65,32,309,392,1.3749338686466217,85.546875,1.1220760643482208,112.3994140625,111.1806640625,BASELINE_AGGREGATE,without_mapper,subsample_30000,30000,13.3993099961336,134492
66,32,339,423,1.6357675194740295,85.73828125,1.162216067314148,112.3994140625,111.1806640625,BASELINE_AGGREGATE,without_mapper,subsample_30000,30000,13.3993099961336,134492
67,32,323,437,1.31925567984581,85.9296875,1.127900555729866,112.3994140625,111.1806640625,BASELINE_AGGREGATE,without_mapper,subsample_30000,30000,13.3993099961336,134492
68,32,403,477,1.3210326433181763,86.12109375,1.1287406086921692,112.3994140625,111.1806640625,BASELINE_AGGREGATE,without_mapper,subsample_30000,30000,13.3993099961336,134492
69,32,285,401,1.3245027512311935,86.3125,1.187806949019432,112.3994140625,111.1806640625,BASELINE_AGGREGATE,without_mapper,subsample_30000,30000,13.3993099961336,134492
70,32,395,499,1.3269707560539246,86.50390625,1.1250190436840057,112.3994140625,111.1806640625,BASELINE_AGGREGATE,without_mapper,subsample_30000,30000,13.3993099961336,134492
71,32,294,408,1.3290774077177048,86.6953125,1.1293161660432816,112.3994140625,111.1806640625,BASELINE_AGGREGATE,without_mapper,subsample_30000,30000,13.3993099961336,134492
72,32,317,455,1.3202764093875885,86.88671875,1.1383332312107086,112.3994140625,111.1806640625,BASELINE_AGGREGATE,without_mapper,subsample_30000,30000,13.3993099961336,134492
73,32,454,536,1.368049532175064,87.078125,1.1159684509038925,112.3994140625,111.1806640625,BASELINE_AGGREGATE,without_mapper,subsample_30000,30000,13.3993099961336,134492
74,32,344,403,1.3311225920915604,87.26953125,1.1907778680324554,112.3994140625,111.1806640625,BASELINE_AGGREGATE,without_mapper,subsample_30000,30000,13.3993099961336,134492
75,32,377,480,1.3362225145101547,87.4609375,1.1211279779672623,112.3994140625,111.1806640625,BASELINE_AGGREGATE,without_mapper,subsample_30000,30000,13.3993099961336,134492
76,32,265,435,1.5894882380962372,87.65234375,1.1413712054491043,112.3994140625,111.1806640625,BASELINE_AGGREGATE,without_mapper,subsample_30000,30000,13.3993099961336,134492
77,32,334,466,1.4409851282835007,87.84375,1.1425744742155075,112.3994140625,111.1806640625,BASELINE_AGGREGATE,without_mapper,subsample_30000,30000,13.3993099961336,134492
78,32,328,433,1.333676278591156,88.03515625,1.1308155953884125,112.3994140625,111.1806640625,BASELINE_AGGREGATE,without_mapper,subsample_30000,30000,13.3993099961336,134492
79,32,353,454,1.3185236603021622,88.2265625,1.163136214017868,112.3994140625,111.1806640625,BASELINE_AGGREGATE,without_mapper,subsample_30000,30000,13.3993099961336,134492
80,32,345,422,1.3395510613918304,88.41796875,1.128319650888443,112.3994140625,111.1806640625,BASELINE_AGGREGATE,without_mapper,subsample_30000,30000,13.3993099961336,134492
81,32,255,377,1.5771575272083282,88.609375,1.1928379535675049,112.3994140625,111.1806640625,BASELINE_AGGREGATE,without_mapper,subsample_30000,30000,13.3993099961336,134492
82,32,359,435,1.3290215283632278,88.80078125,1.1463873088359833,112.3994140625,111.1806640625,BASELINE_AGGREGATE,without_mapper,subsample_30000,30000,13.3993099961336,134492
83,32,314,444,1.3125427067279816,88.9921875,1.1471528559923172,112.3994140625,111.1806640625,BASELINE_AGGREGATE,without_mapper,subsample_30000,30000,13.3993099961336,134492
84,32,381,446,1.3895630836486816,89.18359375,1.3149380683898926,112.3994140625,111.1806640625,BASELINE_AGGREGATE,without_mapper,subsample_30000,30000,13.3993099961336,134492
85,32,344,473,1.3480167835950851,89.375,1.1857245117425919,112.3994140625,111.1806640625,BASELINE_AGGREGATE,without_mapper,subsample_30000,30000,13.3993099961336,134492
86,32,220,383,1.3523045927286148,89.56640625,1.189475879073143,112.3994140625,111.1806640625,BASELINE_AGGREGATE,without_mapper,subsample_30000,30000,13.3993099961336,134492
87,32,299,400,1.6219820827245712,89.7578125,1.1896751821041107,112.3994140625,111.1806640625,BASELINE_AGGREGATE,without_mapper,subsample_30000,30000,13.3993099961336,134492
88,32,262,394,1.347322016954422,89.94921875,1.1911187320947647,112.3994140625,111.1806640625,BASELINE_AGGREGATE,without_mapper,subsample_30000,30000,13.3993099961336,134492
89,32,272,441,1.4200545847415924,90.140625,1.1218562722206116,112.3994140625,111.1806640625,BASELINE_AGGREGATE,without_mapper,subsample_30000,30000,13.3993099961336,134492
90,32,410,506,1.343199983239174,90.33203125,1.1347923427820206,112.3994140625,111.1806640625,BASELINE_AGGREGATE,without_mapper,subsample_30000,30000,13.3993099961336,134492
91,32,308,436,1.324620097875595,90.5234375,1.2097042053937912,112.3994140625,111.1806640625,BASELINE_AGGREGATE,without_mapper,subsample_30000,30000,13.3993099961336,134492
92,32,269,393,1.3354476541280746,90.71484375,1.1315234005451202,112.3994140625,111.1806640625,BASELINE_AGGREGATE,without_mapper,subsample_30000,30000,13.3993099961336,134492
93,32,314,428,1.3414714485406876,90.90625,1.124449074268341,112.3994140625,111.1806640625,BASELINE_AGGREGATE,without_mapper,subsample_30000,30000,13.3993099961336,134492
94,32,315,442,1.3596881181001663,91.09765625,1.1356156319379807,112.3994140625,111.1806640625,BASELINE_AGGREGATE,without_mapper,subsample_30000,30000,13.3993099961336,134492
95,32,249,383,1.3297703117132187,91.2890625,1.1318810284137726,112.3994140625,111.1806640625,BASELINE_AGGREGATE,without_mapper,subsample_30000,30000,13.3993099961336,134492
96,32,237,398,1.336667686700821,91.48046875,1.1251475661993027,112.3994140625,111.1806640625,BASELINE_AGGREGATE,without_mapper,subsample_30000,30000,13.3993099961336,134492
97,32,261,411,1.7269439995288849,91.671875,1.1389926075935364,112.3994140625,111.1806640625,BASELINE_AGGREGATE,without_mapper,subsample_30000,30000,13.3993099961336,134492
98,32,310,431,1.341596245765686,91.86328125,1.1289548128843307,112.3994140625,111.1806640625,BASELINE_AGGREGATE,without_mapper,subsample_30000,30000,13.3993099961336,134492
99,32,307,424,1.3240184634923935,92.0546875,1.134796068072319,112.3994140625,111.1806640625,BASELINE_AGGREGATE,without_mapper,subsample_30000,30000,13.3993099961336,134492
100,32,448,526,1.3951249420642853,92.24609375,1.1413861066102982,112.3994140625,111.1806640625,BASELINE_AGGREGATE,without_mapper,subsample_30000,30000,13.3993099961336,134492
101,32,239,434,1.3393554836511612,92.4375,1.1346321552991867,112.3994140625,111.1806640625,BASELINE_AGGREGATE,without_mapper,subsample_30000,30000,13.3993099961336,134492
102,32,253,417,1.3385508209466934,92.62890625,1.1343695223331451,112.3994140625,111.1806640625,BASELINE_AGGREGATE,without_mapper,subsample_30000,30000,13.3993099961336,134492
103,32,241,391,1.3386886566877365,92.8203125,1.139167696237564,112.3994140625,111.1806640625,BASELINE_AGGREGATE,without_mapper,subsample_30000,30000,13.3993099961336,134492
104,32,335,440,1.3294462114572525,93.01171875,1.120094209909439,112.3994140625,111.1806640625,BASELINE_AGGREGATE,without_mapper,subsample_30000,30000,13.3993099961336,134492
105,32,217,390,1.328619197010994,93.203125,1.1215321719646454,112.3994140625,111.1806640625,BASELINE_AGGREGATE,without_mapper,subsample_30000,30000,13.3993099961336,134492
106,32,334,453,1.3453960418701172,93.39453125,1.12161785364151,112.3994140625,111.1806640625,BASELINE_AGGREGATE,without_mapper,subsample_30000,30000,13.3993099961336,134492
107,32,254,413,1.3784095644950867,93.5859375,1.196742057800293,112.3994140625,111.1806640625,BASELINE_AGGREGATE,without_mapper,subsample_30000,30000,13.3993099961336,134492
108,32,249,383,1.607680693268776,93.77734375,1.1295359581708908,112.3994140625,111.1806640625,BASELINE_AGGREGATE,without_mapper,subsample_30000,30000,13.3993099961336,134492
109,32,297,406,1.3508964329957962,93.96875,1.1311080306768417,112.3994140625,111.1806640625,BASELINE_AGGREGATE,without_mapper,subsample_30000,30000,13.3993099961336,134492
110,32,330,438,1.4184396713972092,94.16015625,1.1320114135742188,112.3994140625,111.1806640625,BASELINE_AGGREGATE,without_mapper,subsample_30000,30000,13.3993099961336,134492
111,32,360,465,1.331264153122902,94.3515625,1.1503268033266068,112.3994140625,111.1806640625,BASELINE_AGGREGATE,without_mapper,subsample_30000,30000,13.3993099961336,134492
112,32,395,487,1.3370607048273087,94.54296875,1.1344458907842636,112.3994140625,111.1806640625,BASELINE_AGGREGATE,without_mapper,subsample_30000,30000,13.3993099961336,134492
113,32,360,428,1.3246499001979828,94.734375,1.1428184807300568,112.3994140625,111.1806640625,BASELINE_AGGREGATE,without_mapper,subsample_30000,30000,13.3993099961336,134492
114,32,299,400,1.348717138171196,94.92578125,1.2105479836463928,112.3994140625,111.1806640625,BASELINE_AGGREGATE,without_mapper,subsample_30000,30000,13.3993099961336,134492
115,32,284,406,1.3281088322401047,95.1171875,1.119859516620636,112.3994140625,111.1806640625,BASELINE_AGGREGATE,without_mapper,subsample_30000,30000,13.3993099961336,134492
116,32,308,417,1.3305284082889557,95.30859375,1.1391770094633102,112.3994140625,111.1806640625,BASELINE_AGGREGATE,without_mapper,subsample_30000,30000,13.3993099961336,134492
117,32,234,407,1.3390332460403442,95.5,1.1706575751304626,112.3994140625,111.1806640625,BASELINE_AGGREGATE,without_mapper,subsample_30000,30000,13.3993099961336,134492
118,32,324,401,1.6016103327274323,95.69140625,1.1235717684030533,112.3994140625,111.1806640625,BASELINE_AGGREGATE,without_mapper,subsample_30000,30000,13.3993099961336,134492
119,32,324,429,1.3440437614917755,95.8828125,1.1281482875347137,112.3994140625,111.1806640625,BASELINE_AGGREGATE,without_mapper,subsample_30000,30000,13.3993099961336,134492
120,32,255,385,1.3120733201503754,96.07421875,1.1251233518123627,112.3994140625,111.1806640625,BASELINE_AGGREGATE,without_mapper,subsample_30000,30000,13.3993099961336,134492
121,32,334,455,1.3209283351898193,96.265625,1.1296942830085754,112.3994140625,111.1806640625,BASELINE_AGGREGATE,without_mapper,subsample_30000,30000,13.3993099961336,134492
122,32,311,421,1.3307537883520126,96.45703125,1.2000370770692825,112.3994140625,111.1806640625,BASELINE_AGGREGATE,without_mapper,subsample_30000,30000,13.3993099961336,134492
123,32,344,487,1.3413093984127045,96.6484375,1.1212825775146484,112.3994140625,111.1806640625,BASELINE_AGGREGATE,without_mapper,subsample_30000,30000,13.3993099961336,134492
124,32,347,455,1.3360772281885147,96.83984375,1.1612754315137863,112.3994140625,111.1806640625,BASELINE_AGGREGATE,without_mapper,subsample_30000,30000,13.3993099961336,134492
125,32,229,398,1.3678763061761856,97.03125,1.1358540505170822,112.3994140625,111.1806640625,BASELINE_AGGREGATE,without_mapper,subsample_30000,30000,13.3993099961336,134492
126,32,308,392,1.3172123581171036,97.22265625,1.1251997202634811,112.3994140625,111.1806640625,BASELINE_AGGREGATE,without_mapper,subsample_30000,30000,13.3993099961336,134492
127,32,319,419,1.3326182961463928,97.4140625,1.126183196902275,112.3994140625,111.1806640625,BASELINE_AGGREGATE,without_mapper,subsample_30000,30000,13.3993099961336,134492
128,32,351,452,1.316281035542488,97.60546875,1.1332947760820389,112.3994140625,111.1806640625,BASELINE_AGGREGATE,without_mapper,subsample_30000,30000,13.3993099961336,134492
129,32,366,470,1.6214530915021896,97.796875,1.118270680308342,112.3994140625,111.1806640625,BASELINE_AGGREGATE,without_mapper,subsample_30000,30000,13.3993099961336,134492
130,32,371,464,1.314288005232811,97.98828125,1.1258721351623535,112.3994140625,111.1806640625,BASELINE_AGGREGATE,without_mapper,subsample_30000,30000,13.3993099961336,134492
131,32,340,462,1.310480758547783,98.1796875,1.1798013001680374,112.3994140625,111.1806640625,BASELINE_AGGREGATE,without_mapper,subsample_30000,30000,13.3993099961336,134492
132,32,377,498,1.3318676501512527,98.37109375,1.1150315403938293,112.3994140625,111.1806640625,BASELINE_AGGREGATE,without_mapper,subsample_30000,30000,13.3993099961336,134492
133,32,288,428,1.3206955045461655,98.5625,1.1181402951478958,112.3994140625,111.1806640625,BASELINE_AGGREGATE,without_mapper,subsample_30000,30000,13.3993099961336,134492
134,32,389,432,1.3276096433401108,98.75390625,1.130925491452217,112.3994140625,111.1806640625,BASELINE_AGGREGATE,without_mapper,subsample_30000,30000,13.3993099961336,134492
135,32,358,466,1.3216324150562286,98.9453125,1.1417586356401443,112.3994140625,111.1806640625,BASELINE_AGGREGATE,without_mapper,subsample_30000,30000,13.3993099961336,134492
136,32,282,414,1.3089831918478012,99.13671875,1.1848602443933487,112.3994140625,111.1806640625,BASELINE_AGGREGATE,without_mapper,subsample_30000,30000,13.3993099961336,134492
137,32,383,477,1.3223905116319656,99.328125,1.2010466307401657,112.3994140625,111.1806640625,BASELINE_AGGREGATE,without_mapper,subsample_30000,30000,13.3993099961336,134492
138,32,372,474,1.3102907687425613,99.51953125,1.1247843503952026,112.3994140625,111.1806640625,BASELINE_AGGREGATE,without_mapper,subsample_30000,30000,13.3993099961336,134492
139,32,317,460,1.6227886080741882,99.7109375,1.1387933045625687,112.3994140625,111.1806640625,BASELINE_AGGREGATE,without_mapper,subsample_30000,30000,13.3993099961336,134492
140,32,263,366,1.3446547091007233,99.90234375,1.1277087032794952,112.3994140625,111.1806640625,BASELINE_AGGREGATE,without_mapper,subsample_30000,30000,13.3993099961336,134492
141,32,349,449,1.3360604643821716,100.09375,1.1187121272087097,112.3994140625,111.1806640625,BASELINE_AGGREGATE,without_mapper,subsample_30000,30000,13.3993099961336,134492
142,32,284,423,1.3404209166765213,100.28515625,1.12885981798172,112.3994140625,111.1806640625,BASELINE_AGGREGATE,without_mapper,subsample_30000,30000,13.3993099961336,134492
143,32,232,387,1.3246946036815643,100.4765625,1.1276360601186752,112.3994140625,111.1806640625,BASELINE_AGGREGATE,without_mapper,subsample_30000,30000,13.3993099961336,134492
144,32,344,453,1.3558119535446167,100.66796875,1.1256597936153412,112.3994140625,111.1806640625,BASELINE_AGGREGATE,without_mapper,subsample_30000,30000,13.3993099961336,134492
145,32,276,430,1.3214349746704102,100.859375,1.1447351425886154,112.3994140625,111.1806640625,BASELINE_AGGREGATE,without_mapper,subsample_30000,30000,13.3993099961336,134492
146,32,310,421,1.3275034725666046,101.05078125,1.1366084218025208,112.3994140625,111.1806640625,BASELINE_AGGREGATE,without_mapper,subsample_30000,30000,13.3993099961336,134492
147,32,250,389,1.3129077851772308,101.2421875,1.135900616645813,112.3994140625,111.1806640625,BASELINE_AGGREGATE,without_mapper,subsample_30000,30000,13.3993099961336,134492
148,32,241,396,1.360476016998291,101.43359375,1.1382494121789932,112.3994140625,111.1806640625,BASELINE_AGGREGATE,without_mapper,subsample_30000,30000,13.3993099961336,134492
149,32,309,427,1.3040360063314438,101.625,1.1585485190153122,112.3994140625,111.1806640625,BASELINE_AGGREGATE,without_mapper,subsample_30000,30000,13.3993099961336,134492
150,32,231,403,1.600826159119606,101.81640625,1.1255480349063873,112.3994140625,111.1806640625,BASELINE_AGGREGATE,without_mapper,subsample_30000,30000,13.3993099961336,134492
151,32,336,425,1.3235509395599365,102.0078125,1.1551771312952042,112.3994140625,111.1806640625,BASELINE_AGGREGATE,without_mapper,subsample_30000,30000,13.3993099961336,134492
152,32,370,466,1.3125929981470108,102.19921875,1.125076785683632,112.3994140625,111.1806640625,BASELINE_AGGREGATE,without_mapper,subsample_30000,30000,13.3993099961336,134492
153,32,307,461,1.3165269047021866,102.390625,1.1329539120197296,112.3994140625,111.1806640625,BASELINE_AGGREGATE,without_mapper,subsample_30000,30000,13.3993099961336,134492
154,32,312,419,1.3128574937582016,102.58203125,1.133892685174942,112.3994140625,111.1806640625,BASELINE_AGGREGATE,without_mapper,subsample_30000,30000,13.3993099961336,134492
155,32,420,465,1.3311561197042465,102.7734375,1.1301394551992416,112.3994140625,111.1806640625,BASELINE_AGGREGATE,without_mapper,subsample_30000,30000,13.3993099961336,134492
156,32,297,416,1.324038952589035,102.96484375,1.1310726404190063,112.3994140625,111.1806640625,BASELINE_AGGREGATE,without_mapper,subsample_30000,30000,13.3993099961336,134492
157,32,301,423,1.3240277767181396,103.15625,1.1258609592914581,112.3994140625,111.1806640625,BASELINE_AGGREGATE,without_mapper,subsample_30000,30000,13.3993099961336,134492
158,32,357,444,1.3182684779167175,103.34765625,1.1360347270965576,112.3994140625,111.1806640625,BASELINE_AGGREGATE,without_mapper,subsample_30000,30000,13.3993099961336,134492
159,32,347,443,1.3054292649030685,103.5390625,1.131683588027954,112.3994140625,111.1806640625,BASELINE_AGGREGATE,without_mapper,subsample_30000,30000,13.3993099961336,134492
160,32,311,406,1.6660839319229126,103.73046875,1.140747219324112,112.3994140625,111.1806640625,BASELINE_AGGREGATE,without_mapper,subsample_30000,30000,13.3993099961336,134492
161,32,357,449,1.3178791850805283,103.921875,1.124013215303421,112.3994140625,111.1806640625,BASELINE_AGGREGATE,without_mapper,subsample_30000,30000,13.3993099961336,134492
162,32,268,407,1.3180412352085114,104.11328125,1.1331085115671158,112.3994140625,111.1806640625,BASELINE_AGGREGATE,without_mapper,subsample_30000,30000,13.3993099961336,134492
163,32,287,416,1.313813030719757,104.3046875,1.130739226937294,112.3994140625,111.1806640625,BASELINE_AGGREGATE,without_mapper,subsample_30000,30000,13.3993099961336,134492
164,32,279,391,1.3197530061006546,104.49609375,1.1351574212312698,112.3994140625,111.1806640625,BASELINE_AGGREGATE,without_mapper,subsample_30000,30000,13.3993099961336,134492
165,32,385,440,1.3259686529636383,104.6875,1.2614428997039795,112.3994140625,111.1806640625,BASELINE_AGGREGATE,without_mapper,subsample_30000,30000,13.3993099961336,134492
166,32,318,450,1.315312460064888,104.87890625,1.12171471118927,112.3994140625,111.1806640625,BASELINE_AGGREGATE,without_mapper,subsample_30000,30000,13.3993099961336,134492
167,32,314,430,1.3299733400344849,105.0703125,1.123899593949318,112.3994140625,111.1806640625,BASELINE_AGGREGATE,without_mapper,subsample_30000,30000,13.3993099961336,134492
168,32,346,419,1.3054423034191132,105.26171875,1.1374745517969131,112.3994140625,111.1806640625,BASELINE_AGGREGATE,without_mapper,subsample_30000,30000,13.3993099961336,134492
169,32,315,431,1.3018585741519928,105.453125,1.157095655798912,112.3994140625,111.1806640625,BASELINE_AGGREGATE,without_mapper,subsample_30000,30000,13.3993099961336,134492
170,32,328,448,1.59505195915699,105.64453125,1.145748421549797,112.3994140625,111.1806640625,BASELINE_AGGREGATE,without_mapper,subsample_30000,30000,13.3993099961336,134492
171,32,334,453,1.3258866965770721,105.8359375,1.1189840734004974,112.3994140625,111.1806640625,BASELINE_AGGREGATE,without_mapper,subsample_30000,30000,13.3993099961336,134492
172,32,314,444,1.3167280703783035,106.02734375,1.1219419538974762,112.3994140625,111.1806640625,BASELINE_AGGREGATE,without_mapper,subsample_30000,30000,13.3993099961336,134492
173,32,315,428,1.3588797301054,106.21875,1.2131109833717346,112.3994140625,111.1806640625,BASELINE_AGGREGATE,without_mapper,subsample_30000,30000,13.3993099961336,134492
174,32,289,424,1.4175288379192352,106.41015625,1.1363551020622253,112.3994140625,111.1806640625,BASELINE_AGGREGATE,without_mapper,subsample_30000,30000,13.3993099961336,134492
175,32,328,454,1.3505052775144577,106.6015625,1.2066643685102463,112.3994140625,111.1806640625,BASELINE_AGGREGATE,without_mapper,subsample_30000,30000,13.3993099961336,134492
176,32,271,406,1.3204962015151978,106.79296875,1.1186525225639343,112.3994140625,111.1806640625,BASELINE_AGGREGATE,without_mapper,subsample_30000,30000,13.3993099961336,134492
177,32,371,489,1.3348162174224854,106.984375,1.1258162558078766,112.3994140625,111.1806640625,BASELINE_AGGREGATE,without_mapper,subsample_30000,30000,13.3993099961336,134492
178,32,293,435,1.334233209490776,107.17578125,1.1284425854682922,112.3994140625,111.1806640625,BASELINE_AGGREGATE,without_mapper,subsample_30000,30000,13.3993099961336,134492
179,32,252,393,1.4539603143930435,107.3671875,1.1205598711967468,112.3994140625,111.1806640625,BASELINE_AGGREGATE,without_mapper,subsample_30000,30000,13.3993099961336,134492
180,32,271,396,1.3159196823835373,107.55859375,1.15220807492733,112.3994140625,111.1806640625,BASELINE_AGGREGATE,without_mapper,subsample_30000,30000,13.3993099961336,134492
181,32,290,429,1.5917066484689713,107.75,1.155167818069458,112.3994140625,111.1806640625,BASELINE_AGGREGATE,without_mapper,subsample_30000,30000,13.3993099961336,134492
182,32,297,432,1.3071633875370026,107.94140625,1.1287126690149307,112.3994140625,111.1806640625,BASELINE_AGGREGATE,without_mapper,subsample_30000,30000,13.3993099961336,134492
183,32,241,414,1.3142097741365433,108.1328125,1.1194776743650436,112.3994140625,111.1806640625,BASELINE_AGGREGATE,without_mapper,subsample_30000,30000,13.3993099961336,134492
184,32,294,416,1.3066716492176056,108.32421875,1.133747398853302,112.3994140625,111.1806640625,BASELINE_AGGREGATE,without_mapper,subsample_30000,30000,13.3993099961336,134492
185,32,266,414,1.3145450502634048,108.515625,1.2121889740228653,112.3994140625,111.1806640625,BASELINE_AGGREGATE,without_mapper,subsample_30000,30000,13.3993099961336,134492
186,32,264,393,1.314159482717514,108.70703125,1.2136958539485931,112.3994140625,111.1806640625,BASELINE_AGGREGATE,without_mapper,subsample_30000,30000,13.3993099961336,134492
187,32,221,381,1.3261083513498306,108.8984375,1.126738265156746,112.3994140625,111.1806640625,BASELINE_AGGREGATE,without_mapper,subsample_30000,30000,13.3993099961336,134492
188,32,296,422,1.3091657310724258,109.08984375,1.1221002787351608,112.3994140625,111.1806640625,BASELINE_AGGREGATE,without_mapper,subsample_30000,30000,13.3993099961336,134492
189,32,293,406,1.3202950358390808,109.28125,1.1275969445705414,112.3994140625,111.1806640625,BASELINE_AGGREGATE,without_mapper,subsample_30000,30000,13.3993099961336,134492
190,32,279,411,1.308925449848175,109.47265625,1.122359186410904,112.3994140625,111.1806640625,BASELINE_AGGREGATE,without_mapper,subsample_30000,30000,13.3993099961336,134492
191,32,256,401,1.5871282666921616,109.6640625,1.125626266002655,112.3994140625,111.1806640625,BASELINE_AGGREGATE,without_mapper,subsample_30000,30000,13.3993099961336,134492
192,32,323,435,1.3500135391950607,109.85546875,1.1228378862142563,112.3994140625,111.1806640625,BASELINE_AGGREGATE,without_mapper,subsample_30000,30000,13.3993099961336,134492
193,32,265,414,1.3087932020425797,110.046875,1.1300574988126755,112.3994140625,111.1806640625,BASELINE_AGGREGATE,without_mapper,subsample_30000,30000,13.3993099961336,134492
194,32,336,431,1.3107676059007645,110.23828125,1.1217277497053146,112.3994140625,111.1806640625,BASELINE_AGGREGATE,without_mapper,subsample_30000,30000,13.3993099961336,134492
195,32,345,459,1.3164058327674866,110.4296875,1.1152755469083786,112.3994140625,111.1806640625,BASELINE_AGGREGATE,without_mapper,subsample_30000,30000,13.3993099961336,134492
196,32,292,425,1.3138465583324432,110.62109375,1.1234581470489502,112.3994140625,111.1806640625,BASELINE_AGGREGATE,without_mapper,subsample_30000,30000,13.3993099961336,134492
197,32,253,374,1.3266392052173615,110.8125,1.139795407652855,112.3994140625,111.1806640625,BASELINE_AGGREGATE,without_mapper,subsample_30000,30000,13.3993099961336,134492
198,32,279,422,1.3173166662454605,111.00390625,1.119907945394516,112.3994140625,111.1806640625,BASELINE_AGGREGATE,without_mapper,subsample_30000,30000,13.3993099961336,134492
199,32,351,444,1.3200212270021439,111.1953125,1.1271145194768906,112.3994140625,111.1806640625,BASELINE_AGGREGATE,without_mapper,subsample_30000,30000,13.3993099961336,134492
0,32,330,424,3.171393647789955,133.58447265625,1.7234832048416138,175.34521484375,174.12353515625,INDIVIDUAL_ANNOTATOR,with_mapper,subsample_30000,30000,13.3993099961336,134492
1,32,356,464,3.4276116639375687,133.7880859375,1.6654059290885925,175.3427734375,174.125,INDIVIDUAL_ANNOTATOR,with_mapper,subsample_30000,30000,13.3993099961336,134492
2,32,296,434,3.171805292367935,133.9931640625,1.6965102404356003,175.34326171875,174.12353515625,INDIVIDUAL_ANNOTATOR,with_mapper,subsample_30000,30000,13.3993099961336,134492
3,32,313,436,3.170594573020935,134.19677734375,1.6857273876667023,175.34228515625,174.12646484375,INDIVIDUAL_ANNOTATOR,with_mapper,subsample_30000,30000,13.3993099961336,134492
4,32,237,378,3.085268661379814,134.4033203125,1.841047778725624,175.3427734375,174.1162109375,INDIVIDUAL_ANNOTATOR,with_mapper,subsample_30000,30000,13.3993099961336,134492
5,32,334,425,3.1906608492136,134.6015625,1.697612926363945,175.33642578125,174.12060546875,INDIVIDUAL_ANNOTATOR,with_mapper,subsample_30000,30000,13.3993099961336,134492
6,32,248,391,3.0800551176071167,134.80322265625,1.661328598856926,175.33935546875,174.11962890625,INDIVIDUAL_ANNOTATOR,with_mapper,subsample_30000,30000,13.3993099961336,134492
7,32,295,385,3.146553412079811,135.00390625,1.679917797446251,175.33837890625,174.11962890625,INDIVIDUAL_ANNOTATOR,with_mapper,subsample_30000,30000,13.3993099961336,134492
8,32,404,505,3.2481104135513306,135.20458984375,1.7183087766170502,175.33984375,174.126953125,INDIVIDUAL_ANNOTATOR,with_mapper,subsample_30000,30000,13.3993099961336,134492
9,32,312,440,3.1991396099328995,135.41162109375,1.7941761761903763,175.34521484375,174.12451171875,INDIVIDUAL_ANNOTATOR,with_mapper,subsample_30000,30000,13.3993099961336,134492
10,32,285,370,3.056662157177925,135.6162109375,1.67783722281456,175.3408203125,174.1162109375,INDIVIDUAL_ANNOTATOR,with_mapper,subsample_30000,30000,13.3993099961336,134492
11,32,285,414,3.371916711330414,135.814453125,1.694330945611,175.33642578125,174.12158203125,INDIVIDUAL_ANNOTATOR,with_mapper,subsample_30000,30000,13.3993099961336,134492
12,32,284,417,3.1303949654102325,136.01708984375,1.6939677298069,175.34033203125,174.12060546875,INDIVIDUAL_ANNOTATOR,with_mapper,subsample_30000,30000,13.3993099961336,134492
13,32,266,381,3.3343881368637085,136.21875,1.7061475664377213,175.3388671875,174.1181640625,INDIVIDUAL_ANNOTATOR,with_mapper,subsample_30000,30000,13.3993099961336,134492
14,32,344,459,3.168046474456787,136.41796875,1.670926809310913,175.3388671875,174.125,INDIVIDUAL_ANNOTATOR,with_mapper,subsample_30000,30000,13.3993099961336,134492
15,32,386,465,3.203224390745163,136.623046875,1.6998723149299622,175.34375,174.125,INDIVIDUAL_ANNOTATOR,with_mapper,subsample_30000,30000,13.3993099961336,134492
16,32,280,397,3.132835030555725,136.828125,1.682838425040245,175.34228515625,174.12060546875,INDIVIDUAL_ANNOTATOR,with_mapper,subsample_30000,30000,13.3993099961336,134492
17,32,327,428,3.2625868916511536,137.02978515625,1.6540531069040298,175.34033203125,174.12646484375,INDIVIDUAL_ANNOTATOR,with_mapper,subsample_30000,30000,13.3993099961336,134492
18,32,280,408,3.1217001378536224,137.236328125,1.6606282442808151,175.34423828125,174.12060546875,INDIVIDUAL_ANNOTATOR,with_mapper,subsample_30000,30000,13.3993099961336,134492
19,32,239,394,3.0629001557826996,137.43798828125,1.6720425337553024,175.33935546875,174.12060546875,INDIVIDUAL_ANNOTATOR,with_mapper,subsample_30000,30000,13.3993099961336,134492
20,32,365,467,3.4356843680143356,137.6396484375,1.6817543655633926,175.3408203125,174.1259765625,INDIVIDUAL_ANNOTATOR,with_mapper,subsample_30000,30000,13.3993099961336,134492
21,32,393,479,3.204716369509697,137.845703125,1.6987230628728867,175.3447265625,174.1259765625,INDIVIDUAL_ANNOTATOR,with_mapper,subsample_30000,30000,13.3993099961336,134492
22,32,341,429,3.160141408443451,138.0517578125,1.660207286477089,175.34423828125,174.12646484375,INDIVIDUAL_ANNOTATOR,with_mapper,subsample_30000,30000,13.3993099961336,134492
23,32,285,427,3.1194929033517838,138.2587890625,1.699160784482956,175.34619140625,174.12841796875,INDIVIDUAL_ANNOTATOR,with_mapper,subsample_30000,30000,13.3993099961336,134492
24,32,280,423,3.098132088780403,138.4658203125,1.683596521615982,175.34619140625,174.12451171875,INDIVIDUAL_ANNOTATOR,with_mapper,subsample_30000,30000,13.3993099961336,134492
25,32,267,395,3.0783098191022873,138.67041015625,1.6578398644924164,175.34228515625,174.12060546875,INDIVIDUAL_ANNOTATOR,with_mapper,subsample_30000,30000,13.3993099961336,134492
26,32,365,474,3.188353031873703,138.8720703125,1.7985999584197998,175.3408203125,174.126953125,INDIVIDUAL_ANNOTATOR,with_mapper,subsample_30000,30000,13.3993099961336,134492
27,32,276,408,3.094961866736412,139.0791015625,1.6655847430229187,175.34423828125,174.12158203125,INDIVIDUAL_ANNOTATOR,with_mapper,subsample_30000,30000,13.3993099961336,134492
28,32,294,432,3.1540635973215103,139.28173828125,1.7750933766365051,175.34130859375,174.12646484375,INDIVIDUAL_ANNOTATOR,with_mapper,subsample_30000,30000,13.3993099961336,134492
29,32,316,448,3.176974132657051,139.48828125,1.6648359596729279,175.34521484375,174.12451171875,INDIVIDUAL_ANNOTATOR,with_mapper,subsample_30000,30000,13.3993099961336,134492
30,32,314,422,3.4426189959049225,139.69287109375,1.6572214663028717,175.34326171875,174.12353515625,INDIVIDUAL_ANNOTATOR,with_mapper,subsample_30000,30000,13.3993099961336,134492
31,32,362,442,3.15178744494915,139.896484375,1.6469601541757584,175.34130859375,174.12158203125,INDIVIDUAL_ANNOTATOR,with_mapper,subsample_30000,30000,13.3993099961336,134492
32,32,238,413,3.1453967094421387,140.09912109375,1.631036400794983,175.34033203125,174.12060546875,INDIVIDUAL_ANNOTATOR,with_mapper,subsample_30000,30000,13.3993099961336,134492
33,32,279,399,3.1072814017534256,140.30078125,1.6687605530023575,175.33935546875,174.11962890625,INDIVIDUAL_ANNOTATOR,with_mapper,subsample_30000,30000,13.3993099961336,134492
34,32,361,456,3.1799953430891037,140.50146484375,1.7011649906635284,175.33984375,174.1259765625,INDIVIDUAL_ANNOTATOR,with_mapper,subsample_30000,30000,13.3993099961336,134492
35,32,268,420,3.1269621104002,140.70751953125,1.7135664820671082,175.34423828125,174.12548828125,INDIVIDUAL_ANNOTATOR,with_mapper,subsample_30000,30000,13.3993099961336,134492
36,32,359,445,3.202378749847412,140.9130859375,1.7849039286375046,175.34423828125,174.12646484375,INDIVIDUAL_ANNOTATOR,with_mapper,subsample_30000,30000,13.3993099961336,134492
37,32,247,385,3.0922330915927887,141.11962890625,1.6648918390274048,175.34423828125,174.11962890625,INDIVIDUAL_ANNOTATOR,with_mapper,subsample_30000,30000,13.3993099961336,134492
38,32,258,415,3.1382236629724503,141.3203125,1.6526468098163605,175.33935546875,174.12451171875,INDIVIDUAL_ANNOTATOR,with_mapper,subsample_30000,30000,13.3993099961336,134492
39,32,303,403,3.1405817717313766,141.52490234375,1.662207767367363,175.34228515625,174.12060546875,INDIVIDUAL_ANNOTATOR,with_mapper,subsample_30000,30000,13.3993099961336,134492
40,32,318,429,3.3961161971092224,141.7265625,1.6422886401414871,175.34033203125,174.12548828125,INDIVIDUAL_ANNOTATOR,with_mapper,subsample_30000,30000,13.3993099961336,134492
41,32,279,408,3.1264498829841614,141.93212890625,1.6718823462724686,175.34326171875,174.11865234375,INDIVIDUAL_ANNOTATOR,with_mapper,subsample_30000,30000,13.3993099961336,134492
42,32,296,403,3.146277740597725,142.1318359375,1.6811098903417587,175.33837890625,174.12353515625,INDIVIDUAL_ANNOTATOR,with_mapper,subsample_30000,30000,13.3993099961336,134492
43,32,240,388,3.0841585248708725,142.33544921875,1.6873255372047424,175.34130859375,174.12060546875,INDIVIDUAL_ANNOTATOR,with_mapper,subsample_30000,30000,13.3993099961336,134492
44,32,326,419,3.320900723338127,142.537109375,1.6871318221092224,175.34033203125,174.12451171875,INDIVIDUAL_ANNOTATOR,with_mapper,subsample_30000,30000,13.3993099961336,134492
45,32,318,427,3.14311683177948,142.74169921875,1.6454234719276428,175.34326171875,174.12451171875,INDIVIDUAL_ANNOTATOR,with_mapper,subsample_30000,30000,13.3993099961336,134492
46,32,329,410,3.144707530736923,142.9462890625,1.6491543501615524,175.34228515625,174.12158203125,INDIVIDUAL_ANNOTATOR,with_mapper,subsample_30000,30000,13.3993099961336,134492
47,32,307,448,3.1475909054279327,143.14892578125,1.6659274697303772,175.34130859375,174.12548828125,INDIVIDUAL_ANNOTATOR,with_mapper,subsample_30000,30000,13.3993099961336,134492
48,32,327,461,3.1790975481271744,143.3544921875,1.6931276768445969,175.3447265625,174.126953125,INDIVIDUAL_ANNOTATOR,with_mapper,subsample_30000,30000,13.3993099961336,134492
49,32,362,443,3.1701214611530304,143.5615234375,1.6722958534955978,175.34423828125,174.12158203125,INDIVIDUAL_ANNOTATOR,with_mapper,subsample_30000,30000,13.3993099961336,134492
50,32,261,407,3.3465437591075897,143.76416015625,1.6556866466999054,175.34130859375,174.12548828125,INDIVIDUAL_ANNOTATOR,with_mapper,subsample_30000,30000,13.3993099961336,134492
51,32,244,376,3.046603873372078,143.9697265625,1.6650781035423279,175.341796875,174.1162109375,INDIVIDUAL_ANNOTATOR,with_mapper,subsample_30000,30000,13.3993099961336,134492
52,32,276,445,3.117728978395462,144.16796875,1.6567166894674301,175.33740234375,174.12451171875,INDIVIDUAL_ANNOTATOR,with_mapper,subsample_30000,30000,13.3993099961336,134492
53,32,327,458,3.1729955226182938,144.37255859375,1.6824565827846527,175.3427734375,174.1220703125,INDIVIDUAL_ANNOTATOR,with_mapper,subsample_30000,30000,13.3993099961336,134492
54,32,309,418,3.1245462596416473,144.57568359375,1.666571944952011,175.34033203125,174.12060546875,INDIVIDUAL_ANNOTATOR,with_mapper,subsample_30000,30000,13.3993099961336,134492
55,32,361,443,3.172144293785095,144.77734375,1.707460731267929,175.34033203125,174.12451171875,INDIVIDUAL_ANNOTATOR,with_mapper,subsample_30000,30000,13.3993099961336,134492
56,32,394,483,3.2390281558036804,144.98193359375,1.6703400760889053,175.34375,174.1259765625,INDIVIDUAL_ANNOTATOR,with_mapper,subsample_30000,30000,13.3993099961336,134492
57,32,357,431,3.181593492627144,145.18798828125,1.6774144023656845,175.34326171875,174.12158203125,INDIVIDUAL_ANNOTATOR,with_mapper,subsample_30000,30000,13.3993099961336,134492
58,32,247,381,3.2382700592279434,145.390625,1.7161034047603607,175.3388671875,174.1162109375,INDIVIDUAL_ANNOTATOR,with_mapper,subsample_30000,30000,13.3993099961336,134492
59,32,279,390,3.0986238270998,145.5888671875,1.6568731516599655,175.33642578125,174.11962890625,INDIVIDUAL_ANNOTATOR,with_mapper,subsample_30000,30000,13.3993099961336,134492
60,32,328,457,3.440186381340027,145.78955078125,1.6780495643615723,175.33984375,174.1259765625,INDIVIDUAL_ANNOTATOR,with_mapper,subsample_30000,30000,13.3993099961336,134492
61,32,254,415,3.0928384512662888,145.99560546875,1.6812179237604141,175.34326171875,174.12060546875,INDIVIDUAL_ANNOTATOR,with_mapper,subsample_30000,30000,13.3993099961336,134492
62,32,343,458,3.153013065457344,146.197265625,1.6667768359184265,175.3408203125,174.126953125,INDIVIDUAL_ANNOTATOR,with_mapper,subsample_30000,30000,13.3993099961336,134492
63,32,246,388,3.0542518943548203,146.404296875,1.63939967751503,175.34423828125,174.11865234375,INDIVIDUAL_ANNOTATOR,with_mapper,subsample_30000,30000,13.3993099961336,134492
64,32,360,439,3.263607621192932,146.60400390625,1.6525592654943466,175.33837890625,174.12451171875,INDIVIDUAL_ANNOTATOR,with_mapper,subsample_30000,30000,13.3993099961336,134492
65,32,309,392,3.085428848862648,146.80859375,1.6673393547534943,175.34228515625,174.12060546875,INDIVIDUAL_ANNOTATOR,with_mapper,subsample_30000,30000,13.3993099961336,134492
66,32,339,423,3.1415969133377075,147.01025390625,1.644117757678032,175.33935546875,174.12060546875,INDIVIDUAL_ANNOTATOR,with_mapper,subsample_30000,30000,13.3993099961336,134492
67,32,323,437,3.16065177321434,147.2119140625,1.6662906855344772,175.33935546875,174.12060546875,INDIVIDUAL_ANNOTATOR,with_mapper,subsample_30000,30000,13.3993099961336,134492
68,32,403,477,3.2206475734710693,147.41357421875,1.6669053584337234,175.3408203125,174.125,INDIVIDUAL_ANNOTATOR,with_mapper,subsample_30000,30000,13.3993099961336,134492
69,32,285,401,3.091663122177124,147.61865234375,2.0364224910736084,175.34228515625,174.12060546875,INDIVIDUAL_ANNOTATOR,with_mapper,subsample_30000,30000,13.3993099961336,134492
70,32,395,499,3.484698012471199,147.8203125,1.669781282544136,175.3408203125,174.125,INDIVIDUAL_ANNOTATOR,with_mapper,subsample_30000,30000,13.3993099961336,134492
71,32,294,408,3.098299726843834,148.025390625,1.6484204679727554,175.34228515625,174.12158203125,INDIVIDUAL_ANNOTATOR,with_mapper,subsample_30000,30000,13.3993099961336,134492
72,32,317,455,3.1627118587493896,148.22802734375,1.6841404139995575,175.3408203125,174.1220703125,INDIVIDUAL_ANNOTATOR,with_mapper,subsample_30000,30000,13.3993099961336,134492
73,32,454,536,3.2927189022302628,148.43115234375,1.6931388527154922,175.34228515625,174.12451171875,INDIVIDUAL_ANNOTATOR,with_mapper,subsample_30000,30000,13.3993099961336,134492
74,32,344,403,3.120550885796547,148.6357421875,1.9803233444690704,175.34130859375,174.12158203125,INDIVIDUAL_ANNOTATOR,with_mapper,subsample_30000,30000,13.3993099961336,134492
75,32,377,480,3.178238868713379,148.84033203125,1.683192327618599,175.3427734375,174.1298828125,INDIVIDUAL_ANNOTATOR,with_mapper,subsample_30000,30000,13.3993099961336,134492
76,32,265,435,3.0979756265878677,149.04736328125,1.6999244689941406,175.34716796875,174.12353515625,INDIVIDUAL_ANNOTATOR,with_mapper,subsample_30000,30000,13.3993099961336,134492
77,32,334,466,3.1844936311244965,149.2509765625,1.6716960817575455,175.3427734375,174.126953125,INDIVIDUAL_ANNOTATOR,with_mapper,subsample_30000,30000,13.3993099961336,134492
78,32,328,433,3.116922453045845,149.45849609375,1.6706008464097977,175.34619140625,174.12841796875,INDIVIDUAL_ANNOTATOR,with_mapper,subsample_30000,30000,13.3993099961336,134492
79,32,353,454,3.642754629254341,149.66552734375,1.7058849334716797,175.3466796875,174.1259765625,INDIVIDUAL_ANNOTATOR,with_mapper,subsample_30000,30000,13.3993099961336,134492
80,32,345,422,3.136390820145607,149.87158203125,1.6542356461286545,175.34423828125,174.12451171875,INDIVIDUAL_ANNOTATOR,with_mapper,subsample_30000,30000,13.3993099961336,134492
81,32,255,377,3.0362308025360107,150.076171875,1.6605835407972336,175.3408203125,174.1162109375,INDIVIDUAL_ANNOTATOR,with_mapper,subsample_30000,30000,13.3993099961336,134492
82,32,359,435,3.1548701226711273,150.2744140625,1.6428753733634949,175.33740234375,174.12353515625,INDIVIDUAL_ANNOTATOR,with_mapper,subsample_30000,30000,13.3993099961336,134492
83,32,314,444,3.1378306448459625,150.482421875,1.6846321523189545,175.34423828125,174.13330078125,INDIVIDUAL_ANNOTATOR,with_mapper,subsample_30000,30000,13.3993099961336,134492
84,32,381,446,3.1556468456983566,150.689453125,1.659756526350975,175.35009765625,174.12451171875,INDIVIDUAL_ANNOTATOR,with_mapper,subsample_30000,30000,13.3993099961336,134492
85,32,344,473,3.2012779265642166,150.89404296875,1.676628366112709,175.34375,174.126953125,INDIVIDUAL_ANNOTATOR,with_mapper,subsample_30000,30000,13.3993099961336,134492
86,32,220,383,3.0452683568000793,151.10107421875,1.646433025598526,175.34375,174.1181640625,INDIVIDUAL_ANNOTATOR,with_mapper,subsample_30000,30000,13.3993099961336,134492
87,32,299,400,3.405572846531868,151.30029296875,1.6725920140743256,175.33740234375,174.12060546875,INDIVIDUAL_ANNOTATOR,with_mapper,subsample_30000,30000,13.3993099961336,134492
88,32,262,394,3.0937306582927704,151.501953125,1.6344357281923294,175.33935546875,174.12158203125,INDIVIDUAL_ANNOTATOR,with_mapper,subsample_30000,30000,13.3993099961336,134492
89,32,272,441,3.4314803779125214,151.70458984375,1.6828421503305435,175.34130859375,174.12451171875,INDIVIDUAL_ANNOTATOR,with_mapper,subsample_30000,30000,13.3993099961336,134492
90,32,410,506,3.423292189836502,151.9091796875,1.6596894711256027,175.34375,174.126953125,INDIVIDUAL_ANNOTATOR,with_mapper,subsample_30000,30000,13.3993099961336,134492
91,32,308,436,3.141222521662712,152.1162109375,1.6706530004739761,175.34521484375,174.12548828125,INDIVIDUAL_ANNOTATOR,with_mapper,subsample_30000,30000,13.3993099961336,134492
92,32,269,393,3.077559173107147,152.32177734375,1.6528069972991943,175.34228515625,174.11669921875,INDIVIDUAL_ANNOTATOR,with_mapper,subsample_30000,30000,13.3993099961336,134492
93,32,314,428,3.1229816377162933,152.5205078125,1.6885064542293549,175.33740234375,174.12451171875,INDIVIDUAL_ANNOTATOR,with_mapper,subsample_30000,30000,13.3993099961336,134492
94,32,315,442,3.114638850092888,152.72509765625,1.718033105134964,175.34326171875,174.12548828125,INDIVIDUAL_ANNOTATOR,with_mapper,subsample_30000,30000,13.3993099961336,134492
95,32,249,383,3.0802153050899506,152.9306640625,1.64099782705307,175.3427734375,174.1181640625,INDIVIDUAL_ANNOTATOR,with_mapper,subsample_30000,30000,13.3993099961336,134492
96,32,237,398,3.067879006266594,153.1298828125,1.6707032918930054,175.33740234375,174.11962890625,INDIVIDUAL_ANNOTATOR,with_mapper,subsample_30000,30000,13.3993099961336,134492
97,32,261,411,3.3418145030736923,153.33056640625,1.6633085906505585,175.33837890625,174.12060546875,INDIVIDUAL_ANNOTATOR,with_mapper,subsample_30000,30000,13.3993099961336,134492
98,32,310,431,3.101557493209839,153.5322265625,1.7870515584945679,175.34033203125,174.12451171875,INDIVIDUAL_ANNOTATOR,with_mapper,subsample_30000,30000,13.3993099961336,134492
99,32,307,424,3.3933278173208237,153.73681640625,1.686152070760727,175.34228515625,174.12060546875,INDIVIDUAL_ANNOTATOR,with_mapper,subsample_30000,30000,13.3993099961336,134492
100,32,448,526,3.258001059293747,153.9384765625,1.6857795417308807,175.34130859375,174.12646484375,INDIVIDUAL_ANNOTATOR,with_mapper,subsample_30000,30000,13.3993099961336,134492
101,32,239,434,3.097701817750931,154.14501953125,1.7627868801355362,175.34423828125,174.12353515625,INDIVIDUAL_ANNOTATOR,with_mapper,subsample_30000,30000,13.3993099961336,134492
102,32,253,417,3.04487906396389,154.3486328125,1.6994122415781021,175.34228515625,174.12646484375,INDIVIDUAL_ANNOTATOR,with_mapper,subsample_30000,30000,13.3993099961336,134492
103,32,241,391,3.1760986894369125,154.55517578125,1.6561560332775116,175.34423828125,174.12060546875,INDIVIDUAL_ANNOTATOR,with_mapper,subsample_30000,30000,13.3993099961336,134492
104,32,335,440,3.1241774559020996,154.7568359375,1.6622673720121384,175.34033203125,174.12548828125,INDIVIDUAL_ANNOTATOR,with_mapper,subsample_30000,30000,13.3993099961336,134492
105,32,217,390,3.0567683279514313,154.96240234375,1.942479982972145,175.34228515625,174.11669921875,INDIVIDUAL_ANNOTATOR,with_mapper,subsample_30000,30000,13.3993099961336,134492
106,32,334,453,3.240063786506653,155.1611328125,1.7100144177675247,175.3369140625,174.1220703125,INDIVIDUAL_ANNOTATOR,with_mapper,subsample_30000,30000,13.3993099961336,134492
107,32,254,413,3.0912216752767563,155.3642578125,1.6610193997621536,175.34130859375,174.12548828125,INDIVIDUAL_ANNOTATOR,with_mapper,subsample_30000,30000,13.3993099961336,134492
108,32,249,383,3.0678119510412216,155.56982421875,1.749139279127121,175.3427734375,174.1181640625,INDIVIDUAL_ANNOTATOR,with_mapper,subsample_30000,30000,13.3993099961336,134492
109,32,297,406,3.690384328365326,155.76904296875,1.6799848526716232,175.33740234375,174.12060546875,INDIVIDUAL_ANNOTATOR,with_mapper,subsample_30000,30000,13.3993099961336,134492
110,32,330,438,3.0986014753580093,155.970703125,1.801908016204834,175.34033203125,174.12451171875,INDIVIDUAL_ANNOTATOR,with_mapper,subsample_30000,30000,13.3993099961336,134492
111,32,360,465,3.5702474415302277,156.17529296875,1.7737951129674911,175.34375,174.126953125,INDIVIDUAL_ANNOTATOR,with_mapper,subsample_30000,30000,13.3993099961336,134492
112,32,395,487,3.2518617808818817,156.38232421875,1.6621705144643784,175.345703125,174.126953125,INDIVIDUAL_ANNOTATOR,with_mapper,subsample_30000,30000,13.3993099961336,134492
113,32,360,428,3.188496455550194,156.58935546875,1.661006361246109,175.34423828125,174.12060546875,INDIVIDUAL_ANNOTATOR,with_mapper,subsample_30000,30000,13.3993099961336,134492
114,32,299,400,3.126753494143486,156.791015625,1.677999272942543,175.33935546875,174.12060546875,INDIVIDUAL_ANNOTATOR,with_mapper,subsample_30000,30000,13.3993099961336,134492
115,32,284,406,3.1161177903413773,156.99267578125,1.648683100938797,175.34033203125,174.12548828125,INDIVIDUAL_ANNOTATOR,with_mapper,subsample_30000,30000,13.3993099961336,134492
116,32,308,417,3.148496150970459,157.1982421875,1.660836860537529,175.34423828125,174.12646484375,INDIVIDUAL_ANNOTATOR,with_mapper,subsample_30000,30000,13.3993099961336,134492
117,32,234,407,3.261024132370949,157.40478515625,1.6667582094669342,175.34423828125,174.12060546875,INDIVIDUAL_ANNOTATOR,with_mapper,subsample_30000,30000,13.3993099961336,134492
118,32,324,401,3.1265951693058014,157.6064453125,1.6679298132658005,175.33935546875,174.12158203125,INDIVIDUAL_ANNOTATOR,with_mapper,subsample_30000,30000,13.3993099961336,134492
119,32,324,429,3.4167077392339706,157.80908203125,1.6500521451234818,175.34033203125,174.12158203125,INDIVIDUAL_ANNOTATOR,with_mapper,subsample_30000,30000,13.3993099961336,134492
120,32,255,385,3.1409375369548798,158.01171875,1.7359871417284012,175.34033203125,174.11962890625,INDIVIDUAL_ANNOTATOR,with_mapper,subsample_30000,30000,13.3993099961336,134492
121,32,334,455,3.2003019005060196,158.21240234375,1.6425922513008118,175.33984375,174.1259765625,INDIVIDUAL_ANNOTATOR,with_mapper,subsample_30000,30000,13.3993099961336,134492
122,32,311,421,3.138825297355652,158.41845703125,1.6780011355876923,175.34423828125,174.12451171875,INDIVIDUAL_ANNOTATOR,with_mapper,subsample_30000,30000,13.3993099961336,134492
123,32,344,487,3.2454319298267365,158.623046875,1.6609244048595428,175.34375,174.125,INDIVIDUAL_ANNOTATOR,with_mapper,subsample_30000,30000,13.3993099961336,134492
124,32,347,455,3.1641479581594467,158.828125,1.6650855541229248,175.34375,174.1240234375,INDIVIDUAL_ANNOTATOR,with_mapper,subsample_30000,30000,13.3993099961336,134492
125,32,229,398,3.0589383095502853,159.0322265625,1.656787469983101,175.34130859375,174.11962890625,INDIVIDUAL_ANNOTATOR,with_mapper,subsample_30000,30000,13.3993099961336,134492
126,32,308,392,3.1046774238348007,159.23291015625,1.6634352505207062,175.33837890625,174.12060546875,INDIVIDUAL_ANNOTATOR,with_mapper,subsample_30000,30000,13.3993099961336,134492
127,32,319,419,3.1355097889900208,159.4345703125,1.673717051744461,175.34033203125,174.12646484375,INDIVIDUAL_ANNOTATOR,with_mapper,subsample_30000,30000,13.3993099961336,134492
128,32,351,452,3.4382008016109467,159.64111328125,1.7065610736608505,175.345703125,174.125,INDIVIDUAL_ANNOTATOR,with_mapper,subsample_30000,30000,13.3993099961336,134492
129,32,366,470,3.18160280585289,159.84619140625,1.690676435828209,175.34375,174.1259765625,INDIVIDUAL_ANNOTATOR,with_mapper,subsample_30000,30000,13.3993099961336,134492
130,32,371,464,3.2213404774665833,160.05224609375,1.6624126583337784,175.3447265625,174.126953125,INDIVIDUAL_ANNOTATOR,with_mapper,subsample_30000,30000,13.3993099961336,134492
131,32,340,462,3.1963977962732315,160.25927734375,1.6708280891180038,175.345703125,174.126953125,INDIVIDUAL_ANNOTATOR,with_mapper,subsample_30000,30000,13.3993099961336,134492
132,32,377,498,3.2879263162612915,160.46728515625,1.666627824306488,175.3466796875,174.12890625,INDIVIDUAL_ANNOTATOR,with_mapper,subsample_30000,30000,13.3993099961336,134492
133,32,288,428,3.1228121370077133,160.67431640625,1.6746427863836288,175.34619140625,174.12548828125,INDIVIDUAL_ANNOTATOR,with_mapper,subsample_30000,30000,13.3993099961336,134492
134,32,389,432,3.366168588399887,160.8798828125,1.655876636505127,175.34423828125,174.12548828125,INDIVIDUAL_ANNOTATOR,with_mapper,subsample_30000,30000,13.3993099961336,134492
135,32,358,466,3.2908786088228226,161.08544921875,1.6592089086771011,175.3447265625,174.125,INDIVIDUAL_ANNOTATOR,with_mapper,subsample_30000,30000,13.3993099961336,134492
136,32,282,414,3.1388960778713226,161.29052734375,1.6561616212129593,175.34326171875,174.12548828125,INDIVIDUAL_ANNOTATOR,with_mapper,subsample_30000,30000,13.3993099961336,134492
137,32,383,477,3.2368768006563187,161.49609375,1.6767047345638275,175.3447265625,174.1259765625,INDIVIDUAL_ANNOTATOR,with_mapper,subsample_30000,30000,13.3993099961336,134492
138,32,372,474,3.4661833196878433,161.7021484375,1.6923435032367706,175.3447265625,174.1240234375,INDIVIDUAL_ANNOTATOR,with_mapper,subsample_30000,30000,13.3993099961336,134492
139,32,317,460,3.224935382604599,161.90625,1.6815625131130219,175.341796875,174.1220703125,INDIVIDUAL_ANNOTATOR,with_mapper,subsample_30000,30000,13.3993099961336,134492
140,32,263,366,3.0553601682186127,162.109375,1.6373004764318466,175.3388671875,174.1162109375,INDIVIDUAL_ANNOTATOR,with_mapper,subsample_30000,30000,13.3993099961336,134492
141,32,349,449,3.169359639286995,162.3076171875,1.6865357756614685,175.337890625,174.1240234375,INDIVIDUAL_ANNOTATOR,with_mapper,subsample_30000,30000,13.3993099961336,134492
142,32,284,423,3.149116411805153,162.51171875,1.6639195382595062,175.34228515625,174.12646484375,INDIVIDUAL_ANNOTATOR,with_mapper,subsample_30000,30000,13.3993099961336,134492
143,32,232,387,3.0837133526802063,162.71826171875,1.6561411321163177,175.34326171875,174.11669921875,INDIVIDUAL_ANNOTATOR,with_mapper,subsample_30000,30000,13.3993099961336,134492
144,32,344,453,3.3103879541158676,162.9169921875,1.64128839969635,175.337890625,174.126953125,INDIVIDUAL_ANNOTATOR,with_mapper,subsample_30000,30000,13.3993099961336,134492
145,32,276,430,3.268631175160408,163.1240234375,1.691637560725212,175.34521484375,174.12451171875,INDIVIDUAL_ANNOTATOR,with_mapper,subsample_30000,30000,13.3993099961336,134492
146,32,310,421,3.115309402346611,163.32861328125,1.7761606723070145,175.34228515625,174.12158203125,INDIVIDUAL_ANNOTATOR,with_mapper,subsample_30000,30000,13.3993099961336,134492
147,32,250,389,3.082418814301491,163.53125,1.698330044746399,175.34033203125,174.12060546875,INDIVIDUAL_ANNOTATOR,with_mapper,subsample_30000,30000,13.3993099961336,134492
148,32,241,396,3.3501628786325455,163.73291015625,1.6888100653886795,175.33935546875,174.12060546875,INDIVIDUAL_ANNOTATOR,with_mapper,subsample_30000,30000,13.3993099961336,134492
149,32,309,427,3.122130408883095,163.9345703125,1.769060268998146,175.34033203125,174.12353515625,INDIVIDUAL_ANNOTATOR,with_mapper,subsample_30000,30000,13.3993099961336,134492
150,32,231,403,3.1293779611587524,164.13818359375,1.6642455011606216,175.34130859375,174.12060546875,INDIVIDUAL_ANNOTATOR,with_mapper,subsample_30000,30000,13.3993099961336,134492
151,32,336,425,3.1375959515571594,164.33984375,1.6752053052186966,175.33935546875,174.12060546875,INDIVIDUAL_ANNOTATOR,with_mapper,subsample_30000,30000,13.3993099961336,134492
152,32,370,466,3.195136785507202,164.54150390625,1.6490612179040909,175.3408203125,174.1259765625,INDIVIDUAL_ANNOTATOR,with_mapper,subsample_30000,30000,13.3993099961336,134492
153,32,307,461,3.2466091215610504,164.74755859375,1.7374493181705475,175.3447265625,174.1259765625,INDIVIDUAL_ANNOTATOR,with_mapper,subsample_30000,30000,13.3993099961336,134492
154,32,312,419,3.0938461422920227,164.95361328125,1.6455277800559998,175.34423828125,174.12548828125,INDIVIDUAL_ANNOTATOR,with_mapper,subsample_30000,30000,13.3993099961336,134492
155,32,420,465,3.2123923301696777,165.1591796875,1.661086454987526,175.3447265625,174.1240234375,INDIVIDUAL_ANNOTATOR,with_mapper,subsample_30000,30000,13.3993099961336,134492
156,32,297,416,3.1954534351825714,165.36328125,1.671256497502327,175.34228515625,174.12548828125,INDIVIDUAL_ANNOTATOR,with_mapper,subsample_30000,30000,13.3993099961336,134492
157,32,301,423,3.1347889453172684,165.56884765625,1.6550663858652115,175.34423828125,174.12451171875,INDIVIDUAL_ANNOTATOR,with_mapper,subsample_30000,30000,13.3993099961336,134492
158,32,357,444,3.419855609536171,165.7734375,1.645892858505249,175.34326171875,174.12548828125,INDIVIDUAL_ANNOTATOR,with_mapper,subsample_30000,30000,13.3993099961336,134492
159,32,347,443,3.181755542755127,165.97900390625,1.7705690115690231,175.34326171875,174.12158203125,INDIVIDUAL_ANNOTATOR,with_mapper,subsample_30000,30000,13.3993099961336,134492
160,32,311,406,3.129972144961357,166.181640625,1.6995035111904144,175.34033203125,174.12158203125,INDIVIDUAL_ANNOTATOR,with_mapper,subsample_30000,30000,13.3993099961336,134492
161,32,357,449,3.1431689858436584,166.38427734375,1.6691181808710098,175.341796875,174.126953125,INDIVIDUAL_ANNOTATOR,with_mapper,subsample_30000,30000,13.3993099961336,134492
162,32,268,407,3.083452582359314,166.59130859375,1.6600042581558228,175.34521484375,174.12548828125,INDIVIDUAL_ANNOTATOR,with_mapper,subsample_30000,30000,13.3993099961336,134492
163,32,287,416,3.095027059316635,166.796875,1.6425326466560364,175.34326171875,174.12060546875,INDIVIDUAL_ANNOTATOR,with_mapper,subsample_30000,30000,13.3993099961336,134492
164,32,279,391,3.0653439462184906,166.99853515625,1.6585495322942734,175.33935546875,174.11962890625,INDIVIDUAL_ANNOTATOR,with_mapper,subsample_30000,30000,13.3993099961336,134492
165,32,385,440,3.3511053770780563,167.19921875,1.7132759094238281,175.33935546875,174.12353515625,INDIVIDUAL_ANNOTATOR,with_mapper,subsample_30000,30000,13.3993099961336,134492
166,32,318,450,3.1194183975458145,167.40380859375,1.6848314553499222,175.34375,174.12890625,INDIVIDUAL_ANNOTATOR,with_mapper,subsample_30000,30000,13.3993099961336,134492
167,32,314,430,3.1110718846321106,167.61083984375,1.7067044973373413,175.34619140625,174.12353515625,INDIVIDUAL_ANNOTATOR,with_mapper,subsample_30000,30000,13.3993099961336,134492
168,32,346,419,3.4016240388154984,167.814453125,1.6720481216907501,175.34228515625,174.12451171875,INDIVIDUAL_ANNOTATOR,with_mapper,subsample_30000,30000,13.3993099961336,134492
169,32,315,431,3.1317491084337234,168.01904296875,1.6526523977518082,175.34326171875,174.12451171875,INDIVIDUAL_ANNOTATOR,with_mapper,subsample_30000,30000,13.3993099961336,134492
170,32,328,448,3.1560231000185013,168.2236328125,1.6452614217996597,175.34326171875,174.12353515625,INDIVIDUAL_ANNOTATOR,with_mapper,subsample_30000,30000,13.3993099961336,134492
171,32,334,453,3.1548012048006058,168.42822265625,1.6435422003269196,175.34375,174.12890625,INDIVIDUAL_ANNOTATOR,with_mapper,subsample_30000,30000,13.3993099961336,134492
172,32,314,444,3.121469169855118,168.63525390625,1.774681732058525,175.34521484375,174.12158203125,INDIVIDUAL_ANNOTATOR,with_mapper,subsample_30000,30000,13.3993099961336,134492
173,32,315,428,3.103937953710556,168.837890625,1.6432218253612518,175.34033203125,174.12060546875,INDIVIDUAL_ANNOTATOR,with_mapper,subsample_30000,30000,13.3993099961336,134492
174,32,289,424,3.1059402972459793,169.03955078125,1.653570681810379,175.33935546875,174.12060546875,INDIVIDUAL_ANNOTATOR,with_mapper,subsample_30000,30000,13.3993099961336,134492
175,32,328,454,3.1281132251024246,169.2412109375,1.6359519213438034,175.3408203125,174.125,INDIVIDUAL_ANNOTATOR,with_mapper,subsample_30000,30000,13.3993099961336,134492
176,32,271,406,3.1347833573818207,169.4462890625,1.6575045883655548,175.34228515625,174.12158203125,INDIVIDUAL_ANNOTATOR,with_mapper,subsample_30000,30000,13.3993099961336,134492
177,32,371,489,3.495916724205017,169.64892578125,1.6581546515226364,175.341796875,174.126953125,INDIVIDUAL_ANNOTATOR,with_mapper,subsample_30000,30000,13.3993099961336,134492
178,32,293,435,3.120148554444313,169.85595703125,1.670176163315773,175.34423828125,174.12060546875,INDIVIDUAL_ANNOTATOR,with_mapper,subsample_30000,30000,13.3993099961336,134492
179,32,252,393,3.150980919599533,170.0576171875,1.6505923122167587,175.33935546875,174.12060546875,INDIVIDUAL_ANNOTATOR,with_mapper,subsample_30000,30000,13.3993099961336,134492
180,32,271,396,3.08261439204216,170.25927734375,1.6649793833494186,175.33935546875,174.12060546875,INDIVIDUAL_ANNOTATOR,with_mapper,subsample_30000,30000,13.3993099961336,134492
181,32,290,429,3.28773632645607,170.46142578125,1.6512610018253326,175.34130859375,174.12841796875,INDIVIDUAL_ANNOTATOR,with_mapper,subsample_30000,30000,13.3993099961336,134492
182,32,297,432,3.127884119749069,170.66845703125,1.6545206308364868,175.34521484375,174.12158203125,INDIVIDUAL_ANNOTATOR,with_mapper,subsample_30000,30000,13.3993099961336,134492
183,32,241,414,3.082234412431717,170.87109375,1.6778260469436646,175.34130859375,174.12353515625,INDIVIDUAL_ANNOTATOR,with_mapper,subsample_30000,30000,13.3993099961336,134492
184,32,294,416,3.1219832599163055,171.07470703125,1.6486551612615585,175.34130859375,174.12060546875,INDIVIDUAL_ANNOTATOR,with_mapper,subsample_30000,30000,13.3993099961336,134492
185,32,266,414,3.0973348766565323,171.2763671875,1.694587990641594,175.34033203125,174.12451171875,INDIVIDUAL_ANNOTATOR,with_mapper,subsample_30000,30000,13.3993099961336,134492
186,32,264,393,3.1433720141649246,171.48095703125,1.6552433371543884,175.34228515625,174.11962890625,INDIVIDUAL_ANNOTATOR,with_mapper,subsample_30000,30000,13.3993099961336,134492
187,32,221,381,3.3360756933689117,171.681640625,1.64739228785038,175.3369140625,174.1162109375,INDIVIDUAL_ANNOTATOR,with_mapper,subsample_30000,30000,13.3993099961336,134492
188,32,296,422,3.094922751188278,171.8798828125,1.6703810542821884,175.33740234375,174.12353515625,INDIVIDUAL_ANNOTATOR,with_mapper,subsample_30000,30000,13.3993099961336,134492
189,32,293,406,3.126220777630806,172.08349609375,1.6542207449674606,175.34130859375,174.11962890625,INDIVIDUAL_ANNOTATOR,with_mapper,subsample_30000,30000,13.3993099961336,134492
190,32,279,411,3.0702631920576096,172.2841796875,1.6528517007827759,175.33837890625,174.12060546875,INDIVIDUAL_ANNOTATOR,with_mapper,subsample_30000,30000,13.3993099961336,134492
191,32,256,401,3.080420196056366,172.48583984375,1.6504693776369095,175.33935546875,174.12060546875,INDIVIDUAL_ANNOTATOR,with_mapper,subsample_30000,30000,13.3993099961336,134492
192,32,323,435,3.1313858926296234,172.68798828125,1.6651451587677002,175.34130859375,174.12841796875,INDIVIDUAL_ANNOTATOR,with_mapper,subsample_30000,30000,13.3993099961336,134492
193,32,265,414,3.105616196990013,172.89501953125,1.651860773563385,175.34521484375,174.11962890625,INDIVIDUAL_ANNOTATOR,with_mapper,subsample_30000,30000,13.3993099961336,134492
194,32,336,431,3.126569092273712,173.095703125,1.6328413039445877,175.33935546875,174.12451171875,INDIVIDUAL_ANNOTATOR,with_mapper,subsample_30000,30000,13.3993099961336,134492
195,32,345,459,3.139561042189598,173.30029296875,1.6641337424516678,175.34375,174.1259765625,INDIVIDUAL_ANNOTATOR,with_mapper,subsample_30000,30000,13.3993099961336,134492
196,32,292,425,3.142423927783966,173.50634765625,1.6643628478050232,175.34326171875,174.12158203125,INDIVIDUAL_ANNOTATOR,with_mapper,subsample_30000,30000,13.3993099961336,134492
197,32,253,374,3.5401303321123123,173.708984375,1.6583353281021118,175.3388671875,174.1162109375,INDIVIDUAL_ANNOTATOR,with_mapper,subsample_30000,30000,13.3993099961336,134492
198,32,279,422,3.1046196818351746,173.9072265625,1.6466788947582245,175.33740234375,174.12353515625,INDIVIDUAL_ANNOTATOR,with_mapper,subsample_30000,30000,13.3993099961336,134492
199,32,351,444,3.1510721892118454,174.11083984375,1.7291996628046036,175.34228515625,174.12451171875,INDIVIDUAL_ANNOTATOR,with_mapper,subsample_30000,30000,13.3993099961336,134492
0,32,330,424,3.098543733358383,161.24560546875,53.17406356334686,203.00634765625,201.78466796875,INDIVIDUAL_ANNOTATOR_LOOP,with_mapper,subsample_30000,30000,13.3993099961336,134492
1,32,356,464,3.1453873962163925,161.44921875,58.111198246479034,203.00390625,201.7861328125,INDIVIDUAL_ANNOTATOR_LOOP,with_mapper,subsample_30000,30000,13.3993099961336,134492
2,32,296,434,3.3624954521656036,161.654296875,53.842464461922646,203.00439453125,201.78466796875,INDIVIDUAL_ANNOTATOR_LOOP,with_mapper,subsample_30000,30000,13.3993099961336,134492
3,32,313,436,3.1238365918397903,161.85791015625,54.20170910656452,203.00341796875,201.78759765625,INDIVIDUAL_ANNOTATOR_LOOP,with_mapper,subsample_30000,30000,13.3993099961336,134492
4,32,237,378,3.0088722705841064,162.064453125,47.3205354064703,203.00390625,201.77734375,INDIVIDUAL_ANNOTATOR_LOOP,with_mapper,subsample_30000,30000,13.3993099961336,134492
5,32,334,425,3.105493262410164,162.2626953125,52.96201631426811,202.99755859375,201.78173828125,INDIVIDUAL_ANNOTATOR_LOOP,with_mapper,subsample_30000,30000,13.3993099961336,134492
6,32,248,391,3.0313916504383087,162.46435546875,48.80584590137005,203.00048828125,201.78076171875,INDIVIDUAL_ANNOTATOR_LOOP,with_mapper,subsample_30000,30000,13.3993099961336,134492
7,32,295,385,3.098374232649803,162.6650390625,48.136647790670395,202.99951171875,201.78076171875,INDIVIDUAL_ANNOTATOR_LOOP,with_mapper,subsample_30000,30000,13.3993099961336,134492
8,32,404,505,3.1759608536958694,162.86572265625,62.62436509132385,203.0009765625,201.7880859375,INDIVIDUAL_ANNOTATOR_LOOP,with_mapper,subsample_30000,30000,13.3993099961336,134492
9,32,312,440,3.087542951107025,163.07275390625,54.76975813508034,203.00634765625,201.78564453125,INDIVIDUAL_ANNOTATOR_LOOP,with_mapper,subsample_30000,30000,13.3993099961336,134492
10,32,285,370,3.03005613386631,163.27734375,46.37160524725914,203.001953125,201.77734375,INDIVIDUAL_ANNOTATOR_LOOP,with_mapper,subsample_30000,30000,13.3993099961336,134492
11,32,285,414,3.1460653990507126,163.4755859375,51.639361307024956,202.99755859375,201.78271484375,INDIVIDUAL_ANNOTATOR_LOOP,with_mapper,subsample_30000,30000,13.3993099961336,134492
12,32,284,417,3.3324863761663437,163.67822265625,52.12499760091305,203.00146484375,201.78173828125,INDIVIDUAL_ANNOTATOR_LOOP,with_mapper,subsample_30000,30000,13.3993099961336,134492
13,32,266,381,3.025475889444351,163.8798828125,47.79031500220299,203.0,201.779296875,INDIVIDUAL_ANNOTATOR_LOOP,with_mapper,subsample_30000,30000,13.3993099961336,134492
14,32,344,459,3.112364560365677,164.0791015625,57.34139122068882,203.0,201.7861328125,INDIVIDUAL_ANNOTATOR_LOOP,with_mapper,subsample_30000,30000,13.3993099961336,134492
15,32,386,465,3.1934473663568497,164.2841796875,58.1729207187891,203.0048828125,201.7861328125,INDIVIDUAL_ANNOTATOR_LOOP,with_mapper,subsample_30000,30000,13.3993099961336,134492
16,32,280,397,3.0361153185367584,164.4892578125,49.69564825296402,203.00341796875,201.78173828125,INDIVIDUAL_ANNOTATOR_LOOP,with_mapper,subsample_30000,30000,13.3993099961336,134492
17,32,327,428,3.0872542411088943,164.69091796875,53.34813892841339,203.00146484375,201.78759765625,INDIVIDUAL_ANNOTATOR_LOOP,with_mapper,subsample_30000,30000,13.3993099961336,134492
18,32,280,408,3.0455179512500763,164.8974609375,52.031707018613815,203.00537109375,201.78173828125,INDIVIDUAL_ANNOTATOR_LOOP,with_mapper,subsample_30000,30000,13.3993099961336,134492
19,32,239,394,3.1139180064201355,165.09912109375,49.38620142638683,203.00048828125,201.78173828125,INDIVIDUAL_ANNOTATOR_LOOP,with_mapper,subsample_30000,30000,13.3993099961336,134492
20,32,365,467,3.128848969936371,165.30078125,58.643197640776634,203.001953125,201.787109375,INDIVIDUAL_ANNOTATOR_LOOP,with_mapper,subsample_30000,30000,13.3993099961336,134492
21,32,393,479,3.1606722623109818,165.5068359375,60.00989489257336,203.005859375,201.787109375,INDIVIDUAL_ANNOTATOR_LOOP,with_mapper,subsample_30000,30000,13.3993099961336,134492
22,32,341,429,3.3726561814546585,165.712890625,53.79364266991615,203.00537109375,201.78759765625,INDIVIDUAL_ANNOTATOR_LOOP,with_mapper,subsample_30000,30000,13.3993099961336,134492
23,32,285,427,3.057371824979782,165.919921875,53.19984443485737,203.00732421875,201.78955078125,INDIVIDUAL_ANNOTATOR_LOOP,with_mapper,subsample_30000,30000,13.3993099961336,134492
24,32,280,423,3.0540190637111664,166.126953125,53.00024524331093,203.00732421875,201.78564453125,INDIVIDUAL_ANNOTATOR_LOOP,with_mapper,subsample_30000,30000,13.3993099961336,134492
25,32,267,395,3.038620576262474,166.33154296875,49.69765804708004,203.00341796875,201.78173828125,INDIVIDUAL_ANNOTATOR_LOOP,with_mapper,subsample_30000,30000,13.3993099961336,134492
26,32,365,474,3.2268036156892776,166.533203125,58.98580886423588,203.001953125,201.7880859375,INDIVIDUAL_ANNOTATOR_LOOP,with_mapper,subsample_30000,30000,13.3993099961336,134492
27,32,276,408,3.058038651943207,166.740234375,50.98501592874527,203.00537109375,201.78271484375,INDIVIDUAL_ANNOTATOR_LOOP,with_mapper,subsample_30000,30000,13.3993099961336,134492
28,32,294,432,3.171134740114212,166.94287109375,53.755128756165504,203.00244140625,201.78759765625,INDIVIDUAL_ANNOTATOR_LOOP,with_mapper,subsample_30000,30000,13.3993099961336,134492
29,32,316,448,3.1205955892801285,167.1494140625,59.31543745100498,203.00634765625,201.78564453125,INDIVIDUAL_ANNOTATOR_LOOP,with_mapper,subsample_30000,30000,13.3993099961336,134492
30,32,314,422,3.1021684408187866,167.35400390625,54.727375507354736,203.00439453125,201.78466796875,INDIVIDUAL_ANNOTATOR_LOOP,with_mapper,subsample_30000,30000,13.3993099961336,134492
31,32,362,442,3.1278133392333984,167.5576171875,56.43807165324688,203.00244140625,201.78271484375,INDIVIDUAL_ANNOTATOR_LOOP,with_mapper,subsample_30000,30000,13.3993099961336,134492
32,32,238,413,3.3835340291261673,167.76025390625,52.18878202140331,203.00146484375,201.78173828125,INDIVIDUAL_ANNOTATOR_LOOP,with_mapper,subsample_30000,30000,13.3993099961336,134492
33,32,279,399,3.063507378101349,167.9619140625,50.61664432287216,203.00048828125,201.78076171875,INDIVIDUAL_ANNOTATOR_LOOP,with_mapper,subsample_30000,30000,13.3993099961336,134492
34,32,361,456,3.13592329621315,168.16259765625,57.65199847519398,203.0009765625,201.787109375,INDIVIDUAL_ANNOTATOR_LOOP,with_mapper,subsample_30000,30000,13.3993099961336,134492
35,32,268,420,3.073856234550476,168.36865234375,52.50665172934532,203.00537109375,201.78662109375,INDIVIDUAL_ANNOTATOR_LOOP,with_mapper,subsample_30000,30000,13.3993099961336,134492
36,32,359,445,3.168085590004921,168.57421875,56.01874552667141,203.00537109375,201.78759765625,INDIVIDUAL_ANNOTATOR_LOOP,with_mapper,subsample_30000,30000,13.3993099961336,134492
37,32,247,385,3.034822642803192,168.78076171875,49.04297739267349,203.00537109375,201.78076171875,INDIVIDUAL_ANNOTATOR_LOOP,with_mapper,subsample_30000,30000,13.3993099961336,134492
38,32,258,415,3.3362992107868195,168.9814453125,51.91875621676445,203.00048828125,201.78564453125,INDIVIDUAL_ANNOTATOR_LOOP,with_mapper,subsample_30000,30000,13.3993099961336,134492
39,32,303,403,3.2496359199285507,169.18603515625,50.705114379525185,203.00341796875,201.78173828125,INDIVIDUAL_ANNOTATOR_LOOP,with_mapper,subsample_30000,30000,13.3993099961336,134492
40,32,318,429,3.158481791615486,169.3876953125,54.07276190817356,203.00146484375,201.78662109375,INDIVIDUAL_ANNOTATOR_LOOP,with_mapper,subsample_30000,30000,13.3993099961336,134492
41,32,279,408,3.1265616416931152,169.59326171875,51.01627856492996,203.00439453125,201.77978515625,INDIVIDUAL_ANNOTATOR_LOOP,with_mapper,subsample_30000,30000,13.3993099961336,134492
42,32,296,403,3.424091264605522,169.79296875,52.606238052248955,202.99951171875,201.78466796875,INDIVIDUAL_ANNOTATOR_LOOP,with_mapper,subsample_30000,30000,13.3993099961336,134492
43,32,240,388,3.1098928302526474,169.99658203125,50.32554641366005,203.00244140625,201.78173828125,INDIVIDUAL_ANNOTATOR_LOOP,with_mapper,subsample_30000,30000,13.3993099961336,134492
44,32,326,419,3.1490009278059006,170.1982421875,52.42257006466389,203.00146484375,201.78564453125,INDIVIDUAL_ANNOTATOR_LOOP,with_mapper,subsample_30000,30000,13.3993099961336,134492
45,32,318,427,3.1498726457357407,170.40283203125,53.504304960370064,203.00439453125,201.78564453125,INDIVIDUAL_ANNOTATOR_LOOP,with_mapper,subsample_30000,30000,13.3993099961336,134492
46,32,329,410,3.1875036656856537,170.607421875,51.522575318813324,203.00341796875,201.78271484375,INDIVIDUAL_ANNOTATOR_LOOP,with_mapper,subsample_30000,30000,13.3993099961336,134492
47,32,307,448,3.1811799854040146,170.81005859375,55.78991957008839,203.00244140625,201.78662109375,INDIVIDUAL_ANNOTATOR_LOOP,with_mapper,subsample_30000,30000,13.3993099961336,134492
48,32,327,461,3.1861867755651474,171.015625,57.694751769304276,203.005859375,201.7880859375,INDIVIDUAL_ANNOTATOR_LOOP,with_mapper,subsample_30000,30000,13.3993099961336,134492
49,32,362,443,3.481118008494377,171.22265625,55.25902099907398,203.00537109375,201.78271484375,INDIVIDUAL_ANNOTATOR_LOOP,with_mapper,subsample_30000,30000,13.3993099961336,134492
50,32,261,407,3.1555872410535812,171.42529296875,51.15453712642193,203.00244140625,201.78662109375,INDIVIDUAL_ANNOTATOR_LOOP,with_mapper,subsample_30000,30000,13.3993099961336,134492
51,32,244,376,3.427082672715187,171.630859375,47.30403982102871,203.0029296875,201.77734375,INDIVIDUAL_ANNOTATOR_LOOP,with_mapper,subsample_30000,30000,13.3993099961336,134492
52,32,276,445,3.1833481043577194,171.8291015625,55.722422897815704,202.99853515625,201.78564453125,INDIVIDUAL_ANNOTATOR_LOOP,with_mapper,subsample_30000,30000,13.3993099961336,134492
53,32,327,458,3.1982585787773132,172.03369140625,56.93206749856472,203.00390625,201.783203125,INDIVIDUAL_ANNOTATOR_LOOP,with_mapper,subsample_30000,30000,13.3993099961336,134492
54,32,309,418,3.148438408970833,172.23681640625,52.346810698509216,203.00146484375,201.78173828125,INDIVIDUAL_ANNOTATOR_LOOP,with_mapper,subsample_30000,30000,13.3993099961336,134492
55,32,361,443,3.329966217279434,172.4384765625,55.530400946736336,203.00146484375,201.78564453125,INDIVIDUAL_ANNOTATOR_LOOP,with_mapper,subsample_30000,30000,13.3993099961336,134492
56,32,394,483,3.2650865614414215,172.64306640625,60.618530958890915,203.0048828125,201.787109375,INDIVIDUAL_ANNOTATOR_LOOP,with_mapper,subsample_30000,30000,13.3993099961336,134492
57,32,357,431,3.1860731542110443,172.84912109375,53.990064188838005,203.00439453125,201.78271484375,INDIVIDUAL_ANNOTATOR_LOOP,with_mapper,subsample_30000,30000,13.3993099961336,134492
58,32,247,381,3.097398206591606,173.0517578125,47.70719259977341,203.0,201.77734375,INDIVIDUAL_ANNOTATOR_LOOP,with_mapper,subsample_30000,30000,13.3993099961336,134492
59,32,279,390,3.1231287866830826,173.25,48.86355437338352,202.99755859375,201.78076171875,INDIVIDUAL_ANNOTATOR_LOOP,with_mapper,subsample_30000,30000,13.3993099961336,134492
60,32,328,457,3.2614171504974365,173.45068359375,57.15524218976498,203.0009765625,201.787109375,INDIVIDUAL_ANNOTATOR_LOOP,with_mapper,subsample_30000,30000,13.3993099961336,134492
61,32,254,415,3.405284136533737,173.65673828125,51.8969539552927,203.00439453125,201.78173828125,INDIVIDUAL_ANNOTATOR_LOOP,with_mapper,subsample_30000,30000,13.3993099961336,134492
62,32,343,458,3.2519716769456863,173.8583984375,57.161908596754074,203.001953125,201.7880859375,INDIVIDUAL_ANNOTATOR_LOOP,with_mapper,subsample_30000,30000,13.3993099961336,134492
63,32,246,388,3.124849870800972,174.0654296875,48.67045022547245,203.00537109375,201.77978515625,INDIVIDUAL_ANNOTATOR_LOOP,with_mapper,subsample_30000,30000,13.3993099961336,134492
64,32,360,439,3.1822863966226578,174.26513671875,54.933205246925354,202.99951171875,201.78564453125,INDIVIDUAL_ANNOTATOR_LOOP,with_mapper,subsample_30000,30000,13.3993099961336,134492
65,32,309,392,3.1158514320850372,174.4697265625,49.47973042726517,203.00341796875,201.78173828125,INDIVIDUAL_ANNOTATOR_LOOP,with_mapper,subsample_30000,30000,13.3993099961336,134492
66,32,339,423,3.1577441841363907,174.67138671875,53.697964176535606,203.00048828125,201.78173828125,INDIVIDUAL_ANNOTATOR_LOOP,with_mapper,subsample_30000,30000,13.3993099961336,134492
67,32,323,437,3.154827281832695,174.873046875,54.39489148557186,203.00048828125,201.78173828125,INDIVIDUAL_ANNOTATOR_LOOP,with_mapper,subsample_30000,30000,13.3993099961336,134492
68,32,403,477,3.2112300395965576,175.07470703125,60.08152291178703,203.001953125,201.7861328125,INDIVIDUAL_ANNOTATOR_LOOP,with_mapper,subsample_30000,30000,13.3993099961336,134492
69,32,285,401,3.1229350715875626,175.27978515625,50.26547238230705,203.00341796875,201.78173828125,INDIVIDUAL_ANNOTATOR_LOOP,with_mapper,subsample_30000,30000,13.3993099961336,134492
70,32,395,499,3.217242658138275,175.4814453125,62.59411387145519,203.001953125,201.7861328125,INDIVIDUAL_ANNOTATOR_LOOP,with_mapper,subsample_30000,30000,13.3993099961336,134492
71,32,294,408,3.3999960869550705,175.6865234375,50.85638351738453,203.00341796875,201.78271484375,INDIVIDUAL_ANNOTATOR_LOOP,with_mapper,subsample_30000,30000,13.3993099961336,134492
72,32,317,455,3.40217724442482,175.88916015625,56.69751949608326,203.001953125,201.783203125,INDIVIDUAL_ANNOTATOR_LOOP,with_mapper,subsample_30000,30000,13.3993099961336,134492
73,32,454,536,3.2903850078582764,176.09228515625,67.15894490480423,203.00341796875,201.78564453125,INDIVIDUAL_ANNOTATOR_LOOP,with_mapper,subsample_30000,30000,13.3993099961336,134492
74,32,344,403,3.1361207365989685,176.296875,50.28085224330425,203.00244140625,201.78271484375,INDIVIDUAL_ANNOTATOR_LOOP,with_mapper,subsample_30000,30000,13.3993099961336,134492
75,32,377,480,3.209572285413742,176.50146484375,60.057470574975014,203.00390625,201.791015625,INDIVIDUAL_ANNOTATOR_LOOP,with_mapper,subsample_30000,30000,13.3993099961336,134492
76,32,265,435,3.110000863671303,176.70849609375,54.147981107234955,203.00830078125,201.78466796875,INDIVIDUAL_ANNOTATOR_LOOP,with_mapper,subsample_30000,30000,13.3993099961336,134492
77,32,334,466,3.183770924806595,176.912109375,58.287911117076874,203.00390625,201.7880859375,INDIVIDUAL_ANNOTATOR_LOOP,with_mapper,subsample_30000,30000,13.3993099961336,134492
78,32,328,433,3.1648967415094376,177.11962890625,54.20252121984959,203.00732421875,201.78955078125,INDIVIDUAL_ANNOTATOR_LOOP,with_mapper,subsample_30000,30000,13.3993099961336,134492
79,32,353,454,3.1834598630666733,177.32666015625,56.85027129948139,203.0078125,201.787109375,INDIVIDUAL_ANNOTATOR_LOOP,with_mapper,subsample_30000,30000,13.3993099961336,134492
80,32,345,422,3.174126148223877,177.53271484375,53.21255512535572,203.00537109375,201.78564453125,INDIVIDUAL_ANNOTATOR_LOOP,with_mapper,subsample_30000,30000,13.3993099961336,134492
81,32,255,377,3.364948555827141,177.7373046875,47.34049364924431,203.001953125,201.77734375,INDIVIDUAL_ANNOTATOR_LOOP,with_mapper,subsample_30000,30000,13.3993099961336,134492
82,32,359,435,3.1566936522722244,177.935546875,54.177772253751755,202.99853515625,201.78466796875,INDIVIDUAL_ANNOTATOR_LOOP,with_mapper,subsample_30000,30000,13.3993099961336,134492
83,32,314,444,3.153987228870392,178.1435546875,55.56822195649147,203.00537109375,201.79443359375,INDIVIDUAL_ANNOTATOR_LOOP,with_mapper,subsample_30000,30000,13.3993099961336,134492
84,32,381,446,3.901692107319832,178.3505859375,55.819446220993996,203.01123046875,201.78564453125,INDIVIDUAL_ANNOTATOR_LOOP,with_mapper,subsample_30000,30000,13.3993099961336,134492
85,32,344,473,3.238338977098465,178.55517578125,59.09830331802368,203.0048828125,201.7880859375,INDIVIDUAL_ANNOTATOR_LOOP,with_mapper,subsample_30000,30000,13.3993099961336,134492
86,32,220,383,3.0608251690864563,178.76220703125,47.72883653640747,203.0048828125,201.779296875,INDIVIDUAL_ANNOTATOR_LOOP,with_mapper,subsample_30000,30000,13.3993099961336,134492
87,32,299,400,3.168119117617607,178.96142578125,49.92491379380226,202.99853515625,201.78173828125,INDIVIDUAL_ANNOTATOR_LOOP,with_mapper,subsample_30000,30000,13.3993099961336,134492
88,32,262,394,3.108363598585129,179.1630859375,49.39919337630272,203.00048828125,201.78271484375,INDIVIDUAL_ANNOTATOR_LOOP,with_mapper,subsample_30000,30000,13.3993099961336,134492
89,32,272,441,3.1142570078372955,179.36572265625,54.948603734374046,203.00244140625,201.78564453125,INDIVIDUAL_ANNOTATOR_LOOP,with_mapper,subsample_30000,30000,13.3993099961336,134492
90,32,410,506,3.2293200492858887,179.5703125,65.10456837713718,203.0048828125,201.7880859375,INDIVIDUAL_ANNOTATOR_LOOP,with_mapper,subsample_30000,30000,13.3993099961336,134492
91,32,308,436,3.431672230362892,179.77734375,54.326847195625305,203.00634765625,201.78662109375,INDIVIDUAL_ANNOTATOR_LOOP,with_mapper,subsample_30000,30000,13.3993099961336,134492
92,32,269,393,3.0928440392017365,179.98291015625,49.09156635403633,203.00341796875,201.77783203125,INDIVIDUAL_ANNOTATOR_LOOP,with_mapper,subsample_30000,30000,13.3993099961336,134492
93,32,314,428,3.156885504722595,180.181640625,53.19749563932419,202.99853515625,201.78564453125,INDIVIDUAL_ANNOTATOR_LOOP,with_mapper,subsample_30000,30000,13.3993099961336,134492
94,32,315,442,3.1420234590768814,180.38623046875,56.70381896197796,203.00439453125,201.78662109375,INDIVIDUAL_ANNOTATOR_LOOP,with_mapper,subsample_30000,30000,13.3993099961336,134492
95,32,249,383,3.088058903813362,180.591796875,47.966696321964264,203.00390625,201.779296875,INDIVIDUAL_ANNOTATOR_LOOP,with_mapper,subsample_30000,30000,13.3993099961336,134492
96,32,237,398,3.1362678855657578,180.791015625,49.58496242761612,202.99853515625,201.78076171875,INDIVIDUAL_ANNOTATOR_LOOP,with_mapper,subsample_30000,30000,13.3993099961336,134492
97,32,261,411,3.2254569232463837,180.99169921875,51.167333498597145,202.99951171875,201.78173828125,INDIVIDUAL_ANNOTATOR_LOOP,with_mapper,subsample_30000,30000,13.3993099961336,134492
98,32,310,431,3.188159316778183,181.193359375,53.525784984230995,203.00146484375,201.78564453125,INDIVIDUAL_ANNOTATOR_LOOP,with_mapper,subsample_30000,30000,13.3993099961336,134492
99,32,307,424,3.1577609479427338,181.39794921875,53.45761962234974,203.00341796875,201.78173828125,INDIVIDUAL_ANNOTATOR_LOOP,with_mapper,subsample_30000,30000,13.3993099961336,134492
100,32,448,526,3.293171525001526,181.599609375,65.65921753644943,203.00244140625,201.78759765625,INDIVIDUAL_ANNOTATOR_LOOP,with_mapper,subsample_30000,30000,13.3993099961336,134492
101,32,239,434,3.4199655055999756,181.80615234375,53.97001467645168,203.00537109375,201.78466796875,INDIVIDUAL_ANNOTATOR_LOOP,with_mapper,subsample_30000,30000,13.3993099961336,134492
102,32,253,417,3.1012240797281265,182.009765625,51.84306763112545,203.00341796875,201.78759765625,INDIVIDUAL_ANNOTATOR_LOOP,with_mapper,subsample_30000,30000,13.3993099961336,134492
103,32,241,391,3.084154799580574,182.21630859375,49.79625344276428,203.00537109375,201.78173828125,INDIVIDUAL_ANNOTATOR_LOOP,with_mapper,subsample_30000,30000,13.3993099961336,134492
104,32,335,440,3.149876371026039,182.41796875,55.483823642134666,203.00146484375,201.78662109375,INDIVIDUAL_ANNOTATOR_LOOP,with_mapper,subsample_30000,30000,13.3993099961336,134492
105,32,217,390,3.0700284987688065,182.62353515625,48.57174679636955,203.00341796875,201.77783203125,INDIVIDUAL_ANNOTATOR_LOOP,with_mapper,subsample_30000,30000,13.3993099961336,134492
106,32,334,453,3.1693018972873688,182.822265625,56.31622672080994,202.998046875,201.783203125,INDIVIDUAL_ANNOTATOR_LOOP,with_mapper,subsample_30000,30000,13.3993099961336,134492
107,32,254,413,3.1264834105968475,183.025390625,51.316503435373306,203.00244140625,201.78662109375,INDIVIDUAL_ANNOTATOR_LOOP,with_mapper,subsample_30000,30000,13.3993099961336,134492
108,32,249,383,3.0834004282951355,183.23095703125,47.51773178577423,203.00390625,201.779296875,INDIVIDUAL_ANNOTATOR_LOOP,with_mapper,subsample_30000,30000,13.3993099961336,134492
109,32,297,406,3.091009333729744,183.43017578125,50.653865560889244,202.99853515625,201.78173828125,INDIVIDUAL_ANNOTATOR_LOOP,with_mapper,subsample_30000,30000,13.3993099961336,134492
110,32,330,438,3.446059301495552,183.6318359375,54.465048015117645,203.00146484375,201.78564453125,INDIVIDUAL_ANNOTATOR_LOOP,with_mapper,subsample_30000,30000,13.3993099961336,134492
111,32,360,465,3.430863842368126,183.83642578125,57.94849805533886,203.0048828125,201.7880859375,INDIVIDUAL_ANNOTATOR_LOOP,with_mapper,subsample_30000,30000,13.3993099961336,134492
112,32,395,487,3.393871709704399,184.04345703125,60.80793961882591,203.0068359375,201.7880859375,INDIVIDUAL_ANNOTATOR_LOOP,with_mapper,subsample_30000,30000,13.3993099961336,134492
113,32,360,428,3.162618726491928,184.25048828125,53.733160719275475,203.00537109375,201.78173828125,INDIVIDUAL_ANNOTATOR_LOOP,with_mapper,subsample_30000,30000,13.3993099961336,134492
114,32,299,400,3.099631518125534,184.4521484375,49.86004903912544,203.00048828125,201.78173828125,INDIVIDUAL_ANNOTATOR_LOOP,with_mapper,subsample_30000,30000,13.3993099961336,134492
115,32,284,406,3.133213147521019,184.65380859375,50.99743232131004,203.00146484375,201.78662109375,INDIVIDUAL_ANNOTATOR_LOOP,with_mapper,subsample_30000,30000,13.3993099961336,134492
116,32,308,417,3.1152330338954926,184.859375,51.864225417375565,203.00537109375,201.78759765625,INDIVIDUAL_ANNOTATOR_LOOP,with_mapper,subsample_30000,30000,13.3993099961336,134492
117,32,234,407,3.0731763690710068,185.06591796875,50.79896189272404,203.00537109375,201.78173828125,INDIVIDUAL_ANNOTATOR_LOOP,with_mapper,subsample_30000,30000,13.3993099961336,134492
118,32,324,401,3.1172260642051697,185.267578125,50.464242696762085,203.00048828125,201.78271484375,INDIVIDUAL_ANNOTATOR_LOOP,with_mapper,subsample_30000,30000,13.3993099961336,134492
119,32,324,429,3.1571853905916214,185.47021484375,53.61624248325825,203.00146484375,201.78271484375,INDIVIDUAL_ANNOTATOR_LOOP,with_mapper,subsample_30000,30000,13.3993099961336,134492
120,32,255,385,3.4067127853631973,185.6728515625,48.549504950642586,203.00146484375,201.78076171875,INDIVIDUAL_ANNOTATOR_LOOP,with_mapper,subsample_30000,30000,13.3993099961336,134492
121,32,334,455,3.1485483050346375,185.87353515625,56.840213015675545,203.0009765625,201.787109375,INDIVIDUAL_ANNOTATOR_LOOP,with_mapper,subsample_30000,30000,13.3993099961336,134492
122,32,311,421,3.1292028725147247,186.07958984375,52.384672686457634,203.00537109375,201.78564453125,INDIVIDUAL_ANNOTATOR_LOOP,with_mapper,subsample_30000,30000,13.3993099961336,134492
123,32,344,487,3.1987596303224564,186.2841796875,60.59479899704456,203.0048828125,201.7861328125,INDIVIDUAL_ANNOTATOR_LOOP,with_mapper,subsample_30000,30000,13.3993099961336,134492
124,32,347,455,3.1751245260238647,186.4892578125,56.707365438342094,203.0048828125,201.78515625,INDIVIDUAL_ANNOTATOR_LOOP,with_mapper,subsample_30000,30000,13.3993099961336,134492
125,32,229,398,3.1424816697835922,186.693359375,49.35455322265625,203.00244140625,201.78076171875,INDIVIDUAL_ANNOTATOR_LOOP,with_mapper,subsample_30000,30000,13.3993099961336,134492
126,32,308,392,3.1234491616487503,186.89404296875,49.20602589845657,202.99951171875,201.78173828125,INDIVIDUAL_ANNOTATOR_LOOP,with_mapper,subsample_30000,30000,13.3993099961336,134492
127,32,319,419,3.1308773905038834,187.095703125,52.181098610162735,203.00146484375,201.78759765625,INDIVIDUAL_ANNOTATOR_LOOP,with_mapper,subsample_30000,30000,13.3993099961336,134492
128,32,351,452,3.1615737825632095,187.30224609375,56.117311120033264,203.0068359375,201.7861328125,INDIVIDUAL_ANNOTATOR_LOOP,with_mapper,subsample_30000,30000,13.3993099961336,134492
129,32,366,470,3.2175928354263306,187.50732421875,58.529848232865334,203.0048828125,201.787109375,INDIVIDUAL_ANNOTATOR_LOOP,with_mapper,subsample_30000,30000,13.3993099961336,134492
130,32,371,464,3.441382199525833,187.71337890625,58.48666466772556,203.005859375,201.7880859375,INDIVIDUAL_ANNOTATOR_LOOP,with_mapper,subsample_30000,30000,13.3993099961336,134492
131,32,340,462,3.178151324391365,187.92041015625,57.68801271915436,203.0068359375,201.7880859375,INDIVIDUAL_ANNOTATOR_LOOP,with_mapper,subsample_30000,30000,13.3993099961336,134492
132,32,377,498,3.200056031346321,188.12841796875,62.085118144750595,203.0078125,201.7900390625,INDIVIDUAL_ANNOTATOR_LOOP,with_mapper,subsample_30000,30000,13.3993099961336,134492
133,32,288,428,3.122972324490547,188.33544921875,53.11703495681286,203.00732421875,201.78662109375,INDIVIDUAL_ANNOTATOR_LOOP,with_mapper,subsample_30000,30000,13.3993099961336,134492
134,32,389,432,3.145899623632431,188.541015625,54.09662798047066,203.00537109375,201.78662109375,INDIVIDUAL_ANNOTATOR_LOOP,with_mapper,subsample_30000,30000,13.3993099961336,134492
135,32,358,466,3.2003019005060196,188.74658203125,58.25385823845863,203.005859375,201.7861328125,INDIVIDUAL_ANNOTATOR_LOOP,with_mapper,subsample_30000,30000,13.3993099961336,134492
136,32,282,414,3.0850712209939957,188.95166015625,51.600586622953415,203.00439453125,201.78662109375,INDIVIDUAL_ANNOTATOR_LOOP,with_mapper,subsample_30000,30000,13.3993099961336,134492
137,32,383,477,3.200255334377289,189.1572265625,59.894900768995285,203.005859375,201.787109375,INDIVIDUAL_ANNOTATOR_LOOP,with_mapper,subsample_30000,30000,13.3993099961336,134492
138,32,372,474,3.187835216522217,189.36328125,59.08389762043953,203.005859375,201.78515625,INDIVIDUAL_ANNOTATOR_LOOP,with_mapper,subsample_30000,30000,13.3993099961336,134492
139,32,317,460,3.1344853341579437,189.5673828125,56.9933895021677,203.0029296875,201.783203125,INDIVIDUAL_ANNOTATOR_LOOP,with_mapper,subsample_30000,30000,13.3993099961336,134492
140,32,263,366,3.320746123790741,189.7705078125,46.243941411376,203.0,201.77734375,INDIVIDUAL_ANNOTATOR_LOOP,with_mapper,subsample_30000,30000,13.3993099961336,134492
141,32,349,449,3.17329540848732,189.96875,55.9272225946188,202.9990234375,201.78515625,INDIVIDUAL_ANNOTATOR_LOOP,with_mapper,subsample_30000,30000,13.3993099961336,134492
142,32,284,423,3.196675330400467,190.1728515625,52.70742066204548,203.00341796875,201.78759765625,INDIVIDUAL_ANNOTATOR_LOOP,with_mapper,subsample_30000,30000,13.3993099961336,134492
143,32,232,387,3.0561964958906174,190.37939453125,48.36684837937355,203.00439453125,201.77783203125,INDIVIDUAL_ANNOTATOR_LOOP,with_mapper,subsample_30000,30000,13.3993099961336,134492
144,32,344,453,3.1462106853723526,190.578125,56.289779022336006,202.9990234375,201.7880859375,INDIVIDUAL_ANNOTATOR_LOOP,with_mapper,subsample_30000,30000,13.3993099961336,134492
145,32,276,430,3.127705305814743,190.78515625,53.710803389549255,203.00634765625,201.78564453125,INDIVIDUAL_ANNOTATOR_LOOP,with_mapper,subsample_30000,30000,13.3993099961336,134492
146,32,310,421,3.209739923477173,190.98974609375,52.53598093986511,203.00341796875,201.78271484375,INDIVIDUAL_ANNOTATOR_LOOP,with_mapper,subsample_30000,30000,13.3993099961336,134492
147,32,250,389,3.0747298151254654,191.1923828125,48.583244904875755,203.00146484375,201.78173828125,INDIVIDUAL_ANNOTATOR_LOOP,with_mapper,subsample_30000,30000,13.3993099961336,134492
148,32,241,396,3.0609462410211563,191.39404296875,49.54606667160988,203.00048828125,201.78173828125,INDIVIDUAL_ANNOTATOR_LOOP,with_mapper,subsample_30000,30000,13.3993099961336,134492
149,32,309,427,3.1001754105091095,191.595703125,53.51126380264759,203.00146484375,201.78466796875,INDIVIDUAL_ANNOTATOR_LOOP,with_mapper,subsample_30000,30000,13.3993099961336,134492
150,32,231,403,3.357294946908951,191.79931640625,50.0456839799881,203.00244140625,201.78173828125,INDIVIDUAL_ANNOTATOR_LOOP,with_mapper,subsample_30000,30000,13.3993099961336,134492
151,32,336,425,3.123972564935684,192.0009765625,54.23256382346153,203.00048828125,201.78173828125,INDIVIDUAL_ANNOTATOR_LOOP,with_mapper,subsample_30000,30000,13.3993099961336,134492
152,32,370,466,3.1750425696372986,192.20263671875,59.2587161809206,203.001953125,201.787109375,INDIVIDUAL_ANNOTATOR_LOOP,with_mapper,subsample_30000,30000,13.3993099961336,134492
153,32,307,461,3.1322669237852097,192.40869140625,57.31565319001675,203.005859375,201.787109375,INDIVIDUAL_ANNOTATOR_LOOP,with_mapper,subsample_30000,30000,13.3993099961336,134492
154,32,312,419,3.0917488038539886,192.61474609375,52.16037482023239,203.00537109375,201.78662109375,INDIVIDUAL_ANNOTATOR_LOOP,with_mapper,subsample_30000,30000,13.3993099961336,134492
155,32,420,465,3.2630208879709244,192.8203125,57.77758173644543,203.005859375,201.78515625,INDIVIDUAL_ANNOTATOR_LOOP,with_mapper,subsample_30000,30000,13.3993099961336,134492
156,32,297,416,3.108978271484375,193.0244140625,51.835695281624794,203.00341796875,201.78662109375,INDIVIDUAL_ANNOTATOR_LOOP,with_mapper,subsample_30000,30000,13.3993099961336,134492
157,32,301,423,3.0967071652412415,193.22998046875,52.60967276990414,203.00537109375,201.78564453125,INDIVIDUAL_ANNOTATOR_LOOP,with_mapper,subsample_30000,30000,13.3993099961336,134492
158,32,357,444,3.1262990087270737,193.4345703125,55.15235476195812,203.00439453125,201.78662109375,INDIVIDUAL_ANNOTATOR_LOOP,with_mapper,subsample_30000,30000,13.3993099961336,134492
159,32,347,443,3.4909434616565704,193.64013671875,55.16967922449112,203.00439453125,201.78271484375,INDIVIDUAL_ANNOTATOR_LOOP,with_mapper,subsample_30000,30000,13.3993099961336,134492
160,32,311,406,3.1048860400915146,193.8427734375,50.93359760940075,203.00146484375,201.78271484375,INDIVIDUAL_ANNOTATOR_LOOP,with_mapper,subsample_30000,30000,13.3993099961336,134492
161,32,357,449,3.13657708466053,194.04541015625,55.96693977713585,203.0029296875,201.7880859375,INDIVIDUAL_ANNOTATOR_LOOP,with_mapper,subsample_30000,30000,13.3993099961336,134492
162,32,268,407,3.082429990172386,194.25244140625,50.80593749880791,203.00634765625,201.78662109375,INDIVIDUAL_ANNOTATOR_LOOP,with_mapper,subsample_30000,30000,13.3993099961336,134492
163,32,287,416,3.080936148762703,194.4580078125,51.698626950383186,203.00439453125,201.78173828125,INDIVIDUAL_ANNOTATOR_LOOP,with_mapper,subsample_30000,30000,13.3993099961336,134492
164,32,279,391,3.081347793340683,194.65966796875,48.997629433870316,203.00048828125,201.78076171875,INDIVIDUAL_ANNOTATOR_LOOP,with_mapper,subsample_30000,30000,13.3993099961336,134492
165,32,385,440,3.15009243786335,194.8603515625,57.75334686040878,203.00048828125,201.78466796875,INDIVIDUAL_ANNOTATOR_LOOP,with_mapper,subsample_30000,30000,13.3993099961336,134492
166,32,318,450,3.1346436589956284,195.06494140625,58.76924656331539,203.0048828125,201.7900390625,INDIVIDUAL_ANNOTATOR_LOOP,with_mapper,subsample_30000,30000,13.3993099961336,134492
167,32,314,430,3.1259767711162567,195.27197265625,53.72748523950577,203.00732421875,201.78466796875,INDIVIDUAL_ANNOTATOR_LOOP,with_mapper,subsample_30000,30000,13.3993099961336,134492
168,32,346,419,3.1286217272281647,195.4755859375,52.25230194628239,203.00341796875,201.78564453125,INDIVIDUAL_ANNOTATOR_LOOP,with_mapper,subsample_30000,30000,13.3993099961336,134492
169,32,315,431,3.3947359770536423,195.68017578125,54.219676181674004,203.00439453125,201.78564453125,INDIVIDUAL_ANNOTATOR_LOOP,with_mapper,subsample_30000,30000,13.3993099961336,134492
170,32,328,448,3.135720267891884,195.884765625,55.75737915933132,203.00439453125,201.78466796875,INDIVIDUAL_ANNOTATOR_LOOP,with_mapper,subsample_30000,30000,13.3993099961336,134492
171,32,334,453,3.1688623130321503,196.08935546875,56.44650384783745,203.0048828125,201.7900390625,INDIVIDUAL_ANNOTATOR_LOOP,with_mapper,subsample_30000,30000,13.3993099961336,134492
172,32,314,444,3.138449043035507,196.29638671875,55.33323623239994,203.00634765625,201.78271484375,INDIVIDUAL_ANNOTATOR_LOOP,with_mapper,subsample_30000,30000,13.3993099961336,134492
173,32,315,428,3.110608085989952,196.4990234375,53.3557441085577,203.00146484375,201.78173828125,INDIVIDUAL_ANNOTATOR_LOOP,with_mapper,subsample_30000,30000,13.3993099961336,134492
174,32,289,424,3.1267162412405014,196.70068359375,53.010111674666405,203.00048828125,201.78173828125,INDIVIDUAL_ANNOTATOR_LOOP,with_mapper,subsample_30000,30000,13.3993099961336,134492
175,32,328,454,3.1316708773374557,196.90234375,56.53437599539757,203.001953125,201.7861328125,INDIVIDUAL_ANNOTATOR_LOOP,with_mapper,subsample_30000,30000,13.3993099961336,134492
176,32,271,406,3.071337938308716,197.107421875,50.678109750151634,203.00341796875,201.78271484375,INDIVIDUAL_ANNOTATOR_LOOP,with_mapper,subsample_30000,30000,13.3993099961336,134492
177,32,371,489,3.2055042684078217,197.31005859375,61.27907149493694,203.0029296875,201.7880859375,INDIVIDUAL_ANNOTATOR_LOOP,with_mapper,subsample_30000,30000,13.3993099961336,134492
178,32,293,435,3.191830590367317,197.51708984375,54.04599942266941,203.00537109375,201.78173828125,INDIVIDUAL_ANNOTATOR_LOOP,with_mapper,subsample_30000,30000,13.3993099961336,134492
179,32,252,393,3.3504515886306763,197.71875,49.25185441970825,203.00048828125,201.78173828125,INDIVIDUAL_ANNOTATOR_LOOP,with_mapper,subsample_30000,30000,13.3993099961336,134492
180,32,271,396,3.0765794217586517,197.92041015625,49.44964870810509,203.00048828125,201.78173828125,INDIVIDUAL_ANNOTATOR_LOOP,with_mapper,subsample_30000,30000,13.3993099961336,134492
181,32,290,429,3.1210798770189285,198.12255859375,53.30266430974007,203.00244140625,201.78955078125,INDIVIDUAL_ANNOTATOR_LOOP,with_mapper,subsample_30000,30000,13.3993099961336,134492
182,32,297,432,3.11080738902092,198.32958984375,53.862327709794044,203.00634765625,201.78271484375,INDIVIDUAL_ANNOTATOR_LOOP,with_mapper,subsample_30000,30000,13.3993099961336,134492
183,32,241,414,6.935041397809982,198.5322265625,51.25662125647068,203.00244140625,201.78466796875,INDIVIDUAL_ANNOTATOR_LOOP,with_mapper,subsample_30000,30000,13.3993099961336,134492
184,32,294,416,3.1053684651851654,198.73583984375,51.89215764403343,203.00244140625,201.78173828125,INDIVIDUAL_ANNOTATOR_LOOP,with_mapper,subsample_30000,30000,13.3993099961336,134492
185,32,266,414,3.0804742127656937,198.9375,51.521820947527885,203.00146484375,201.78564453125,INDIVIDUAL_ANNOTATOR_LOOP,with_mapper,subsample_30000,30000,13.3993099961336,134492
186,32,264,393,3.0725225806236267,199.14208984375,49.118369817733765,203.00341796875,201.78076171875,INDIVIDUAL_ANNOTATOR_LOOP,with_mapper,subsample_30000,30000,13.3993099961336,134492
187,32,221,381,3.038734197616577,199.3427734375,47.45571315288544,202.998046875,201.77734375,INDIVIDUAL_ANNOTATOR_LOOP,with_mapper,subsample_30000,30000,13.3993099961336,134492
188,32,296,422,3.0816588550806046,199.541015625,52.667271345853806,202.99853515625,201.78466796875,INDIVIDUAL_ANNOTATOR_LOOP,with_mapper,subsample_30000,30000,13.3993099961336,134492
189,32,293,406,3.3507775515317917,199.74462890625,50.775544717907906,203.00244140625,201.78076171875,INDIVIDUAL_ANNOTATOR_LOOP,with_mapper,subsample_30000,30000,13.3993099961336,134492
190,32,279,411,3.080541267991066,199.9453125,51.19483917951584,202.99951171875,201.78173828125,INDIVIDUAL_ANNOTATOR_LOOP,with_mapper,subsample_30000,30000,13.3993099961336,134492
191,32,256,401,3.068499267101288,200.14697265625,49.91464875638485,203.00048828125,201.78173828125,INDIVIDUAL_ANNOTATOR_LOOP,with_mapper,subsample_30000,30000,13.3993099961336,134492
192,32,323,435,3.132712095975876,200.34912109375,54.40254509449005,203.00244140625,201.78955078125,INDIVIDUAL_ANNOTATOR_LOOP,with_mapper,subsample_30000,30000,13.3993099961336,134492
193,32,265,414,3.1861532479524612,200.55615234375,51.48300342261791,203.00634765625,201.78076171875,INDIVIDUAL_ANNOTATOR_LOOP,with_mapper,subsample_30000,30000,13.3993099961336,134492
194,32,336,431,3.2430458813905716,200.7568359375,54.00812439620495,203.00048828125,201.78564453125,INDIVIDUAL_ANNOTATOR_LOOP,with_mapper,subsample_30000,30000,13.3993099961336,134492
195,32,345,459,3.137616440653801,200.96142578125,57.05101974308491,203.0048828125,201.787109375,INDIVIDUAL_ANNOTATOR_LOOP,with_mapper,subsample_30000,30000,13.3993099961336,134492
196,32,292,425,3.132252022624016,201.16748046875,52.656061947345734,203.00439453125,201.78271484375,INDIVIDUAL_ANNOTATOR_LOOP,with_mapper,subsample_30000,30000,13.3993099961336,134492
197,32,253,374,3.029361367225647,201.3701171875,47.05193266272545,203.0,201.77734375,INDIVIDUAL_ANNOTATOR_LOOP,with_mapper,subsample_30000,30000,13.3993099961336,134492
198,32,279,422,3.0933544039726257,201.568359375,52.37181298434734,202.99853515625,201.78466796875,INDIVIDUAL_ANNOTATOR_LOOP,with_mapper,subsample_30000,30000,13.3993099961336,134492
199,32,351,444,3.384595736861229,201.77197265625,55.002570152282715,203.00341796875,201.78564453125,INDIVIDUAL_ANNOTATOR_LOOP,with_mapper,subsample_30000,30000,13.3993099961336,134492
